temperature_c,humidity_percent,moisture_level,air_quality_adc,co2_ppm,light_level,motion_detected,voc_ppb,timestamp,risk_status,risk,reason_of_risk,action_plan
20,65.9,50.1,574.9,624.5,34.1,0,289.5,1.1.25 00:00,0,no,no,No action required.
32.4,72.2,49.4,771.7,727.5,421.8,0,317.1,1.1.25 00:01,1,"High Temperature, Poor Air Quality, Unexpected Light Level","Risk of product degradation and Color may change, risk of Possible dust or smoke, Risk-Color may change","Increase ventilation/cooling., Ventilate and check air filters., Cover cinnamon stock with opaque sheets"
24.5,74.8,49.6,401.9,466.2,132.1,0,80.3,1.1.25 00:02,0,no,no,No action required.
23.5,65.8,48.1,340.2,578.7,58.7,0,371.2,1.1.25 00:03,0,no,no,No action required.
19.7,69.1,46.8,469.5,492.6,40,0,168.2,1.1.25 00:04,2,Low Temperature,Risk of condensation during temperature fluctuation,Stabilize temperature gradually and improve storage insulation.
24.4,82.5,52.5,593.7,617,53.6,0,285.1,1.1.25 00:05,0,no,no,No action required.
23.7,72.7,46.5,500.5,661.3,125.5,0,33.7,1.1.25 00:06,0,no,no,No action required.
23.7,72.9,50.3,439.3,724.6,55.8,0,497.4,1.1.25 00:07,0,no,no,No action required.
10.4,77.1,49.5,310,582.9,17.4,0,71.7,1.1.25 00:08,2,"Low Temperature, Very Low Light Level","Risk of condensation during temperature fluctuation, Risk of hidden defects and inspection difficulty","Stabilize temperature gradually and improve storage insulation., Enable controlled low-intensity inspection lighting periodically."
20.6,61.3,48.4,542.9,630.2,33.5,0,497.3,1.1.25 00:09,0,no,no,No action required.
21.3,64,47.8,567.8,572.9,76.6,0,187,1.1.25 00:10,0,no,no,No action required.
21.4,93,53.4,794.3,1358,173.7,1,340,1.1.25 00:11,1,"High Humidity, Poor Air Quality, High CO₂ Level, Motion Detected, Unexpected Light Level","Risk of mold, risk of Possible dust or smoke, risk of Poor ventilation, risk of pests, Risk-Color may change","Activate dehumidifier., Ventilate and check air filters., Improve airflow/ventilation., Check premises immediately., Cover cinnamon stock with opaque sheets"
20.7,46.1,54.6,111.6,509.6,113.3,0,21.3,1.1.25 00:12,2,"Low Humidity, Very Low Air Quality Reading","Risk of over-drying and aroma loss, Risk of sensor malfunction or false safety indication","Reduce dehumidifier usage and slightly increase ambient humidity., Inspect, clean, and recalibrate air quality sensors."
22.2,77,76.2,485.7,546.7,60.4,0,243.5,1.1.25 00:13,1,High Moisture Level,Risk of spoilage,Investigate leaks and dry area.
22.6,67.2,53.2,491.2,604,106.8,0,297.8,1.1.25 00:14,0,no,no,No action required.
11.2,83.2,30.7,506.9,478,33.8,0,417.2,1.1.25 00:15,2,"Low Moisture Level, Low Temperature","Risk of excessive dryness and weight loss, Risk of condensation during temperature fluctuation","Balance humidity levels and avoid direct airflow on cinnamon stock., Stabilize temperature gradually and improve storage insulation."
22.5,80.7,46,331.2,356.3,9.7,0,79,1.1.25 00:16,2,"Low CO₂ Level, Very Low Light Level","Risk of excessive ventilation and energy wastage, Risk of hidden defects and inspection difficulty","Reduce ventilation intensity and maintain balanced airflow., Enable controlled low-intensity inspection lighting periodically."
24.8,75.9,51.2,625.3,497.3,124.3,1,203.4,1.1.25 00:17,1,"Poor Air Quality, Motion Detected","risk of Possible dust or smoke, risk of pests","Ventilate and check air filters., Check premises immediately."
22.9,80.6,45.3,561.2,762.2,20.8,0,137,1.1.25 00:18,0,no,no,No action required.
20.6,71.2,54.2,533.5,555.6,111,0,291.6,1.1.25 00:19,0,no,no,No action required.
20.3,64.1,78.8,312.6,808.2,382.6,0,214.2,1.1.25 00:20,1,"High Moisture Level, High CO₂ Level, Unexpected Light Level","Risk of spoilage, risk of Poor ventilation, Risk-Color may change","Investigate leaks and dry area., Improve airflow/ventilation., Cover cinnamon stock with opaque sheets"
23.2,80.5,50.6,445.2,557.8,131,0,440.2,1.1.25 00:21,0,no,no,No action required.
22.3,75.9,53.3,492.2,646.2,34.9,1,404.4,1.1.25 00:22,1,Motion Detected,risk of pests,Check premises immediately.
35.4,80.9,54.6,863.5,716.1,211.8,0,188,1.1.25 00:23,1,"High Temperature, Poor Air Quality, Unexpected Light Level","Risk of product degradation and Color may change, risk of Possible dust or smoke, Risk-Color may change","Increase ventilation/cooling., Ventilate and check air filters., Cover cinnamon stock with opaque sheets"
20.1,72.7,50.6,545.7,605.6,21.4,0,24.7,1.1.25 00:24,0,no,no,No action required.
22.1,85.4,47,383.4,1270.7,31.9,1,48,1.1.25 00:25,1,"High Humidity, High CO₂ Level, Motion Detected","Risk of mold, risk of Poor ventilation, risk of pests","Activate dehumidifier., Improve airflow/ventilation., Check premises immediately."
20.5,84.7,50.6,848.9,1095.3,93.4,0,233.5,1.1.25 00:26,1,"Poor Air Quality, High CO₂ Level","risk of Possible dust or smoke, risk of Poor ventilation","Ventilate and check air filters., Improve airflow/ventilation."
15.2,80.3,52.3,547.4,403.1,86.5,0,149,1.1.25 00:27,2,Low Temperature,Risk of condensation during temperature fluctuation,Stabilize temperature gradually and improve storage insulation.
24.3,81.1,46.7,432,625.9,114.9,0,201.7,1.1.25 00:28,0,no,no,No action required.
23.3,92.4,58.7,642.1,1391.9,146.7,1,5.8,1.1.25 00:29,1,"High Humidity, High Moisture Level, Poor Air Quality, High CO₂ Level, Motion Detected","Risk of mold, Risk of spoilage, risk of Possible dust or smoke, risk of Poor ventilation, risk of pests","Activate dehumidifier., Investigate leaks and dry area., Ventilate and check air filters., Improve airflow/ventilation., Check premises immediately."
20.1,83.7,54.7,403.5,657.1,31.3,0,19.6,1.1.25 00:30,0,no,no,No action required.
22.6,72.5,50.9,327.5,781.4,48.1,0,98.4,1.1.25 00:31,0,no,no,No action required.
23.2,61,50.3,564.2,595.1,71.5,0,422.8,1.1.25 00:32,0,no,no,No action required.
20.5,58.7,41.1,298.7,725.4,21.2,0,309.7,1.1.25 00:33,2,"Low Humidity, Low Moisture Level, Very Low Air Quality Reading","Risk of over-drying and aroma loss, Risk of excessive dryness and weight loss, Risk of sensor malfunction or false safety indication","Reduce dehumidifier usage and slightly increase ambient humidity., Balance humidity levels and avoid direct airflow on cinnamon stock., Inspect, clean, and recalibrate air quality sensors."
24.7,74.2,50.8,174.3,398.4,130.9,0,52.8,1.1.25 00:34,2,"Very Low Air Quality Reading, Low CO₂ Level","Risk of sensor malfunction or false safety indication, Risk of excessive ventilation and energy wastage","Inspect, clean, and recalibrate air quality sensors., Reduce ventilation intensity and maintain balanced airflow."
31.4,63.7,52.9,701.7,477.1,29.9,0,21.5,1.1.25 00:35,1,"High Temperature, Poor Air Quality","Risk of product degradation and Color may change, risk of Possible dust or smoke","Increase ventilation/cooling., Ventilate and check air filters."
22.3,63.7,45.5,564.9,454,143,0,211.8,1.1.25 00:36,0,no,no,No action required.
24.9,81,30.1,586.1,547.6,113.7,0,6,1.1.25 00:37,2,Low Moisture Level,Risk of excessive dryness and weight loss,Balance humidity levels and avoid direct airflow on cinnamon stock.
21.9,95.6,49.3,456.4,1128.1,65.6,1,345.3,1.1.25 00:38,1,"High Humidity, High CO₂ Level, Motion Detected","Risk of mold, risk of Poor ventilation, risk of pests","Activate dehumidifier., Improve airflow/ventilation., Check premises immediately."
21.8,74.5,50.5,460.5,804.2,406.4,0,212.6,1.1.25 00:39,1,"High CO₂ Level, Unexpected Light Level","risk of Poor ventilation, Risk-Color may change","Improve airflow/ventilation., Cover cinnamon stock with opaque sheets"
20.3,82.3,49.4,468.5,656.5,16.7,0,493.2,1.1.25 00:40,2,Very Low Light Level,Risk of hidden defects and inspection difficulty,Enable controlled low-intensity inspection lighting periodically.
28.4,88,67.2,513.8,1153.1,37.3,0,215.3,1.1.25 00:41,1,"High Humidity, High Moisture Level, High Temperature, High CO₂ Level","Risk of mold, Risk of spoilage, Risk of product degradation and Color may change, risk of Poor ventilation","Activate dehumidifier., Investigate leaks and dry area., Increase ventilation/cooling., Improve airflow/ventilation."
28.8,78.3,50.7,417.6,801.1,59.8,1,432.6,1.1.25 00:42,1,"High Temperature, High CO₂ Level, Motion Detected","Risk of product degradation and Color may change, risk of Poor ventilation, risk of pests","Increase ventilation/cooling., Improve airflow/ventilation., Check premises immediately."
23.8,96.5,54.2,325.5,654.2,96.5,0,232,1.1.25 00:43,1,High Humidity,Risk of mold,Activate dehumidifier.
13.6,79,52.9,472.7,364.4,7.6,0,248,1.1.25 00:44,2,"Low Temperature, Low CO₂ Level, Very Low Light Level","Risk of condensation during temperature fluctuation, Risk of excessive ventilation and energy wastage, Risk of hidden defects and inspection difficulty","Stabilize temperature gradually and improve storage insulation., Reduce ventilation intensity and maintain balanced airflow., Enable controlled low-intensity inspection lighting periodically."
22,66,53.1,185.5,635.1,144,0,72,1.1.25 00:45,2,Very Low Air Quality Reading,Risk of sensor malfunction or false safety indication,"Inspect, clean, and recalibrate air quality sensors."
20.3,65.6,52.6,326.3,382.2,17.1,0,417.3,1.1.25 00:46,2,"Low CO₂ Level, Very Low Light Level","Risk of excessive ventilation and energy wastage, Risk of hidden defects and inspection difficulty","Reduce ventilation intensity and maintain balanced airflow., Enable controlled low-intensity inspection lighting periodically."
32.1,87.2,56.8,812.8,737.5,100,1,258,1.1.25 00:47,1,"High Humidity, High Moisture Level, High Temperature, Poor Air Quality, Motion Detected","Risk of mold, Risk of spoilage, Risk of product degradation and Color may change, risk of Possible dust or smoke, risk of pests","Activate dehumidifier., Investigate leaks and dry area., Increase ventilation/cooling., Ventilate and check air filters., Check premises immediately."
37.3,69.8,48.5,680.2,467.9,59.7,0,72.5,1.1.25 00:48,1,"High Temperature, Poor Air Quality","Risk of product degradation and Color may change, risk of Possible dust or smoke","Increase ventilation/cooling., Ventilate and check air filters."
24,68.6,53.2,427.2,735.6,40.4,0,134.9,1.1.25 00:49,0,no,no,No action required.
22.7,58.1,40.9,288.5,454.7,52,0,191.8,1.1.25 00:50,2,"Low Humidity, Low Moisture Level, Very Low Air Quality Reading","Risk of over-drying and aroma loss, Risk of excessive dryness and weight loss, Risk of sensor malfunction or false safety indication","Reduce dehumidifier usage and slightly increase ambient humidity., Balance humidity levels and avoid direct airflow on cinnamon stock., Inspect, clean, and recalibrate air quality sensors."
21.3,65.5,48.4,311.2,761.8,146.1,0,101,1.1.25 00:51,0,no,no,No action required.
20.5,82.4,45.3,502.6,436.2,49.3,0,64.7,1.1.25 00:52,0,no,no,No action required.
22.1,80.9,49,569.5,492.6,52.2,0,370.5,1.1.25 00:53,0,no,no,No action required.
32.9,81,50.3,475.1,1226.6,126.5,0,439.4,1.1.25 00:54,1,"High Temperature, High CO₂ Level","Risk of product degradation and Color may change, risk of Poor ventilation","Increase ventilation/cooling., Improve airflow/ventilation."
21.1,72.4,79.5,313.1,688.6,355,0,438.4,1.1.25 00:55,1,"High Moisture Level, Unexpected Light Level","Risk of spoilage, Risk-Color may change","Investigate leaks and dry area., Cover cinnamon stock with opaque sheets"
20.9,84.1,47.8,373.8,592.6,46.4,0,89.4,1.1.25 00:56,0,no,no,No action required.
22,32.9,44.1,332.6,464.9,54.2,0,23.1,1.1.25 00:57,2,"Low Humidity, Low Moisture Level","Risk of over-drying and aroma loss, Risk of excessive dryness and weight loss","Reduce dehumidifier usage and slightly increase ambient humidity., Balance humidity levels and avoid direct airflow on cinnamon stock."
21.7,64.7,65.2,356.4,734.3,86.3,0,47.7,1.1.25 00:58,1,High Moisture Level,Risk of spoilage,Investigate leaks and dry area.
24.6,73.1,47.2,400.8,1193.2,125.8,0,92.6,1.1.25 00:59,1,High CO₂ Level,risk of Poor ventilation,Improve airflow/ventilation.
24.2,75.8,53.3,371.4,454.6,135.2,0,374.9,1.1.25 01:00,0,no,no,No action required.
20.4,65.8,51.8,518.4,610.2,29.3,0,314.9,1.1.25 01:01,0,no,no,No action required.
21.1,60.3,52.1,445.7,312.8,26.5,0,435.6,1.1.25 01:02,2,Low CO₂ Level,Risk of excessive ventilation and energy wastage,Reduce ventilation intensity and maintain balanced airflow.
24.4,74.6,45.4,263.2,565.5,44.9,0,319.6,1.1.25 01:03,2,Very Low Air Quality Reading,Risk of sensor malfunction or false safety indication,"Inspect, clean, and recalibrate air quality sensors."
20.5,46.4,41.4,160.3,761.2,96.5,0,287.8,1.1.25 01:04,2,"Low Humidity, Low Moisture Level, Very Low Air Quality Reading","Risk of over-drying and aroma loss, Risk of excessive dryness and weight loss, Risk of sensor malfunction or false safety indication","Reduce dehumidifier usage and slightly increase ambient humidity., Balance humidity levels and avoid direct airflow on cinnamon stock., Inspect, clean, and recalibrate air quality sensors."
24.3,84.7,47,304,521.8,94.3,1,223.5,1.1.25 01:05,1,Motion Detected,risk of pests,Check premises immediately.
28.9,66.8,75.2,723.7,1409.7,266.4,1,76,1.1.25 01:06,1,"High Moisture Level, High Temperature, Poor Air Quality, High CO₂ Level, Motion Detected, Unexpected Light Level","Risk of spoilage, Risk of product degradation and Color may change, risk of Possible dust or smoke, risk of Poor ventilation, risk of pests, Risk-Color may change","Investigate leaks and dry area., Increase ventilation/cooling., Ventilate and check air filters., Improve airflow/ventilation., Check premises immediately., Cover cinnamon stock with opaque sheets"
21.3,78.2,50.9,387.8,582.6,48.3,0,110.4,1.1.25 01:07,0,no,no,No action required.
39.9,61.6,56.7,428.7,438.8,94.4,0,304.6,1.1.25 01:08,1,"High Moisture Level, High Temperature","Risk of spoilage, Risk of product degradation and Color may change","Investigate leaks and dry area., Increase ventilation/cooling."
23.9,72.1,51.9,523,761.1,45.5,0,440.8,1.1.25 01:09,0,no,no,No action required.
24.2,69.2,51.9,496.3,496.6,36,0,268.3,1.1.25 01:10,0,no,no,No action required.
20.1,84.9,54.4,308.8,690.5,50,0,498.1,1.1.25 01:11,0,no,no,No action required.
16.4,63.2,54,527,414.7,29.5,0,481.4,1.1.25 01:12,2,Low Temperature,Risk of condensation during temperature fluctuation,Stabilize temperature gradually and improve storage insulation.
23.3,72,77.8,873.2,588.9,45.5,0,267.9,1.1.25 01:13,1,"High Moisture Level, Poor Air Quality","Risk of spoilage, risk of Possible dust or smoke","Investigate leaks and dry area., Ventilate and check air filters."
22.9,76.2,47.6,454.4,674.8,121.1,0,4.2,1.1.25 01:14,0,no,no,No action required.
21.8,75.2,48.6,533.4,463.4,1.3,0,436.4,1.1.25 01:15,2,Very Low Light Level,Risk of hidden defects and inspection difficulty,Enable controlled low-intensity inspection lighting periodically.
17,50.7,47.2,447.3,614.6,90.3,0,138,1.1.25 01:16,2,"Low Humidity, Low Temperature","Risk of over-drying and aroma loss, Risk of condensation during temperature fluctuation","Reduce dehumidifier usage and slightly increase ambient humidity., Stabilize temperature gradually and improve storage insulation."
18.7,74.1,53.3,165.7,506.3,90,0,117.9,1.1.25 01:17,2,"Low Temperature, Very Low Air Quality Reading","Risk of condensation during temperature fluctuation, Risk of sensor malfunction or false safety indication","Stabilize temperature gradually and improve storage insulation., Inspect, clean, and recalibrate air quality sensors."
39.5,80.7,48.2,803.9,736.6,424.8,0,375.3,1.1.25 01:18,1,"High Temperature, Poor Air Quality, Unexpected Light Level","Risk of product degradation and Color may change, risk of Possible dust or smoke, Risk-Color may change","Increase ventilation/cooling., Ventilate and check air filters., Cover cinnamon stock with opaque sheets"
23,92.6,48.4,447.4,847.4,83.8,1,451.3,1.1.25 01:19,1,"High Humidity, High CO₂ Level, Motion Detected","Risk of mold, risk of Poor ventilation, risk of pests","Activate dehumidifier., Improve airflow/ventilation., Check premises immediately."
20.8,40.3,43.3,423.2,730.1,74.9,0,285.4,1.1.25 01:20,2,"Low Humidity, Low Moisture Level","Risk of over-drying and aroma loss, Risk of excessive dryness and weight loss","Reduce dehumidifier usage and slightly increase ambient humidity., Balance humidity levels and avoid direct airflow on cinnamon stock."
24.6,77.3,40.9,593,599.7,106.6,0,349.5,1.1.25 01:21,2,Low Moisture Level,Risk of excessive dryness and weight loss,Balance humidity levels and avoid direct airflow on cinnamon stock.
24.4,73,64,552.4,554.8,183.8,0,247.7,1.1.25 01:22,1,"High Moisture Level, Unexpected Light Level","Risk of spoilage, Risk-Color may change","Investigate leaks and dry area., Cover cinnamon stock with opaque sheets"
24.6,80.6,54.5,314.6,433.6,47.7,0,269.8,1.1.25 01:23,0,no,no,No action required.
27.4,94.7,53.7,353.1,1328,82,0,335,1.1.25 01:24,1,"High Humidity, High Temperature, High CO₂ Level","Risk of mold, Risk of product degradation and Color may change, risk of Poor ventilation","Activate dehumidifier., Increase ventilation/cooling., Improve airflow/ventilation."
24.2,75.2,46,257.4,661.6,56.1,0,417.7,1.1.25 01:25,2,Very Low Air Quality Reading,Risk of sensor malfunction or false safety indication,"Inspect, clean, and recalibrate air quality sensors."
23.3,67.5,54.7,370.1,401.9,27.4,0,165.1,1.1.25 01:26,0,no,no,No action required.
21.6,77,53.1,575.1,405.9,132.8,0,60.6,1.1.25 01:27,0,no,no,No action required.
21.4,80.2,54.8,342.3,426.3,120.8,1,285.9,1.1.25 01:28,1,Motion Detected,risk of pests,Check premises immediately.
23.1,80.7,47.9,419.7,443.8,143,0,122.9,1.1.25 01:29,0,no,no,No action required.
21.8,83.8,46.2,184.6,441,24.7,0,263.6,1.1.25 01:30,2,Very Low Air Quality Reading,Risk of sensor malfunction or false safety indication,"Inspect, clean, and recalibrate air quality sensors."
36.7,62,46.7,529.5,472.4,55.6,0,350.1,1.1.25 01:31,1,High Temperature,Risk of product degradation and Color may change,Increase ventilation/cooling.
24.3,71.9,45.4,323.6,632.9,103.5,0,316,1.1.25 01:32,0,no,no,No action required.
22.1,74.6,49.1,305.2,409,72.2,0,390.9,1.1.25 01:33,0,no,no,No action required.
20.5,78.7,47.5,332.7,743.8,100.4,0,457.5,1.1.25 01:34,0,no,no,No action required.
18.9,64.6,46.1,112.6,343.2,97.6,0,79.7,1.1.25 01:35,2,"Low Temperature, Very Low Air Quality Reading, Low CO₂ Level","Risk of condensation during temperature fluctuation, Risk of sensor malfunction or false safety indication, Risk of excessive ventilation and energy wastage","Stabilize temperature gradually and improve storage insulation., Inspect, clean, and recalibrate air quality sensors., Reduce ventilation intensity and maintain balanced airflow."
21.3,79.1,54.8,404.9,665.6,129.2,0,75.2,1.1.25 01:36,0,no,no,No action required.
21.4,91.3,54,834.9,441,89.1,0,342.6,1.1.25 01:37,1,"High Humidity, Poor Air Quality","Risk of mold, risk of Possible dust or smoke","Activate dehumidifier., Ventilate and check air filters."
21.2,79.6,50.3,421.1,688,82.1,0,399,1.1.25 01:38,0,no,no,No action required.
24,61.7,51.4,421.6,845.3,193.9,0,480.2,1.1.25 01:39,1,"High CO₂ Level, Unexpected Light Level","risk of Poor ventilation, Risk-Color may change","Improve airflow/ventilation., Cover cinnamon stock with opaque sheets"
24.4,77.7,54.6,178.2,483.4,17.1,0,446.6,1.1.25 01:40,2,"Very Low Air Quality Reading, Very Low Light Level","Risk of sensor malfunction or false safety indication, Risk of hidden defects and inspection difficulty","Inspect, clean, and recalibrate air quality sensors., Enable controlled low-intensity inspection lighting periodically."
22.6,72.1,46.8,457.5,562.5,29.8,0,423.4,1.1.25 01:41,0,no,no,No action required.
33.4,91.8,48.8,394.9,1094.4,107.8,0,379.3,1.1.25 01:42,1,"High Humidity, High Temperature, High CO₂ Level","Risk of mold, Risk of product degradation and Color may change, risk of Poor ventilation","Activate dehumidifier., Increase ventilation/cooling., Improve airflow/ventilation."
20.5,64.6,52.9,399.2,1097.6,106.7,0,180.2,1.1.25 01:43,1,High CO₂ Level,risk of Poor ventilation,Improve airflow/ventilation.
22.8,85,51.5,430.9,664.4,3.9,0,4.7,1.1.25 01:44,2,Very Low Light Level,Risk of hidden defects and inspection difficulty,Enable controlled low-intensity inspection lighting periodically.
21.7,62.5,54.9,672.3,511.7,36.4,1,376,1.1.25 01:45,1,"Poor Air Quality, Motion Detected","risk of Possible dust or smoke, risk of pests","Ventilate and check air filters., Check premises immediately."
20.7,81.3,53.5,575.5,642.1,48.4,0,234.3,1.1.25 01:46,0,no,no,No action required.
22,75.6,69.2,888.4,1427.7,137.9,0,392.9,1.1.25 01:47,1,"High Moisture Level, Poor Air Quality, High CO₂ Level","Risk of spoilage, risk of Possible dust or smoke, risk of Poor ventilation","Investigate leaks and dry area., Ventilate and check air filters., Improve airflow/ventilation."
22.7,66.9,51.1,344.8,486.1,78.6,0,221.4,1.1.25 01:48,0,no,no,No action required.
19.6,43.6,44.1,593.6,602.4,149,0,390.5,1.1.25 01:49,2,"Low Humidity, Low Moisture Level, Low Temperature","Risk of over-drying and aroma loss, Risk of excessive dryness and weight loss, Risk of condensation during temperature fluctuation","Reduce dehumidifier usage and slightly increase ambient humidity., Balance humidity levels and avoid direct airflow on cinnamon stock., Stabilize temperature gradually and improve storage insulation."
24.6,64.7,50.8,467.1,553.7,29.1,0,331.8,1.1.25 01:50,0,no,no,No action required.
22.8,82.6,50.8,333.7,776.3,56,0,2.1,1.1.25 01:51,0,no,no,No action required.
21.7,78.7,52.4,419.2,414.7,114.7,0,371.6,1.1.25 01:52,0,no,no,No action required.
18.9,69.6,36.1,511.2,438.9,18.7,0,15.1,1.1.25 01:53,2,"Low Moisture Level, Low Temperature, Very Low Light Level","Risk of excessive dryness and weight loss, Risk of condensation during temperature fluctuation, Risk of hidden defects and inspection difficulty","Balance humidity levels and avoid direct airflow on cinnamon stock., Stabilize temperature gradually and improve storage insulation., Enable controlled low-intensity inspection lighting periodically."
30.1,98.9,46.7,494.5,577,68.6,0,93.6,1.1.25 01:54,1,"High Humidity, High Temperature","Risk of mold, Risk of product degradation and Color may change","Activate dehumidifier., Increase ventilation/cooling."
21.8,33.3,46.4,415.1,496.7,126.2,0,61.5,1.1.25 01:55,2,Low Humidity,Risk of over-drying and aroma loss,Reduce dehumidifier usage and slightly increase ambient humidity.
23.5,82.2,47.3,566,454.2,53.6,0,336,1.1.25 01:56,0,no,no,No action required.
19.6,65.2,31.3,549.6,322.2,3.6,0,70.5,1.1.25 01:57,2,"Low Moisture Level, Low Temperature, Low CO₂ Level, Very Low Light Level","Risk of excessive dryness and weight loss, Risk of condensation during temperature fluctuation, Risk of excessive ventilation and energy wastage, Risk of hidden defects and inspection difficulty","Balance humidity levels and avoid direct airflow on cinnamon stock., Stabilize temperature gradually and improve storage insulation., Reduce ventilation intensity and maintain balanced airflow., Enable controlled low-intensity inspection lighting periodically."
22.9,72.3,45.7,415.2,529.2,130.2,0,103.6,1.1.25 01:58,0,no,no,No action required.
20.2,82.1,54.7,312.8,677.8,357.7,1,2.5,1.1.25 01:59,1,"Motion Detected, Unexpected Light Level","risk of pests, Risk-Color may change","Check premises immediately., Cover cinnamon stock with opaque sheets"
24.8,30.8,53.2,481.5,606.3,16.4,0,492.4,1.1.25 02:00,2,"Low Humidity, Very Low Light Level","Risk of over-drying and aroma loss, Risk of hidden defects and inspection difficulty","Reduce dehumidifier usage and slightly increase ambient humidity., Enable controlled low-intensity inspection lighting periodically."
23,82.9,51,368.4,713.7,78,0,360.4,1.1.25 02:01,0,no,no,No action required.
16.9,55.5,31.1,460,329.7,89.1,0,303,1.1.25 02:02,2,"Low Humidity, Low Moisture Level, Low Temperature, Low CO₂ Level","Risk of over-drying and aroma loss, Risk of excessive dryness and weight loss, Risk of condensation during temperature fluctuation, Risk of excessive ventilation and energy wastage","Reduce dehumidifier usage and slightly increase ambient humidity., Balance humidity levels and avoid direct airflow on cinnamon stock., Stabilize temperature gradually and improve storage insulation., Reduce ventilation intensity and maintain balanced airflow."
11.4,76.1,50.5,402.9,467.9,16.1,0,417.5,1.1.25 02:03,2,"Low Temperature, Very Low Light Level","Risk of condensation during temperature fluctuation, Risk of hidden defects and inspection difficulty","Stabilize temperature gradually and improve storage insulation., Enable controlled low-intensity inspection lighting periodically."
20.5,95.3,50.2,322,807.6,363.3,0,412.1,1.1.25 02:04,1,"High Humidity, High CO₂ Level, Unexpected Light Level","Risk of mold, risk of Poor ventilation, Risk-Color may change","Activate dehumidifier., Improve airflow/ventilation., Cover cinnamon stock with opaque sheets"
24.9,65.8,51.2,504.3,412.5,102.5,0,87.7,1.1.25 02:05,0,no,no,No action required.
24.4,66.9,53.8,551.6,421.8,32.2,0,279.5,1.1.25 02:06,0,no,no,No action required.
39.4,82.4,52.5,883.6,727.3,404.8,1,179,1.1.25 02:07,1,"High Temperature, Poor Air Quality, Motion Detected, Unexpected Light Level","Risk of product degradation and Color may change, risk of Possible dust or smoke, risk of pests, Risk-Color may change","Increase ventilation/cooling., Ventilate and check air filters., Check premises immediately., Cover cinnamon stock with opaque sheets"
21.9,82.9,45.4,504.6,611.4,53.9,0,70.7,1.1.25 02:08,0,no,no,No action required.
22.7,74.4,45.3,505.8,635.1,71.1,0,449.4,1.1.25 02:09,0,no,no,No action required.
20.9,82.6,53.5,589.4,769.8,26.4,0,107.8,1.1.25 02:10,0,no,no,No action required.
15.6,66.7,51.6,347.5,210,10,0,317.7,1.1.25 02:11,2,"Low Temperature, Low CO₂ Level, Very Low Light Level","Risk of condensation during temperature fluctuation, Risk of excessive ventilation and energy wastage, Risk of hidden defects and inspection difficulty","Stabilize temperature gradually and improve storage insulation., Reduce ventilation intensity and maintain balanced airflow., Enable controlled low-intensity inspection lighting periodically."
20.8,57.4,46,157.8,298,140.6,0,352.2,1.1.25 02:12,2,"Low Humidity, Very Low Air Quality Reading, Low CO₂ Level","Risk of over-drying and aroma loss, Risk of sensor malfunction or false safety indication, Risk of excessive ventilation and energy wastage","Reduce dehumidifier usage and slightly increase ambient humidity., Inspect, clean, and recalibrate air quality sensors., Reduce ventilation intensity and maintain balanced airflow."
23,79.6,52.8,499.6,447.3,26.9,0,109.1,1.1.25 02:13,0,no,no,No action required.
23.2,67.3,53.1,327.9,604.2,121.1,0,111,1.1.25 02:14,0,no,no,No action required.
18.6,42.2,51.2,397,668.7,122,0,376.2,1.1.25 02:15,2,"Low Humidity, Low Temperature","Risk of over-drying and aroma loss, Risk of condensation during temperature fluctuation","Reduce dehumidifier usage and slightly increase ambient humidity., Stabilize temperature gradually and improve storage insulation."
25.9,81.4,48.8,314.4,642.5,108.3,0,383.3,1.1.25 02:16,1,High Temperature,Risk of product degradation and Color may change,Increase ventilation/cooling.
34.2,92.7,50,570.9,503.5,23.2,0,442.9,1.1.25 02:17,1,"High Humidity, High Temperature","Risk of mold, Risk of product degradation and Color may change","Activate dehumidifier., Increase ventilation/cooling."
24.4,60.3,55,471.6,563.9,58.4,0,373.6,1.1.25 02:18,0,no,no,No action required.
21.5,81.2,53.5,860.6,549.1,104.3,0,186,1.1.25 02:19,1,Poor Air Quality,risk of Possible dust or smoke,Ventilate and check air filters.
23.3,63.6,49.8,891.4,769.4,29.4,0,287.4,1.1.25 02:20,1,Poor Air Quality,risk of Possible dust or smoke,Ventilate and check air filters.
22.8,81.4,33.1,406,268.2,59.2,0,79,1.1.25 02:21,2,"Low Moisture Level, Low CO₂ Level","Risk of excessive dryness and weight loss, Risk of excessive ventilation and energy wastage","Balance humidity levels and avoid direct airflow on cinnamon stock., Reduce ventilation intensity and maintain balanced airflow."
23.3,32.6,52.9,535.9,685,109.1,0,9.1,1.1.25 02:22,2,Low Humidity,Risk of over-drying and aroma loss,Reduce dehumidifier usage and slightly increase ambient humidity.
22.3,96.6,76.3,382.9,466.4,114,0,111.9,1.1.25 02:23,1,"High Humidity, High Moisture Level","Risk of mold, Risk of spoilage","Activate dehumidifier., Investigate leaks and dry area."
21.2,49,30.8,307.1,264.9,13.3,0,55.8,1.1.25 02:24,2,"Low Humidity, Low Moisture Level, Low CO₂ Level, Very Low Light Level","Risk of over-drying and aroma loss, Risk of excessive dryness and weight loss, Risk of excessive ventilation and energy wastage, Risk of hidden defects and inspection difficulty","Reduce dehumidifier usage and slightly increase ambient humidity., Balance humidity levels and avoid direct airflow on cinnamon stock., Reduce ventilation intensity and maintain balanced airflow., Enable controlled low-intensity inspection lighting periodically."
21.6,57.5,39.4,111.5,799.9,1.4,0,336.4,1.1.25 02:25,2,"Low Humidity, Low Moisture Level, Very Low Air Quality Reading, Very Low Light Level","Risk of over-drying and aroma loss, Risk of excessive dryness and weight loss, Risk of sensor malfunction or false safety indication, Risk of hidden defects and inspection difficulty","Reduce dehumidifier usage and slightly increase ambient humidity., Balance humidity levels and avoid direct airflow on cinnamon stock., Inspect, clean, and recalibrate air quality sensors., Enable controlled low-intensity inspection lighting periodically."
23.9,81.4,37.1,133.9,694.1,149.7,0,92,1.1.25 02:26,2,"Low Moisture Level, Very Low Air Quality Reading","Risk of excessive dryness and weight loss, Risk of sensor malfunction or false safety indication","Balance humidity levels and avoid direct airflow on cinnamon stock., Inspect, clean, and recalibrate air quality sensors."
22,64.9,52.3,390.9,694.9,100.4,0,381.4,1.1.25 02:27,0,no,no,No action required.
24.1,66.9,48.2,406.7,628.4,110.9,0,134.6,1.1.25 02:28,0,no,no,No action required.
14.7,67.2,53.1,200.6,341.6,3.8,0,247.3,1.1.25 02:29,2,"Low Temperature, Very Low Air Quality Reading, Low CO₂ Level, Very Low Light Level","Risk of condensation during temperature fluctuation, Risk of sensor malfunction or false safety indication, Risk of excessive ventilation and energy wastage, Risk of hidden defects and inspection difficulty","Stabilize temperature gradually and improve storage insulation., Inspect, clean, and recalibrate air quality sensors., Reduce ventilation intensity and maintain balanced airflow., Enable controlled low-intensity inspection lighting periodically."
21.9,66.8,60.3,889,761.9,358.8,0,338.5,1.1.25 02:30,1,"High Moisture Level, Poor Air Quality, Unexpected Light Level","Risk of spoilage, risk of Possible dust or smoke, Risk-Color may change","Investigate leaks and dry area., Ventilate and check air filters., Cover cinnamon stock with opaque sheets"
20.9,81.7,46.7,583.5,580.9,107.1,0,309.3,1.1.25 02:31,0,no,no,No action required.
24.6,84.7,59.5,621.5,449.7,259.8,1,365.7,1.1.25 02:32,1,"High Moisture Level, Poor Air Quality, Motion Detected, Unexpected Light Level","Risk of spoilage, risk of Possible dust or smoke, risk of pests, Risk-Color may change","Investigate leaks and dry area., Ventilate and check air filters., Check premises immediately., Cover cinnamon stock with opaque sheets"
21.3,66.4,71.4,815.9,1239.7,386.1,1,33.2,1.1.25 02:33,1,"High Moisture Level, Poor Air Quality, High CO₂ Level, Motion Detected, Unexpected Light Level","Risk of spoilage, risk of Possible dust or smoke, risk of Poor ventilation, risk of pests, Risk-Color may change","Investigate leaks and dry area., Ventilate and check air filters., Improve airflow/ventilation., Check premises immediately., Cover cinnamon stock with opaque sheets"
24.1,82.7,65.7,560.3,585.8,238.9,0,482,1.1.25 02:34,1,"High Moisture Level, Unexpected Light Level","Risk of spoilage, Risk-Color may change","Investigate leaks and dry area., Cover cinnamon stock with opaque sheets"
24.3,65.7,48.4,397.1,787.3,86,0,191.2,1.1.25 02:35,0,no,no,No action required.
22.1,81.5,48.1,371.7,792.6,134.6,0,193.3,1.1.25 02:36,0,no,no,No action required.
22.9,73,49.4,311.3,289,138.4,0,470.7,1.1.25 02:37,2,Low CO₂ Level,Risk of excessive ventilation and energy wastage,Reduce ventilation intensity and maintain balanced airflow.
20.6,70.4,53,395.6,563.7,8.9,0,23.2,1.1.25 02:38,2,Very Low Light Level,Risk of hidden defects and inspection difficulty,Enable controlled low-intensity inspection lighting periodically.
21,72.2,50.4,536.7,475.6,94.8,0,380.1,1.1.25 02:39,0,no,no,No action required.
22.3,81.8,49.1,467.9,639.4,20.2,0,169.5,1.1.25 02:40,0,no,no,No action required.
21,81.6,51.5,375.4,767.1,365.2,0,239.5,1.1.25 02:41,1,Unexpected Light Level,Risk-Color may change,Cover cinnamon stock with opaque sheets
23.4,63.9,52.4,774.7,773.8,38.7,0,183.9,1.1.25 02:42,1,Poor Air Quality,risk of Possible dust or smoke,Ventilate and check air filters.
22.9,53.3,35.4,332.5,578,15.3,0,13.2,1.1.25 02:43,2,"Low Humidity, Low Moisture Level, Very Low Light Level","Risk of over-drying and aroma loss, Risk of excessive dryness and weight loss, Risk of hidden defects and inspection difficulty","Reduce dehumidifier usage and slightly increase ambient humidity., Balance humidity levels and avoid direct airflow on cinnamon stock., Enable controlled low-intensity inspection lighting periodically."
22.9,79.5,30.5,509.4,683.7,145.2,0,254.7,1.1.25 02:44,2,Low Moisture Level,Risk of excessive dryness and weight loss,Balance humidity levels and avoid direct airflow on cinnamon stock.
22.5,33,33.6,245.4,626.7,142.6,0,90.2,1.1.25 02:45,2,"Low Humidity, Low Moisture Level, Very Low Air Quality Reading","Risk of over-drying and aroma loss, Risk of excessive dryness and weight loss, Risk of sensor malfunction or false safety indication","Reduce dehumidifier usage and slightly increase ambient humidity., Balance humidity levels and avoid direct airflow on cinnamon stock., Inspect, clean, and recalibrate air quality sensors."
23.4,97.6,48.1,740.7,732.3,84,0,470.4,1.1.25 02:46,1,"High Humidity, Poor Air Quality","Risk of mold, risk of Possible dust or smoke","Activate dehumidifier., Ventilate and check air filters."
22,77.3,53,255.1,580.8,7.6,0,481.7,1.1.25 02:47,2,"Very Low Air Quality Reading, Very Low Light Level","Risk of sensor malfunction or false safety indication, Risk of hidden defects and inspection difficulty","Inspect, clean, and recalibrate air quality sensors., Enable controlled low-intensity inspection lighting periodically."
20,71.4,47.2,307.5,457.6,141.9,0,119.4,1.1.25 02:48,0,no,no,No action required.
20.5,60.9,48.8,431.7,538.2,135.7,0,158.6,1.1.25 02:49,0,no,no,No action required.
21.2,74.1,48.4,545.2,665.1,144.9,0,310.2,1.1.25 02:50,0,no,no,No action required.
37.6,68.5,61,462.1,529.6,195.8,0,264.5,1.1.25 02:51,1,"High Moisture Level, High Temperature, Unexpected Light Level","Risk of spoilage, Risk of product degradation and Color may change, Risk-Color may change","Investigate leaks and dry area., Increase ventilation/cooling., Cover cinnamon stock with opaque sheets"
19.3,32.6,49.9,436.2,307,63.1,0,221,1.1.25 02:52,2,"Low Humidity, Low Temperature, Low CO₂ Level","Risk of over-drying and aroma loss, Risk of condensation during temperature fluctuation, Risk of excessive ventilation and energy wastage","Reduce dehumidifier usage and slightly increase ambient humidity., Stabilize temperature gradually and improve storage insulation., Reduce ventilation intensity and maintain balanced airflow."
24.7,63.5,48.5,409,486.1,37,0,300.8,1.1.25 02:53,0,no,no,No action required.
21.7,74.8,46.8,386.1,525.7,107.8,0,56.3,1.1.25 02:54,0,no,no,No action required.
24.3,77.8,50.2,425.6,543.7,28.5,0,196.8,1.1.25 02:55,0,no,no,No action required.
20.4,77.1,52.2,353.2,517.3,66.5,0,124.8,1.1.25 02:56,0,no,no,No action required.
23.3,71.9,45.7,467.5,1334.8,400.3,0,437.4,1.1.25 02:57,1,"High CO₂ Level, Unexpected Light Level","risk of Poor ventilation, Risk-Color may change","Improve airflow/ventilation., Cover cinnamon stock with opaque sheets"
22.6,77.2,47.4,457.2,533.7,19.9,0,65.5,1.1.25 02:58,2,Very Low Light Level,Risk of hidden defects and inspection difficulty,Enable controlled low-intensity inspection lighting periodically.
23.9,72.9,48.2,470.4,1348.8,335.4,0,240.3,1.1.25 02:59,1,"High CO₂ Level, Unexpected Light Level","risk of Poor ventilation, Risk-Color may change","Improve airflow/ventilation., Cover cinnamon stock with opaque sheets"
23.1,68.3,51.7,470.4,489,101.6,0,356,1.1.25 03:00,0,no,no,No action required.
19,70.2,48.9,499.1,241.2,38.1,0,99,1.1.25 03:01,2,"Low Temperature, Low CO₂ Level","Risk of condensation during temperature fluctuation, Risk of excessive ventilation and energy wastage","Stabilize temperature gradually and improve storage insulation., Reduce ventilation intensity and maintain balanced airflow."
20.6,76.7,53.6,559.9,699.5,120.6,0,312.1,1.1.25 03:02,0,no,no,No action required.
21.3,82.5,51.5,545.8,659.9,133.9,0,279.9,1.1.25 03:03,0,no,no,No action required.
23.1,79,45.7,471.3,719.8,28.6,0,162.6,1.1.25 03:04,0,no,no,No action required.
23.8,78.9,48.5,503.8,766.6,80.5,0,215.9,1.1.25 03:05,0,no,no,No action required.
20.5,73,54,791.2,1020.2,137.8,0,383.1,1.1.25 03:06,1,"Poor Air Quality, High CO₂ Level","risk of Possible dust or smoke, risk of Poor ventilation","Ventilate and check air filters., Improve airflow/ventilation."
21.2,64.2,52.2,311.3,578.7,132.5,0,191.9,1.1.25 03:07,0,no,no,No action required.
20.9,77.5,49.3,571,340.8,3.1,0,450.4,1.1.25 03:08,2,"Low CO₂ Level, Very Low Light Level","Risk of excessive ventilation and energy wastage, Risk of hidden defects and inspection difficulty","Reduce ventilation intensity and maintain balanced airflow., Enable controlled low-intensity inspection lighting periodically."
21,87.7,50.9,761.6,446.5,48.4,0,220.9,1.1.25 03:09,1,"High Humidity, Poor Air Quality","Risk of mold, risk of Possible dust or smoke","Activate dehumidifier., Ventilate and check air filters."
22.1,77.1,45.3,743.7,1115.5,379.1,0,290,1.1.25 03:10,1,"Poor Air Quality, High CO₂ Level, Unexpected Light Level","risk of Possible dust or smoke, risk of Poor ventilation, Risk-Color may change","Ventilate and check air filters., Improve airflow/ventilation., Cover cinnamon stock with opaque sheets"
20.5,35.1,51.8,527.1,486.1,3.7,0,138,1.1.25 03:11,2,"Low Humidity, Very Low Light Level","Risk of over-drying and aroma loss, Risk of hidden defects and inspection difficulty","Reduce dehumidifier usage and slightly increase ambient humidity., Enable controlled low-intensity inspection lighting periodically."
21,68.2,53.5,421.3,736.8,56.6,0,415.2,1.1.25 03:12,0,no,no,No action required.
24.1,66.4,47.4,509,1349.6,380.8,1,63.4,1.1.25 03:13,1,"High CO₂ Level, Motion Detected, Unexpected Light Level","risk of Poor ventilation, risk of pests, Risk-Color may change","Improve airflow/ventilation., Check premises immediately., Cover cinnamon stock with opaque sheets"
21.4,92.2,50.7,535.3,1487.7,401,0,422.9,1.1.25 03:14,1,"High Humidity, High CO₂ Level, Unexpected Light Level","Risk of mold, risk of Poor ventilation, Risk-Color may change","Activate dehumidifier., Improve airflow/ventilation., Cover cinnamon stock with opaque sheets"
10.3,77.2,49.1,506.3,423.1,80.4,0,231.1,1.1.25 03:15,2,Low Temperature,Risk of condensation during temperature fluctuation,Stabilize temperature gradually and improve storage insulation.
24.7,75.9,50,304.4,575.2,38.5,0,185.6,1.1.25 03:16,0,no,no,No action required.
21.3,84.5,46.3,517.9,631.7,75.2,0,110.1,1.1.25 03:17,0,no,no,No action required.
32.1,81.1,78.4,442,497.8,85.7,1,167.1,1.1.25 03:18,1,"High Moisture Level, High Temperature, Motion Detected","Risk of spoilage, Risk of product degradation and Color may change, risk of pests","Investigate leaks and dry area., Increase ventilation/cooling., Check premises immediately."
20.7,78.2,51.1,564,429.2,49.8,0,359.4,1.1.25 03:19,0,no,no,No action required.
22,65,50.7,490.9,783.1,111.5,0,182.7,1.1.25 03:20,0,no,no,No action required.
21,80.7,47.3,563.7,521.4,129.6,0,105.2,1.1.25 03:21,0,no,no,No action required.
35.9,81.4,78.7,763.5,674.5,40.1,1,499.6,1.1.25 03:22,1,"High Moisture Level, High Temperature, Poor Air Quality, Motion Detected","Risk of spoilage, Risk of product degradation and Color may change, risk of Possible dust or smoke, risk of pests","Investigate leaks and dry area., Increase ventilation/cooling., Ventilate and check air filters., Check premises immediately."
24,67.9,73.8,455,622,55.8,0,24,1.1.25 03:23,1,High Moisture Level,Risk of spoilage,Investigate leaks and dry area.
24.4,79.5,47.2,480.3,710.6,138.3,0,119.4,1.1.25 03:24,0,no,no,No action required.
24.8,72.6,50.6,516.3,525.1,88.4,0,249.5,1.1.25 03:25,0,no,no,No action required.
18.7,72.2,37.2,550.5,502,82.6,0,274,1.1.25 03:26,2,"Low Moisture Level, Low Temperature","Risk of excessive dryness and weight loss, Risk of condensation during temperature fluctuation","Balance humidity levels and avoid direct airflow on cinnamon stock., Stabilize temperature gradually and improve storage insulation."
21.8,80,37.6,383.7,633.6,142.9,0,313.3,1.1.25 03:27,2,Low Moisture Level,Risk of excessive dryness and weight loss,Balance humidity levels and avoid direct airflow on cinnamon stock.
21.5,90.8,60,495.6,1226.3,69.5,1,134.1,1.1.25 03:28,1,"High Humidity, High Moisture Level, High CO₂ Level, Motion Detected","Risk of mold, Risk of spoilage, risk of Poor ventilation, risk of pests","Activate dehumidifier., Investigate leaks and dry area., Improve airflow/ventilation., Check premises immediately."
27.8,72.9,73.4,408.2,639.1,100,0,415.2,1.1.25 03:29,1,"High Moisture Level, High Temperature","Risk of spoilage, Risk of product degradation and Color may change","Investigate leaks and dry area., Increase ventilation/cooling."
20.6,79.7,45.5,727.6,649.9,496.7,0,13.6,1.1.25 03:30,1,"Poor Air Quality, Unexpected Light Level","risk of Possible dust or smoke, Risk-Color may change","Ventilate and check air filters., Cover cinnamon stock with opaque sheets"
23,64.1,71.6,301.4,888.7,202.4,0,336.5,1.1.25 03:31,1,"High Moisture Level, High CO₂ Level, Unexpected Light Level","Risk of spoilage, risk of Poor ventilation, Risk-Color may change","Investigate leaks and dry area., Improve airflow/ventilation., Cover cinnamon stock with opaque sheets"
17.6,71.2,31.2,310.5,353.7,106.6,0,404.8,1.1.25 03:32,2,"Low Moisture Level, Low Temperature, Low CO₂ Level","Risk of excessive dryness and weight loss, Risk of condensation during temperature fluctuation, Risk of excessive ventilation and energy wastage","Balance humidity levels and avoid direct airflow on cinnamon stock., Stabilize temperature gradually and improve storage insulation., Reduce ventilation intensity and maintain balanced airflow."
24.9,98.2,74.3,369.2,614.7,100.1,1,121.9,1.1.25 03:33,1,"High Humidity, High Moisture Level, Motion Detected","Risk of mold, Risk of spoilage, risk of pests","Activate dehumidifier., Investigate leaks and dry area., Check premises immediately."
22.2,62.3,52.2,553.4,758.5,80.2,0,322.1,1.1.25 03:34,0,no,no,No action required.
20.6,67.8,50,597.5,694.2,92.6,0,492.9,1.1.25 03:35,0,no,no,No action required.
12.4,78.6,54.9,139,209.3,81.4,0,240.3,1.1.25 03:36,2,"Low Temperature, Very Low Air Quality Reading, Low CO₂ Level","Risk of condensation during temperature fluctuation, Risk of sensor malfunction or false safety indication, Risk of excessive ventilation and energy wastage","Stabilize temperature gradually and improve storage insulation., Inspect, clean, and recalibrate air quality sensors., Reduce ventilation intensity and maintain balanced airflow."
24.5,47.7,50.6,509.2,471.5,89.5,0,46.5,1.1.25 03:37,2,Low Humidity,Risk of over-drying and aroma loss,Reduce dehumidifier usage and slightly increase ambient humidity.
20.7,78.3,45.4,560.6,492.4,109.7,0,399.7,1.1.25 03:38,0,no,no,No action required.
32.3,77.2,47.2,798.1,547.3,64.7,0,371.5,1.1.25 03:39,1,"High Temperature, Poor Air Quality","Risk of product degradation and Color may change, risk of Possible dust or smoke","Increase ventilation/cooling., Ventilate and check air filters."
38.5,63.7,52.9,453.5,1286.1,261.4,0,318.9,1.1.25 03:40,1,"High Temperature, High CO₂ Level, Unexpected Light Level","Risk of product degradation and Color may change, risk of Poor ventilation, Risk-Color may change","Increase ventilation/cooling., Improve airflow/ventilation., Cover cinnamon stock with opaque sheets"
22.3,84.8,54.8,599.8,450.4,67.6,0,342.5,1.1.25 03:41,0,no,no,No action required.
20.2,65.1,49.6,344,747.5,125.2,0,140.6,1.1.25 03:42,0,no,no,No action required.
24.1,66.9,51,208.6,254.1,58.8,0,216.9,1.1.25 03:43,2,"Very Low Air Quality Reading, Low CO₂ Level","Risk of sensor malfunction or false safety indication, Risk of excessive ventilation and energy wastage","Inspect, clean, and recalibrate air quality sensors., Reduce ventilation intensity and maintain balanced airflow."
20.4,86.4,51.7,396.4,747.6,125.7,0,175.3,1.1.25 03:44,1,High Humidity,Risk of mold,Activate dehumidifier.
24.8,76.6,51.7,316.6,685.9,56.9,0,476.8,1.1.25 03:45,0,no,no,No action required.
21,80.1,51.9,455.8,649,75,0,390.1,1.1.25 03:46,0,no,no,No action required.
21,82.2,47.9,416.4,625.6,50.5,0,247.3,1.1.25 03:47,0,no,no,No action required.
24.4,67.3,66.5,858,559,106.2,0,279.8,1.1.25 03:48,1,"High Moisture Level, Poor Air Quality","Risk of spoilage, risk of Possible dust or smoke","Investigate leaks and dry area., Ventilate and check air filters."
25.2,60.9,52.5,513.1,410.2,140.8,0,214.1,1.1.25 03:49,1,High Temperature,Risk of product degradation and Color may change,Increase ventilation/cooling.
21.4,72.8,46,558.3,768,137.1,0,236.6,1.1.25 03:50,0,no,no,No action required.
20,82.6,50.5,474.9,414.7,6.4,0,340.1,1.1.25 03:51,2,Very Low Light Level,Risk of hidden defects and inspection difficulty,Enable controlled low-intensity inspection lighting periodically.
20,67.6,52.5,364.6,291.5,14.5,0,150.9,1.1.25 03:52,2,"Low CO₂ Level, Very Low Light Level","Risk of excessive ventilation and energy wastage, Risk of hidden defects and inspection difficulty","Reduce ventilation intensity and maintain balanced airflow., Enable controlled low-intensity inspection lighting periodically."
24.8,70.7,50.4,537,414.3,77.9,0,193.3,1.1.25 03:53,0,no,no,No action required.
24,79.6,45.1,468.3,558.9,126.1,0,22.8,1.1.25 03:54,0,no,no,No action required.
21.1,76.2,40.7,111.1,580,22,0,471.7,1.1.25 03:55,2,"Low Moisture Level, Very Low Air Quality Reading","Risk of excessive dryness and weight loss, Risk of sensor malfunction or false safety indication","Balance humidity levels and avoid direct airflow on cinnamon stock., Inspect, clean, and recalibrate air quality sensors."
27.6,75.8,53.6,762.7,418.2,142.6,1,146.9,1.1.25 03:56,1,"High Temperature, Poor Air Quality, Motion Detected","Risk of product degradation and Color may change, risk of Possible dust or smoke, risk of pests","Increase ventilation/cooling., Ventilate and check air filters., Check premises immediately."
21.9,62.2,52.3,348.3,409.6,93.3,0,432.5,1.1.25 03:57,0,no,no,No action required.
20.2,61.6,51,254.3,636.3,102.7,0,368.2,1.1.25 03:58,2,Very Low Air Quality Reading,Risk of sensor malfunction or false safety indication,"Inspect, clean, and recalibrate air quality sensors."
24.7,64.8,45.6,464.7,541.9,80.2,0,429.6,1.1.25 03:59,0,no,no,No action required.
20.9,62.4,45,436,436.8,9,0,327.9,1.1.25 04:00,2,Very Low Light Level,Risk of hidden defects and inspection difficulty,Enable controlled low-intensity inspection lighting periodically.
21.3,78.4,53.1,320.7,782.6,36.6,0,134.4,1.1.25 04:01,0,no,no,No action required.
21.2,62.6,51,526.4,645.4,109.8,0,393.3,1.1.25 04:02,0,no,no,No action required.
23.5,72.6,49.4,313.8,573.2,70.3,0,163.4,1.1.25 04:03,0,no,no,No action required.
23,78.6,50.7,312.7,459.5,148.9,0,134.8,1.1.25 04:04,0,no,no,No action required.
23.5,65.8,48.1,439.2,738.1,94.7,0,53.4,1.1.25 04:05,0,no,no,No action required.
37.6,72,47.5,566.1,790.1,83.5,0,26.4,1.1.25 04:06,1,High Temperature,Risk of product degradation and Color may change,Increase ventilation/cooling.
23.7,73.3,48.8,591.3,812.6,128.7,0,84.5,1.1.25 04:07,1,High CO₂ Level,risk of Poor ventilation,Improve airflow/ventilation.
23.6,95.5,47.7,571,468.5,111,1,423.8,1.1.25 04:08,1,"High Humidity, Motion Detected","Risk of mold, risk of pests","Activate dehumidifier., Check premises immediately."
23.4,84.7,47.4,448,421.5,88.4,0,388.2,1.1.25 04:09,0,no,no,No action required.
24.9,33.3,46.9,388.6,532.4,10.1,0,231.2,1.1.25 04:10,2,"Low Humidity, Very Low Light Level","Risk of over-drying and aroma loss, Risk of hidden defects and inspection difficulty","Reduce dehumidifier usage and slightly increase ambient humidity., Enable controlled low-intensity inspection lighting periodically."
21.3,60.4,52.1,279.4,774.1,146.5,0,2,1.1.25 04:11,2,Very Low Air Quality Reading,Risk of sensor malfunction or false safety indication,"Inspect, clean, and recalibrate air quality sensors."
24.6,70.4,45.7,551.7,564.5,126.3,0,67.6,1.1.25 04:12,0,no,no,No action required.
14.5,84.2,34.1,420,395.2,14.2,0,214.6,1.1.25 04:13,2,"Low Moisture Level, Low Temperature, Low CO₂ Level, Very Low Light Level","Risk of excessive dryness and weight loss, Risk of condensation during temperature fluctuation, Risk of excessive ventilation and energy wastage, Risk of hidden defects and inspection difficulty","Balance humidity levels and avoid direct airflow on cinnamon stock., Stabilize temperature gradually and improve storage insulation., Reduce ventilation intensity and maintain balanced airflow., Enable controlled low-intensity inspection lighting periodically."
21.2,64.5,47.4,309.4,716.6,47.2,0,83.9,1.1.25 04:14,0,no,no,No action required.
23.5,71.4,47.2,474.1,501.1,127.2,0,395.8,1.1.25 04:15,0,no,no,No action required.
24.3,77.4,46,497.2,619.9,33.7,0,6.3,1.1.25 04:16,0,no,no,No action required.
24.9,70.7,66.3,560.6,642.8,112.8,0,261,1.1.25 04:17,1,High Moisture Level,Risk of spoilage,Investigate leaks and dry area.
23.7,62.2,52.4,650.4,1131.2,235.9,0,26.2,1.1.25 04:18,1,"Poor Air Quality, High CO₂ Level, Unexpected Light Level","risk of Possible dust or smoke, risk of Poor ventilation, Risk-Color may change","Ventilate and check air filters., Improve airflow/ventilation., Cover cinnamon stock with opaque sheets"
23.8,75.6,45.9,544,434.8,102.4,0,418.4,1.1.25 04:19,0,no,no,No action required.
22.9,82,53.2,458.5,517.9,46.8,0,35.5,1.1.25 04:20,0,no,no,No action required.
23,65.9,51.3,372,594.1,117.5,0,449.5,1.1.25 04:21,0,no,no,No action required.
20.8,35.8,32.8,540.7,671.6,101,0,216.3,1.1.25 04:22,2,"Low Humidity, Low Moisture Level","Risk of over-drying and aroma loss, Risk of excessive dryness and weight loss","Reduce dehumidifier usage and slightly increase ambient humidity., Balance humidity levels and avoid direct airflow on cinnamon stock."
20,61.9,54.4,496.9,1010,132.4,1,410.6,1.1.25 04:23,1,"High CO₂ Level, Motion Detected","risk of Poor ventilation, risk of pests","Improve airflow/ventilation., Check premises immediately."
23.1,82.1,50.8,428.1,669.9,135.1,0,382,1.1.25 04:24,0,no,no,No action required.
31.8,69.5,46.9,806.4,777.5,373,1,201.4,1.1.25 04:25,1,"High Temperature, Poor Air Quality, Motion Detected, Unexpected Light Level","Risk of product degradation and Color may change, risk of Possible dust or smoke, risk of pests, Risk-Color may change","Increase ventilation/cooling., Ventilate and check air filters., Check premises immediately., Cover cinnamon stock with opaque sheets"
20,61.5,64.3,589.3,798.1,94.5,1,316.4,1.1.25 04:26,1,"High Moisture Level, Motion Detected","Risk of spoilage, risk of pests","Investigate leaks and dry area., Check premises immediately."
22.4,37.7,50.4,373.6,622.9,114.2,0,194.8,1.1.25 04:27,2,Low Humidity,Risk of over-drying and aroma loss,Reduce dehumidifier usage and slightly increase ambient humidity.
24.7,64.4,45.4,833.9,508.4,450.4,1,446.7,1.1.25 04:28,1,"Poor Air Quality, Motion Detected, Unexpected Light Level","risk of Possible dust or smoke, risk of pests, Risk-Color may change","Ventilate and check air filters., Check premises immediately., Cover cinnamon stock with opaque sheets"
24.7,34.5,46.2,342.9,467.8,13.3,0,371.7,1.1.25 04:29,2,"Low Humidity, Very Low Light Level","Risk of over-drying and aroma loss, Risk of hidden defects and inspection difficulty","Reduce dehumidifier usage and slightly increase ambient humidity., Enable controlled low-intensity inspection lighting periodically."
23.6,64.6,53.7,235,420.6,139.9,0,297.6,1.1.25 04:30,2,Very Low Air Quality Reading,Risk of sensor malfunction or false safety indication,"Inspect, clean, and recalibrate air quality sensors."
22.9,62.6,31.6,189.1,524.3,94.6,0,21.4,1.1.25 04:31,2,"Low Moisture Level, Very Low Air Quality Reading","Risk of excessive dryness and weight loss, Risk of sensor malfunction or false safety indication","Balance humidity levels and avoid direct airflow on cinnamon stock., Inspect, clean, and recalibrate air quality sensors."
27.6,91.2,51.5,599.2,1265.4,126.9,0,316.9,1.1.25 04:32,1,"High Humidity, High Temperature, High CO₂ Level","Risk of mold, Risk of product degradation and Color may change, risk of Poor ventilation","Activate dehumidifier., Increase ventilation/cooling., Improve airflow/ventilation."
22.5,61.4,47.1,492.7,649.9,134.7,0,97.5,1.1.25 04:33,0,no,no,No action required.
15.3,31.1,43.5,485.8,316.4,93.3,0,91.2,1.1.25 04:34,2,"Low Humidity, Low Moisture Level, Low Temperature, Low CO₂ Level","Risk of over-drying and aroma loss, Risk of excessive dryness and weight loss, Risk of condensation during temperature fluctuation, Risk of excessive ventilation and energy wastage","Reduce dehumidifier usage and slightly increase ambient humidity., Balance humidity levels and avoid direct airflow on cinnamon stock., Stabilize temperature gradually and improve storage insulation., Reduce ventilation intensity and maintain balanced airflow."
20.5,87.2,55.7,826.2,1023.5,108.6,0,287.3,1.1.25 04:35,1,"High Humidity, High Moisture Level, Poor Air Quality, High CO₂ Level","Risk of mold, Risk of spoilage, risk of Possible dust or smoke, risk of Poor ventilation","Activate dehumidifier., Investigate leaks and dry area., Ventilate and check air filters., Improve airflow/ventilation."
24.7,89.7,51.5,421.6,1391.3,121.6,0,166.4,1.1.25 04:36,1,"High Humidity, High CO₂ Level","Risk of mold, risk of Poor ventilation","Activate dehumidifier., Improve airflow/ventilation."
16.2,66.5,38.5,472.9,490.7,133.8,0,186.4,1.1.25 04:37,2,"Low Moisture Level, Low Temperature","Risk of excessive dryness and weight loss, Risk of condensation during temperature fluctuation","Balance humidity levels and avoid direct airflow on cinnamon stock., Stabilize temperature gradually and improve storage insulation."
39.1,77.9,53.1,658.7,918.1,41.7,0,334.7,1.1.25 04:38,1,"High Temperature, Poor Air Quality, High CO₂ Level","Risk of product degradation and Color may change, risk of Possible dust or smoke, risk of Poor ventilation","Increase ventilation/cooling., Ventilate and check air filters., Improve airflow/ventilation."
22.9,76.6,45.1,199.4,643.5,128,0,121.6,1.1.25 04:39,2,Very Low Air Quality Reading,Risk of sensor malfunction or false safety indication,"Inspect, clean, and recalibrate air quality sensors."
21.8,72.8,50.6,420.1,1259.1,139.4,1,340.9,1.1.25 04:40,1,"High CO₂ Level, Motion Detected","risk of Poor ventilation, risk of pests","Improve airflow/ventilation., Check premises immediately."
21,61.3,54.5,512.9,697.7,13.8,0,226.6,1.1.25 04:41,2,Very Low Light Level,Risk of hidden defects and inspection difficulty,Enable controlled low-intensity inspection lighting periodically.
24.3,73.8,54.9,317.3,484.4,127.4,0,209.9,1.1.25 04:42,0,no,no,No action required.
23,77.1,47.9,306.6,699.2,35.2,0,291.4,1.1.25 04:43,0,no,no,No action required.
24.4,83.9,51.4,400.3,593.4,20.6,0,49.3,1.1.25 04:44,0,no,no,No action required.
17.3,43.7,47.4,175.8,420.6,118.6,0,469.4,1.1.25 04:45,2,"Low Humidity, Low Temperature, Very Low Air Quality Reading","Risk of over-drying and aroma loss, Risk of condensation during temperature fluctuation, Risk of sensor malfunction or false safety indication","Reduce dehumidifier usage and slightly increase ambient humidity., Stabilize temperature gradually and improve storage insulation., Inspect, clean, and recalibrate air quality sensors."
23.1,92.9,66.6,688.6,431.7,330.9,0,372.2,1.1.25 04:46,1,"High Humidity, High Moisture Level, Poor Air Quality, Unexpected Light Level","Risk of mold, Risk of spoilage, risk of Possible dust or smoke, Risk-Color may change","Activate dehumidifier., Investigate leaks and dry area., Ventilate and check air filters., Cover cinnamon stock with opaque sheets"
23.6,76.6,48.1,599.3,377.4,141.2,0,256.5,1.1.25 04:47,2,Low CO₂ Level,Risk of excessive ventilation and energy wastage,Reduce ventilation intensity and maintain balanced airflow.
21.2,65.8,45.7,352.1,670.2,111.6,0,496.6,1.1.25 04:48,0,no,no,No action required.
21,83.4,52.4,598.4,703,72.4,0,345,1.1.25 04:49,0,no,no,No action required.
24.9,71,64.1,551.8,421.7,424.1,1,433,1.1.25 04:50,1,"High Moisture Level, Motion Detected, Unexpected Light Level","Risk of spoilage, risk of pests, Risk-Color may change","Investigate leaks and dry area., Check premises immediately., Cover cinnamon stock with opaque sheets"
25,80.2,48.4,469.5,467.6,257.5,0,169,1.1.25 04:51,1,Unexpected Light Level,Risk-Color may change,Cover cinnamon stock with opaque sheets
23.1,92.3,78.8,456.3,404.8,123.7,0,473,1.1.25 04:52,1,"High Humidity, High Moisture Level","Risk of mold, Risk of spoilage","Activate dehumidifier., Investigate leaks and dry area."
20.6,80.8,51.7,528.8,400.5,67.5,0,65.4,1.1.25 04:53,0,no,no,No action required.
24.9,70.1,51.6,363.1,737.6,0.2,0,168,1.1.25 04:54,2,Very Low Light Level,Risk of hidden defects and inspection difficulty,Enable controlled low-intensity inspection lighting periodically.
20.9,44.8,54.8,539.2,713.8,101.1,0,228.7,1.1.25 04:55,2,Low Humidity,Risk of over-drying and aroma loss,Reduce dehumidifier usage and slightly increase ambient humidity.
23.6,93.8,51.6,369.3,759.4,81.4,1,498.3,1.1.25 04:56,1,"High Humidity, Motion Detected","Risk of mold, risk of pests","Activate dehumidifier., Check premises immediately."
15.5,49.6,54.5,581,455.1,107.3,0,213.4,1.1.25 04:57,2,"Low Humidity, Low Temperature","Risk of over-drying and aroma loss, Risk of condensation during temperature fluctuation","Reduce dehumidifier usage and slightly increase ambient humidity., Stabilize temperature gradually and improve storage insulation."
22.8,65.5,44.6,599.1,584.5,120.6,0,99.5,1.1.25 04:58,2,Low Moisture Level,Risk of excessive dryness and weight loss,Balance humidity levels and avoid direct airflow on cinnamon stock.
12.7,60.6,51.3,195.9,676.1,129.1,0,279.4,1.1.25 04:59,2,"Low Temperature, Very Low Air Quality Reading","Risk of condensation during temperature fluctuation, Risk of sensor malfunction or false safety indication","Stabilize temperature gradually and improve storage insulation., Inspect, clean, and recalibrate air quality sensors."
20.5,98.6,50.4,596.1,691.8,400.1,0,450,1.1.25 05:00,1,"High Humidity, Unexpected Light Level","Risk of mold, Risk-Color may change","Activate dehumidifier., Cover cinnamon stock with opaque sheets"
22.3,73.9,51.4,428.5,679.5,143.2,0,103.4,1.1.25 05:01,0,no,no,No action required.
21.6,68.3,46.3,499.2,757.3,142,0,91.1,1.1.25 05:02,0,no,no,No action required.
22.4,95.2,68.2,392.7,574.6,124.1,1,239.3,1.1.25 05:03,1,"High Humidity, High Moisture Level, Motion Detected","Risk of mold, Risk of spoilage, risk of pests","Activate dehumidifier., Investigate leaks and dry area., Check premises immediately."
31.7,66.5,48.7,858.3,581.4,77,0,257.8,1.1.25 05:04,1,"High Temperature, Poor Air Quality","Risk of product degradation and Color may change, risk of Possible dust or smoke","Increase ventilation/cooling., Ventilate and check air filters."
21,68.6,54.2,427.8,435.3,31.2,0,465.3,1.1.25 05:05,0,no,no,No action required.
24.4,83.4,46.2,439,652.6,50.4,0,429,1.1.25 05:06,0,no,no,No action required.
22.2,62.4,45.3,355.2,520.9,66.8,0,51.1,1.1.25 05:07,0,no,no,No action required.
24.2,75.1,50.6,814.5,1104.8,71.3,0,120.5,1.1.25 05:08,1,"Poor Air Quality, High CO₂ Level","risk of Possible dust or smoke, risk of Poor ventilation","Ventilate and check air filters., Improve airflow/ventilation."
20.2,67.3,48.6,354.9,736.1,143.7,0,452.8,1.1.25 05:09,0,no,no,No action required.
23.5,89.4,47.4,494.3,509.8,109.2,0,345.7,1.1.25 05:10,1,High Humidity,Risk of mold,Activate dehumidifier.
23.7,71.8,46.9,461.9,601.6,119.2,0,11.6,1.1.25 05:11,0,no,no,No action required.
21.7,67.3,54.7,233.3,518.9,64,0,452.8,1.1.25 05:12,2,Very Low Air Quality Reading,Risk of sensor malfunction or false safety indication,"Inspect, clean, and recalibrate air quality sensors."
38.8,93.7,70.1,805.9,658.9,461.8,0,15.3,1.1.25 05:13,1,"High Humidity, High Moisture Level, High Temperature, Poor Air Quality, Unexpected Light Level","Risk of mold, Risk of spoilage, Risk of product degradation and Color may change, risk of Possible dust or smoke, Risk-Color may change","Activate dehumidifier., Investigate leaks and dry area., Increase ventilation/cooling., Ventilate and check air filters., Cover cinnamon stock with opaque sheets"
24.7,92.5,47.9,530.7,436.5,164.3,0,93.7,1.1.25 05:14,1,"High Humidity, Unexpected Light Level","Risk of mold, Risk-Color may change","Activate dehumidifier., Cover cinnamon stock with opaque sheets"
24.5,65.4,51.7,478.9,532.2,10.7,0,214.5,1.1.25 05:15,2,Very Low Light Level,Risk of hidden defects and inspection difficulty,Enable controlled low-intensity inspection lighting periodically.
20.9,68,48.7,232.4,671.1,28.1,0,118.2,1.1.25 05:16,2,Very Low Air Quality Reading,Risk of sensor malfunction or false safety indication,"Inspect, clean, and recalibrate air quality sensors."
22.3,82.2,52.9,401.8,661.9,61,0,473.3,1.1.25 05:17,0,no,no,No action required.
14.6,82.8,40.4,150.5,575.2,123.6,0,447.9,1.1.25 05:18,2,"Low Moisture Level, Low Temperature, Very Low Air Quality Reading","Risk of excessive dryness and weight loss, Risk of condensation during temperature fluctuation, Risk of sensor malfunction or false safety indication","Balance humidity levels and avoid direct airflow on cinnamon stock., Stabilize temperature gradually and improve storage insulation., Inspect, clean, and recalibrate air quality sensors."
23.5,81.4,49.4,293,563.9,83,0,328,1.1.25 05:19,2,Very Low Air Quality Reading,Risk of sensor malfunction or false safety indication,"Inspect, clean, and recalibrate air quality sensors."
21.5,92.5,51,761.5,958.4,109.8,1,339.8,1.1.25 05:20,1,"High Humidity, Poor Air Quality, High CO₂ Level, Motion Detected","Risk of mold, risk of Possible dust or smoke, risk of Poor ventilation, risk of pests","Activate dehumidifier., Ventilate and check air filters., Improve airflow/ventilation., Check premises immediately."
22.1,67.4,30.6,307.6,277.6,23.5,0,386.8,1.1.25 05:21,2,"Low Moisture Level, Low CO₂ Level","Risk of excessive dryness and weight loss, Risk of excessive ventilation and energy wastage","Balance humidity levels and avoid direct airflow on cinnamon stock., Reduce ventilation intensity and maintain balanced airflow."
22.4,64.7,52.9,689.1,759,39.2,0,259.2,1.1.25 05:22,1,Poor Air Quality,risk of Possible dust or smoke,Ventilate and check air filters.
22.8,73.6,46.1,466.4,547.5,79.3,0,352.3,1.1.25 05:23,0,no,no,No action required.
20.2,60.8,51.8,886,673.2,83.2,1,424.2,1.1.25 05:24,1,"Poor Air Quality, Motion Detected","risk of Possible dust or smoke, risk of pests","Ventilate and check air filters., Check premises immediately."
25.2,96.4,73,334.5,841.3,331.1,0,286.8,1.1.25 05:25,1,"High Humidity, High Moisture Level, High Temperature, High CO₂ Level, Unexpected Light Level","Risk of mold, Risk of spoilage, Risk of product degradation and Color may change, risk of Poor ventilation, Risk-Color may change","Activate dehumidifier., Investigate leaks and dry area., Increase ventilation/cooling., Improve airflow/ventilation., Cover cinnamon stock with opaque sheets"
23.8,59.2,33.3,569.1,639.9,40,0,115.5,1.1.25 05:26,2,"Low Humidity, Low Moisture Level","Risk of over-drying and aroma loss, Risk of excessive dryness and weight loss","Reduce dehumidifier usage and slightly increase ambient humidity., Balance humidity levels and avoid direct airflow on cinnamon stock."
21,69.3,52.7,446.1,517,103,0,296.2,1.1.25 05:27,0,no,no,No action required.
22.2,60.2,48.6,316.8,436.7,41.7,0,119.6,1.1.25 05:28,0,no,no,No action required.
20.6,71.5,45,366.4,562.2,129.5,0,79.9,1.1.25 05:29,0,no,no,No action required.
24.6,88.1,77.9,306.8,938.1,365.3,0,403.3,1.1.25 05:30,1,"High Humidity, High Moisture Level, High CO₂ Level, Unexpected Light Level","Risk of mold, Risk of spoilage, risk of Poor ventilation, Risk-Color may change","Activate dehumidifier., Investigate leaks and dry area., Improve airflow/ventilation., Cover cinnamon stock with opaque sheets"
20.6,69,47.8,414.9,763.7,81.3,0,309.8,1.1.25 05:31,0,no,no,No action required.
20.6,64.8,53.4,475.7,535.9,105.9,0,453.2,1.1.25 05:32,0,no,no,No action required.
35.4,84,47.8,309.4,926,496.3,0,222.6,1.1.25 05:33,1,"High Temperature, High CO₂ Level, Unexpected Light Level","Risk of product degradation and Color may change, risk of Poor ventilation, Risk-Color may change","Increase ventilation/cooling., Improve airflow/ventilation., Cover cinnamon stock with opaque sheets"
21.2,80,66.8,572.4,722.9,88.6,1,407.7,1.1.25 05:34,1,"High Moisture Level, Motion Detected","Risk of spoilage, risk of pests","Investigate leaks and dry area., Check premises immediately."
24.4,77.6,47.7,352.2,635.7,278.9,1,126.7,1.1.25 05:35,1,"Motion Detected, Unexpected Light Level","risk of pests, Risk-Color may change","Check premises immediately., Cover cinnamon stock with opaque sheets"
30.8,85.4,50.4,836.2,758.6,132.8,0,36.8,1.1.25 05:36,1,"High Humidity, High Temperature, Poor Air Quality","Risk of mold, Risk of product degradation and Color may change, risk of Possible dust or smoke","Activate dehumidifier., Increase ventilation/cooling., Ventilate and check air filters."
16.5,81.7,38.3,372.3,612.6,123.7,0,59.1,1.1.25 05:37,2,"Low Moisture Level, Low Temperature","Risk of excessive dryness and weight loss, Risk of condensation during temperature fluctuation","Balance humidity levels and avoid direct airflow on cinnamon stock., Stabilize temperature gradually and improve storage insulation."
23.2,66.8,51.7,586.8,571.9,101,0,38.6,1.1.25 05:38,0,no,no,No action required.
24.8,81,46.1,880.8,1041.7,116.1,0,287.6,1.1.25 05:39,1,"Poor Air Quality, High CO₂ Level","risk of Possible dust or smoke, risk of Poor ventilation","Ventilate and check air filters., Improve airflow/ventilation."
22.2,70.8,48.8,356.5,799.8,3.2,0,168.5,1.1.25 05:40,2,Very Low Light Level,Risk of hidden defects and inspection difficulty,Enable controlled low-intensity inspection lighting periodically.
37.2,81.2,54.2,414.3,599.4,52.5,0,320,1.1.25 05:41,1,High Temperature,Risk of product degradation and Color may change,Increase ventilation/cooling.
23.6,74.5,46.1,354.8,545.4,62.6,0,169.5,1.1.25 05:42,0,no,no,No action required.
21.1,67.9,52.9,448.7,626.3,29.5,0,107.4,1.1.25 05:43,0,no,no,No action required.
20.3,60.4,71.7,646.3,714.4,33.7,0,476.7,1.1.25 05:44,1,"High Moisture Level, Poor Air Quality","Risk of spoilage, risk of Possible dust or smoke","Investigate leaks and dry area., Ventilate and check air filters."
20.3,72,45.6,547.3,601.7,41.3,0,121.9,1.1.25 05:45,0,no,no,No action required.
23.8,73.8,50,222.4,329.1,136.2,0,113.3,1.1.25 05:46,2,"Very Low Air Quality Reading, Low CO₂ Level","Risk of sensor malfunction or false safety indication, Risk of excessive ventilation and energy wastage","Inspect, clean, and recalibrate air quality sensors., Reduce ventilation intensity and maintain balanced airflow."
21.4,82.3,52.1,523.6,592.2,101.3,0,244.4,1.1.25 05:47,0,no,no,No action required.
20.7,68.1,54.3,479.8,799.7,132.7,0,319.9,1.1.25 05:48,0,no,no,No action required.
21,76.1,47.1,583.8,738.1,64,0,267.3,1.1.25 05:49,0,no,no,No action required.
23.3,42.6,45.5,591.3,656,32.1,0,56.5,1.1.25 05:50,2,Low Humidity,Risk of over-drying and aroma loss,Reduce dehumidifier usage and slightly increase ambient humidity.
22.3,46.4,49.8,550.5,632,23.1,0,469.5,1.1.25 05:51,2,Low Humidity,Risk of over-drying and aroma loss,Reduce dehumidifier usage and slightly increase ambient humidity.
14,58.5,46.8,220.8,669.6,14.8,0,302.5,1.1.25 05:52,2,"Low Humidity, Low Temperature, Very Low Air Quality Reading, Very Low Light Level","Risk of over-drying and aroma loss, Risk of condensation during temperature fluctuation, Risk of sensor malfunction or false safety indication, Risk of hidden defects and inspection difficulty","Reduce dehumidifier usage and slightly increase ambient humidity., Stabilize temperature gradually and improve storage insulation., Inspect, clean, and recalibrate air quality sensors., Enable controlled low-intensity inspection lighting periodically."
21.5,80.3,50,509.5,365,10.7,0,315.5,1.1.25 05:53,2,"Low CO₂ Level, Very Low Light Level","Risk of excessive ventilation and energy wastage, Risk of hidden defects and inspection difficulty","Reduce ventilation intensity and maintain balanced airflow., Enable controlled low-intensity inspection lighting periodically."
24.8,67.1,45.5,419.4,1120.2,116.8,0,463.3,1.1.25 05:54,1,High CO₂ Level,risk of Poor ventilation,Improve airflow/ventilation.
12.2,46.2,48,458.1,661.9,142.3,0,394.6,1.1.25 05:55,2,"Low Humidity, Low Temperature","Risk of over-drying and aroma loss, Risk of condensation during temperature fluctuation","Reduce dehumidifier usage and slightly increase ambient humidity., Stabilize temperature gradually and improve storage insulation."
24.5,77.9,69.7,638,981.3,420.1,0,301.6,1.1.25 05:56,1,"High Moisture Level, Poor Air Quality, High CO₂ Level, Unexpected Light Level","Risk of spoilage, risk of Possible dust or smoke, risk of Poor ventilation, Risk-Color may change","Investigate leaks and dry area., Ventilate and check air filters., Improve airflow/ventilation., Cover cinnamon stock with opaque sheets"
24.4,73,64,552.4,554.8,183.8,0,247.7,1.1.25 01:22,1,"High Moisture Level, Unexpected Light Level","Risk of spoilage, Risk-Color may change","Investigate leaks and dry area., Cover cinnamon stock with opaque sheets"
24.6,80.6,54.5,314.6,433.6,47.7,0,269.8,1.1.25 01:23,0,no,no,No action required.
27.4,94.7,53.7,353.1,1328,82,0,335,1.1.25 01:24,1,"High Humidity, High Temperature, High CO₂ Level","Risk of mold, Risk of product degradation and Color may change, risk of Poor ventilation","Activate dehumidifier., Increase ventilation/cooling., Improve airflow/ventilation."
24.2,75.2,46,257.4,661.6,56.1,0,417.7,1.1.25 01:25,2,Very Low Air Quality Reading,Risk of sensor malfunction or false safety indication,"Inspect, clean, and recalibrate air quality sensors."
23.3,67.5,54.7,370.1,401.9,27.4,0,165.1,1.1.25 01:26,0,no,no,No action required.
21.6,77,53.1,575.1,405.9,132.8,0,60.6,1.1.25 01:27,0,no,no,No action required.
21.4,80.2,54.8,342.3,426.3,120.8,1,285.9,1.1.25 01:28,1,Motion Detected,risk of pests,Check premises immediately.
23.1,80.7,47.9,419.7,443.8,143,0,122.9,1.1.25 01:29,0,no,no,No action required.
21.8,83.8,46.2,184.6,441,24.7,0,263.6,1.1.25 01:30,2,Very Low Air Quality Reading,Risk of sensor malfunction or false safety indication,"Inspect, clean, and recalibrate air quality sensors."
36.7,62,46.7,529.5,472.4,55.6,0,350.1,1.1.25 01:31,1,High Temperature,Risk of product degradation and Color may change,Increase ventilation/cooling.
24.3,71.9,45.4,323.6,632.9,103.5,0,316,1.1.25 01:32,0,no,no,No action required.
22.1,74.6,49.1,305.2,409,72.2,0,390.9,1.1.25 01:33,0,no,no,No action required.
20.5,78.7,47.5,332.7,743.8,100.4,0,457.5,1.1.25 01:34,0,no,no,No action required.
18.9,64.6,46.1,112.6,343.2,97.6,0,79.7,1.1.25 01:35,2,"Low Temperature, Very Low Air Quality Reading, Low CO₂ Level","Risk of condensation during temperature fluctuation, Risk of sensor malfunction or false safety indication, Risk of excessive ventilation and energy wastage","Stabilize temperature gradually and improve storage insulation., Inspect, clean, and recalibrate air quality sensors., Reduce ventilation intensity and maintain balanced airflow."
21.3,79.1,54.8,404.9,665.6,129.2,0,75.2,1.1.25 01:36,0,no,no,No action required.
21.4,91.3,54,834.9,441,89.1,0,342.6,1.1.25 01:37,1,"High Humidity, Poor Air Quality","Risk of mold, risk of Possible dust or smoke","Activate dehumidifier., Ventilate and check air filters."
21.2,79.6,50.3,421.1,688,82.1,0,399,1.1.25 01:38,0,no,no,No action required.
24,61.7,51.4,421.6,845.3,193.9,0,480.2,1.1.25 01:39,1,"High CO₂ Level, Unexpected Light Level","risk of Poor ventilation, Risk-Color may change","Improve airflow/ventilation., Cover cinnamon stock with opaque sheets"
20,61.4,45.5,396.7,777.4,112.4,0,132.7,1.1.25 06:15,0,no,no,No action required.
18.8,36.2,52.6,397.9,767.1,138.4,0,322.6,1.1.25 06:16,2,"Low Humidity, Low Temperature","Risk of over-drying and aroma loss, Risk of condensation during temperature fluctuation","Reduce dehumidifier usage and slightly increase ambient humidity., Stabilize temperature gradually and improve storage insulation."
20.7,83.7,47.9,522.6,637.6,26.2,0,239.7,1.1.25 06:17,0,no,no,No action required.
13.1,77.6,50.8,188.6,552.4,26.1,0,144.1,1.1.25 06:18,2,"Low Temperature, Very Low Air Quality Reading","Risk of condensation during temperature fluctuation, Risk of sensor malfunction or false safety indication","Stabilize temperature gradually and improve storage insulation., Inspect, clean, and recalibrate air quality sensors."
21,77.4,45.7,456.5,567.8,21.2,0,164.1,1.1.25 06:19,0,no,no,No action required.
20.7,74.8,40.6,182.4,499.6,7.2,0,429.9,1.1.25 06:20,2,"Low Moisture Level, Very Low Air Quality Reading, Very Low Light Level","Risk of excessive dryness and weight loss, Risk of sensor malfunction or false safety indication, Risk of hidden defects and inspection difficulty","Balance humidity levels and avoid direct airflow on cinnamon stock., Inspect, clean, and recalibrate air quality sensors., Enable controlled low-intensity inspection lighting periodically."
23.3,68.1,48,302.1,1043,38.6,0,334.8,1.1.25 06:21,1,High CO₂ Level,risk of Poor ventilation,Improve airflow/ventilation.
20.6,94,47,593.6,525,50.8,0,39.2,1.1.25 06:22,1,High Humidity,Risk of mold,Activate dehumidifier.
24.5,71.8,52.3,360.7,859.5,143.3,1,14.9,1.1.25 06:23,1,"High CO₂ Level, Motion Detected","risk of Poor ventilation, risk of pests","Improve airflow/ventilation., Check premises immediately."
21.4,73.8,49.6,441.2,602.4,66.5,0,199.2,1.1.25 06:24,0,no,no,No action required.
22.7,65.4,48.8,529.3,464.1,76.9,0,208.4,1.1.25 06:25,0,no,no,No action required.
23.6,68.1,46.6,463.9,626.2,114.8,0,3.2,1.1.25 06:26,0,no,no,No action required.
20.2,64.5,49.7,375.9,437.2,114.7,0,156.7,1.1.25 06:27,0,no,no,No action required.
23.1,74.3,52.6,528.9,462.9,131.8,0,182.8,1.1.25 06:28,0,no,no,No action required.
18,77.6,50.1,498.3,620.7,110.6,0,221,1.1.25 06:29,2,Low Temperature,Risk of condensation during temperature fluctuation,Stabilize temperature gradually and improve storage insulation.
22.6,76.8,52.3,301.5,432.2,28.5,0,277.6,1.1.25 06:30,0,no,no,No action required.
21.9,69.3,49.5,124.2,478,81.9,0,18.7,1.1.25 06:31,2,Very Low Air Quality Reading,Risk of sensor malfunction or false safety indication,"Inspect, clean, and recalibrate air quality sensors."
33.5,85.4,77.3,796.7,770.3,96.3,0,137.8,1.1.25 06:32,1,"High Humidity, High Moisture Level, High Temperature, Poor Air Quality","Risk of mold, Risk of spoilage, Risk of product degradation and Color may change, risk of Possible dust or smoke","Activate dehumidifier., Investigate leaks and dry area., Increase ventilation/cooling., Ventilate and check air filters."
21.1,65.1,50.1,519.1,743.6,64.3,0,135.5,1.1.25 06:33,0,no,no,No action required.
22.2,75.1,32.6,574.1,438.2,133,0,421.2,1.1.25 06:34,2,Low Moisture Level,Risk of excessive dryness and weight loss,Balance humidity levels and avoid direct airflow on cinnamon stock.
20.1,70.7,40.4,442,531.1,102.7,0,397.8,1.1.25 06:35,2,Low Moisture Level,Risk of excessive dryness and weight loss,Balance humidity levels and avoid direct airflow on cinnamon stock.
15.7,64.1,52.1,251,416.3,70.5,0,144.6,1.1.25 06:36,2,"Low Temperature, Very Low Air Quality Reading","Risk of condensation during temperature fluctuation, Risk of sensor malfunction or false safety indication","Stabilize temperature gradually and improve storage insulation., Inspect, clean, and recalibrate air quality sensors."
23.1,67.2,46.3,348.2,642.1,102.6,0,57.3,1.1.25 06:37,0,no,no,No action required.
24.6,96.4,53.8,444.3,767.9,147,0,218,1.1.25 06:38,1,High Humidity,Risk of mold,Activate dehumidifier.
20.7,65.4,53.3,400.3,568.6,133.1,0,8.6,1.1.25 06:39,0,no,no,No action required.
24,72.7,48.5,488.2,701,142.2,0,415.5,1.1.25 06:40,0,no,no,No action required.
20.6,78.1,51.6,833.8,1430.2,478.4,1,406.6,1.1.25 06:41,1,"Poor Air Quality, High CO₂ Level, Motion Detected, Unexpected Light Level","risk of Possible dust or smoke, risk of Poor ventilation, risk of pests, Risk-Color may change","Ventilate and check air filters., Improve airflow/ventilation., Check premises immediately., Cover cinnamon stock with opaque sheets"
23,87.5,54,693,760.6,59.8,0,305.5,1.1.25 06:42,1,"High Humidity, Poor Air Quality","Risk of mold, risk of Possible dust or smoke","Activate dehumidifier., Ventilate and check air filters."
20.5,70.2,54,814.3,1317.5,149.8,1,99.2,1.1.25 06:43,1,"Poor Air Quality, High CO₂ Level, Motion Detected","risk of Possible dust or smoke, risk of Poor ventilation, risk of pests","Ventilate and check air filters., Improve airflow/ventilation., Check premises immediately."
14,67.3,34.6,512.2,697.3,15.1,0,0.8,1.1.25 06:44,2,"Low Moisture Level, Low Temperature, Very Low Light Level","Risk of excessive dryness and weight loss, Risk of condensation during temperature fluctuation, Risk of hidden defects and inspection difficulty","Balance humidity levels and avoid direct airflow on cinnamon stock., Stabilize temperature gradually and improve storage insulation., Enable controlled low-intensity inspection lighting periodically."
21.7,30.6,34.2,181.2,200.7,12.2,0,480.7,1.1.25 06:45,2,"Low Humidity, Low Moisture Level, Very Low Air Quality Reading, Low CO₂ Level, Very Low Light Level","Risk of over-drying and aroma loss, Risk of excessive dryness and weight loss, Risk of sensor malfunction or false safety indication, Risk of excessive ventilation and energy wastage, Risk of hidden defects and inspection difficulty","Reduce dehumidifier usage and slightly increase ambient humidity., Balance humidity levels and avoid direct airflow on cinnamon stock., Inspect, clean, and recalibrate air quality sensors., Reduce ventilation intensity and maintain balanced airflow., Enable controlled low-intensity inspection lighting periodically."
13.3,63.6,51.3,287.1,272.8,16.5,0,136.5,1.1.25 06:46,2,"Low Temperature, Very Low Air Quality Reading, Low CO₂ Level, Very Low Light Level","Risk of condensation during temperature fluctuation, Risk of sensor malfunction or false safety indication, Risk of excessive ventilation and energy wastage, Risk of hidden defects and inspection difficulty","Stabilize temperature gradually and improve storage insulation., Inspect, clean, and recalibrate air quality sensors., Reduce ventilation intensity and maintain balanced airflow., Enable controlled low-intensity inspection lighting periodically."
23.2,84.5,48.2,483.7,469.5,64.9,0,343.5,1.1.25 06:47,0,no,no,No action required.
20.3,70.6,52.3,342.4,681.2,106.1,0,21.5,1.1.25 06:48,0,no,no,No action required.
20.6,60.7,52.6,375.6,496.8,44.4,0,9.3,1.1.25 06:49,0,no,no,No action required.
21.8,64.8,50.2,497.4,531.5,105,0,440.5,1.1.25 06:50,0,no,no,No action required.
21.8,61.4,47.2,552.1,543.5,295.9,0,161.5,1.1.25 06:51,1,Unexpected Light Level,Risk-Color may change,Cover cinnamon stock with opaque sheets
24.9,61.2,45.5,252.4,712.8,72,0,111.4,1.1.25 06:52,2,Very Low Air Quality Reading,Risk of sensor malfunction or false safety indication,"Inspect, clean, and recalibrate air quality sensors."
24,79.5,53.8,458.7,738,54.6,0,402.9,1.1.25 06:53,0,no,no,No action required.
24,72.8,51.1,475.9,656.4,107.5,0,29.2,1.1.25 06:54,0,no,no,No action required.
23.1,75,71.1,473.3,433.4,97.6,1,369.6,1.1.25 06:55,1,"High Moisture Level, Motion Detected","Risk of spoilage, risk of pests","Investigate leaks and dry area., Check premises immediately."
20.7,71.2,51.7,563.2,796.9,107.1,0,397.5,1.1.25 06:56,0,no,no,No action required.
38,64.1,64,826,674.5,54.9,1,481,1.1.25 06:57,1,"High Moisture Level, High Temperature, Poor Air Quality, Motion Detected","Risk of spoilage, Risk of product degradation and Color may change, risk of Possible dust or smoke, risk of pests","Investigate leaks and dry area., Increase ventilation/cooling., Ventilate and check air filters., Check premises immediately."
20.1,43.6,40.8,426.4,605.4,63.8,0,298.4,1.1.25 06:58,2,"Low Humidity, Low Moisture Level","Risk of over-drying and aroma loss, Risk of excessive dryness and weight loss","Reduce dehumidifier usage and slightly increase ambient humidity., Balance humidity levels and avoid direct airflow on cinnamon stock."
20.8,72.3,42.2,336.6,698.6,3.9,0,308,1.1.25 06:59,2,"Low Moisture Level, Very Low Light Level","Risk of excessive dryness and weight loss, Risk of hidden defects and inspection difficulty","Balance humidity levels and avoid direct airflow on cinnamon stock., Enable controlled low-intensity inspection lighting periodically."
22.2,90.9,45.5,580.3,441.1,51.5,1,431.2,1.1.25 07:00,1,"High Humidity, Motion Detected","Risk of mold, risk of pests","Activate dehumidifier., Check premises immediately."
22.1,76.7,48.4,378.8,551.2,410.4,0,149.1,1.1.25 07:01,1,Unexpected Light Level,Risk-Color may change,Cover cinnamon stock with opaque sheets
20.9,80.9,52.4,597,706.5,84.7,0,91.3,1.1.25 07:02,0,no,no,No action required.
23.9,60.9,49.6,437.4,645.9,82.3,0,58.8,1.1.25 07:03,0,no,no,No action required.
22.8,64.2,49.2,385.8,746.2,98,0,237.9,1.1.25 07:04,0,no,no,No action required.
35.1,84.3,62.2,802,1324.3,138.7,0,129.6,1.1.25 07:05,1,"High Moisture Level, High Temperature, Poor Air Quality, High CO₂ Level","Risk of spoilage, Risk of product degradation and Color may change, risk of Possible dust or smoke, risk of Poor ventilation","Investigate leaks and dry area., Increase ventilation/cooling., Ventilate and check air filters., Improve airflow/ventilation."
24,88.9,53,487.5,447.2,140.1,0,374.9,1.1.25 07:06,1,High Humidity,Risk of mold,Activate dehumidifier.
26.1,92.1,50.6,526.5,555.5,366.2,0,219.9,1.1.25 07:07,1,"High Humidity, High Temperature, Unexpected Light Level","Risk of mold, Risk of product degradation and Color may change, Risk-Color may change","Activate dehumidifier., Increase ventilation/cooling., Cover cinnamon stock with opaque sheets"
13.9,83.9,48.4,499.1,574.2,104,0,312.2,1.1.25 07:08,2,Low Temperature,Risk of condensation during temperature fluctuation,Stabilize temperature gradually and improve storage insulation.
21.6,65.5,52,193,602.4,128.9,0,201,1.1.25 07:09,2,Very Low Air Quality Reading,Risk of sensor malfunction or false safety indication,"Inspect, clean, and recalibrate air quality sensors."
11.7,72.9,54.9,121.8,726.5,132.6,0,349.8,1.1.25 07:10,2,"Low Temperature, Very Low Air Quality Reading","Risk of condensation during temperature fluctuation, Risk of sensor malfunction or false safety indication","Stabilize temperature gradually and improve storage insulation., Inspect, clean, and recalibrate air quality sensors."
21,63.6,47.6,627.4,615.5,47.9,0,282.1,1.1.25 07:11,1,Poor Air Quality,risk of Possible dust or smoke,Ventilate and check air filters.
12.7,84.3,37.5,542.2,393,13.4,0,196.4,1.1.25 07:12,2,"Low Moisture Level, Low Temperature, Low CO₂ Level, Very Low Light Level","Risk of excessive dryness and weight loss, Risk of condensation during temperature fluctuation, Risk of excessive ventilation and energy wastage, Risk of hidden defects and inspection difficulty","Balance humidity levels and avoid direct airflow on cinnamon stock., Stabilize temperature gradually and improve storage insulation., Reduce ventilation intensity and maintain balanced airflow., Enable controlled low-intensity inspection lighting periodically."
39.8,90.9,61.4,390,1192,123,0,342.6,1.1.25 07:13,1,"High Humidity, High Moisture Level, High Temperature, High CO₂ Level","Risk of mold, Risk of spoilage, Risk of product degradation and Color may change, risk of Poor ventilation","Activate dehumidifier., Investigate leaks and dry area., Increase ventilation/cooling., Improve airflow/ventilation."
21.6,64.3,48.7,580,621.1,121.2,0,144.7,1.1.25 07:14,0,no,no,No action required.
11.3,49,54,212.6,314,11.8,0,356.3,1.1.25 07:15,2,"Low Humidity, Low Temperature, Very Low Air Quality Reading, Low CO₂ Level, Very Low Light Level","Risk of over-drying and aroma loss, Risk of condensation during temperature fluctuation, Risk of sensor malfunction or false safety indication, Risk of excessive ventilation and energy wastage, Risk of hidden defects and inspection difficulty","Reduce dehumidifier usage and slightly increase ambient humidity., Stabilize temperature gradually and improve storage insulation., Inspect, clean, and recalibrate air quality sensors., Reduce ventilation intensity and maintain balanced airflow., Enable controlled low-intensity inspection lighting periodically."
21.4,71,37.6,512.9,785.8,24.2,0,61.8,1.1.25 07:16,2,Low Moisture Level,Risk of excessive dryness and weight loss,Balance humidity levels and avoid direct airflow on cinnamon stock.
35.1,79.4,66.8,588.3,744.6,25,1,46.7,1.1.25 07:17,1,"High Moisture Level, High Temperature, Motion Detected","Risk of spoilage, Risk of product degradation and Color may change, risk of pests","Investigate leaks and dry area., Increase ventilation/cooling., Check premises immediately."
24.9,91.9,52.2,519.6,685.5,390.6,0,327.3,1.1.25 07:18,1,"High Humidity, Unexpected Light Level","Risk of mold, Risk-Color may change","Activate dehumidifier., Cover cinnamon stock with opaque sheets"
11.4,72.3,47.8,583.8,464.3,20.7,0,70.8,1.1.25 07:19,2,Low Temperature,Risk of condensation during temperature fluctuation,Stabilize temperature gradually and improve storage insulation.
22.2,64.2,46.7,549.1,649.2,117.6,0,332.5,1.1.25 07:20,0,no,no,No action required.
21.1,67.9,50.7,577.5,659.2,121.1,0,246.3,1.1.25 07:21,0,no,no,No action required.
20.1,69,45.1,314,444.5,22,0,438.6,1.1.25 07:22,0,no,no,No action required.
22,81.8,53,358.5,656.1,131.9,0,169.1,1.1.25 07:23,0,no,no,No action required.
22.2,71.5,49.1,824.6,476.9,70.9,0,243.5,1.1.25 07:24,1,Poor Air Quality,risk of Possible dust or smoke,Ventilate and check air filters.
23.1,65.9,45.4,327.6,655.9,133.9,0,424.2,1.1.25 07:25,0,no,no,No action required.
13.2,50.9,38.5,511.3,513.3,131.8,0,6.3,1.1.25 07:26,2,"Low Humidity, Low Moisture Level, Low Temperature","Risk of over-drying and aroma loss, Risk of excessive dryness and weight loss, Risk of condensation during temperature fluctuation","Reduce dehumidifier usage and slightly increase ambient humidity., Balance humidity levels and avoid direct airflow on cinnamon stock., Stabilize temperature gradually and improve storage insulation."
22.9,90.9,47.5,306.6,699.7,209.7,0,353.5,1.1.25 07:27,1,"High Humidity, Unexpected Light Level","Risk of mold, Risk-Color may change","Activate dehumidifier., Cover cinnamon stock with opaque sheets"
21,64.7,73.8,390.6,793.3,117.7,0,378.9,1.1.25 07:28,1,High Moisture Level,Risk of spoilage,Investigate leaks and dry area.
17.3,67.1,51.5,423.5,669.8,18.3,0,177.7,1.1.25 07:29,2,"Low Temperature, Very Low Light Level","Risk of condensation during temperature fluctuation, Risk of hidden defects and inspection difficulty","Stabilize temperature gradually and improve storage insulation., Enable controlled low-intensity inspection lighting periodically."
22,83.1,50.9,589.8,525.1,69.2,0,431,1.1.25 07:30,0,no,no,No action required.
23.1,95.5,50.7,589.7,1400.7,442.4,0,114,1.1.25 07:31,1,"High Humidity, High CO₂ Level, Unexpected Light Level","Risk of mold, risk of Poor ventilation, Risk-Color may change","Activate dehumidifier., Improve airflow/ventilation., Cover cinnamon stock with opaque sheets"
16.6,77,47,402.9,609.6,30.7,0,473.9,1.1.25 07:32,2,Low Temperature,Risk of condensation during temperature fluctuation,Stabilize temperature gradually and improve storage insulation.
23.6,79.8,45.1,405.2,495.4,86.1,0,374,1.1.25 07:33,0,no,no,No action required.
21.2,83.7,52.8,337.3,341.3,142.7,0,144.4,1.1.25 07:34,2,Low CO₂ Level,Risk of excessive ventilation and energy wastage,Reduce ventilation intensity and maintain balanced airflow.
21.8,79.3,47.7,418.8,654.1,85.4,0,212.6,1.1.25 07:35,0,no,no,No action required.
22.1,71.2,49.8,619.3,470.4,86.9,0,319.5,1.1.25 07:36,1,Poor Air Quality,risk of Possible dust or smoke,Ventilate and check air filters.
22.4,73,45.6,471.5,499.7,98.3,0,278.8,1.1.25 07:37,0,no,no,No action required.
23.9,60.6,48.4,511.7,672.1,71,0,499.6,1.1.25 07:38,0,no,no,No action required.
22.2,84.4,45.5,775.6,696.2,326.1,0,164.2,1.1.25 07:39,1,"Poor Air Quality, Unexpected Light Level","risk of Possible dust or smoke, Risk-Color may change","Ventilate and check air filters., Cover cinnamon stock with opaque sheets"
22.3,67.7,52.5,535.1,559.5,130.1,0,392.8,1.1.25 07:40,0,no,no,No action required.
24.5,86.4,46.5,548.5,1153.7,35.4,0,480.1,1.1.25 07:41,1,"High Humidity, High CO₂ Level","Risk of mold, risk of Poor ventilation","Activate dehumidifier., Improve airflow/ventilation."
37.3,78.7,59.7,325.4,587.9,62.6,0,449.4,1.1.25 07:42,1,"High Moisture Level, High Temperature","Risk of spoilage, Risk of product degradation and Color may change","Investigate leaks and dry area., Increase ventilation/cooling."
20.8,89.7,60.6,485.8,544.5,110.1,0,311.4,1.1.25 07:43,1,"High Humidity, High Moisture Level","Risk of mold, Risk of spoilage","Activate dehumidifier., Investigate leaks and dry area."
20.5,79.3,46.2,526.4,410.4,107.4,0,185.9,1.1.25 07:44,0,no,no,No action required.
15.2,71.5,52.9,560,630.9,11.1,0,222.2,1.1.25 07:45,2,"Low Temperature, Very Low Light Level","Risk of condensation during temperature fluctuation, Risk of hidden defects and inspection difficulty","Stabilize temperature gradually and improve storage insulation., Enable controlled low-intensity inspection lighting periodically."
23.1,75,48,500.3,521.7,34.2,0,437.1,1.1.25 07:46,0,no,no,No action required.
14.7,40.8,53.5,110.2,212.7,131.4,0,357.7,1.1.25 07:47,2,"Low Humidity, Low Temperature, Very Low Air Quality Reading, Low CO₂ Level","Risk of over-drying and aroma loss, Risk of condensation during temperature fluctuation, Risk of sensor malfunction or false safety indication, Risk of excessive ventilation and energy wastage","Reduce dehumidifier usage and slightly increase ambient humidity., Stabilize temperature gradually and improve storage insulation., Inspect, clean, and recalibrate air quality sensors., Reduce ventilation intensity and maintain balanced airflow."
14.9,61.8,45.6,462.6,301.9,32.7,0,58,1.1.25 07:48,2,"Low Temperature, Low CO₂ Level","Risk of condensation during temperature fluctuation, Risk of excessive ventilation and energy wastage","Stabilize temperature gradually and improve storage insulation., Reduce ventilation intensity and maintain balanced airflow."
24.3,84.4,78.5,841.7,543.3,115.8,1,352.9,1.1.25 07:49,1,"High Moisture Level, Poor Air Quality, Motion Detected","Risk of spoilage, risk of Possible dust or smoke, risk of pests","Investigate leaks and dry area., Ventilate and check air filters., Check premises immediately."
23.2,70.3,54.2,500,544.7,58.7,0,320.2,1.1.25 07:50,0,no,no,No action required.
24.5,84.6,47.8,317,437,33.5,0,151.7,1.1.25 07:51,0,no,no,No action required.
22.6,64.6,47,580.1,744.4,102.4,0,328.1,1.1.25 07:52,0,no,no,No action required.
22.6,74.9,48.5,317.7,655.8,140.7,0,391.8,1.1.25 07:53,0,no,no,No action required.
23.8,77.4,53,566.8,506.1,52.7,0,288.1,1.1.25 07:54,0,no,no,No action required.
24.2,73.1,54.7,585.6,649.1,109,0,241,1.1.25 07:55,0,no,no,No action required.
23.4,69.3,52.7,523.9,623.4,59.7,0,386.1,1.1.25 07:56,0,no,no,No action required.
22.4,70.5,50.1,495.1,648.6,7.7,0,53.5,1.1.25 07:57,2,Very Low Light Level,Risk of hidden defects and inspection difficulty,Enable controlled low-intensity inspection lighting periodically.
21.1,80.7,33.9,447.2,301.3,64.8,0,360.6,1.1.25 07:58,2,"Low Moisture Level, Low CO₂ Level","Risk of excessive dryness and weight loss, Risk of excessive ventilation and energy wastage","Balance humidity levels and avoid direct airflow on cinnamon stock., Reduce ventilation intensity and maintain balanced airflow."
18.7,59.7,47.8,352.2,790.9,76.9,0,456.7,1.1.25 07:59,2,"Low Humidity, Low Temperature","Risk of over-drying and aroma loss, Risk of condensation during temperature fluctuation","Reduce dehumidifier usage and slightly increase ambient humidity., Stabilize temperature gradually and improve storage insulation."
20.9,67.1,50.1,326.1,643.7,176.8,0,74.8,1.1.25 08:00,1,Unexpected Light Level,Risk-Color may change,Cover cinnamon stock with opaque sheets
24.6,65,50.8,378.5,471.9,20.1,0,387.3,1.1.25 08:01,0,no,no,No action required.
22.2,77.8,73,589.8,1198.2,245.4,0,329,1.1.25 08:02,1,"High Moisture Level, High CO₂ Level, Unexpected Light Level","Risk of spoilage, risk of Poor ventilation, Risk-Color may change","Investigate leaks and dry area., Improve airflow/ventilation., Cover cinnamon stock with opaque sheets"
23.8,93.9,51.1,506.3,613.5,112.8,1,206,1.1.25 08:03,1,"High Humidity, Motion Detected","Risk of mold, risk of pests","Activate dehumidifier., Check premises immediately."
21.2,67.7,68.6,353.3,655.8,136.2,0,182.7,1.1.25 08:04,1,High Moisture Level,Risk of spoilage,Investigate leaks and dry area.
21.4,67,49.4,290.8,252.7,6.1,0,335.7,1.1.25 08:05,2,"Very Low Air Quality Reading, Low CO₂ Level, Very Low Light Level","Risk of sensor malfunction or false safety indication, Risk of excessive ventilation and energy wastage, Risk of hidden defects and inspection difficulty","Inspect, clean, and recalibrate air quality sensors., Reduce ventilation intensity and maintain balanced airflow., Enable controlled low-intensity inspection lighting periodically."
24.8,75.1,51.1,448.3,727.4,148.1,0,62.1,1.1.25 08:06,0,no,no,No action required.
23,62.5,53.9,334.7,742,65.6,0,77,1.1.25 08:07,0,no,no,No action required.
24.1,77.1,47.8,508.5,461.2,233.4,0,470.5,1.1.25 08:08,1,Unexpected Light Level,Risk-Color may change,Cover cinnamon stock with opaque sheets
22.7,70.6,59.9,431,701.5,216.5,0,150.6,1.1.25 08:09,1,"High Moisture Level, Unexpected Light Level","Risk of spoilage, Risk-Color may change","Investigate leaks and dry area., Cover cinnamon stock with opaque sheets"
16.8,73.1,36.4,287.1,544,42.3,0,207.6,1.1.25 08:10,2,"Low Moisture Level, Low Temperature, Very Low Air Quality Reading","Risk of excessive dryness and weight loss, Risk of condensation during temperature fluctuation, Risk of sensor malfunction or false safety indication","Balance humidity levels and avoid direct airflow on cinnamon stock., Stabilize temperature gradually and improve storage insulation., Inspect, clean, and recalibrate air quality sensors."
21.7,84.3,47.5,485.5,726.9,47.5,0,259.6,1.1.25 08:11,0,no,no,No action required.
19.3,65.8,48.1,296.7,767,132,0,71.1,1.1.25 08:12,2,"Low Temperature, Very Low Air Quality Reading","Risk of condensation during temperature fluctuation, Risk of sensor malfunction or false safety indication","Stabilize temperature gradually and improve storage insulation., Inspect, clean, and recalibrate air quality sensors."
21.5,64.6,45.8,239.7,783.5,145.7,0,121.5,1.1.25 08:13,2,Very Low Air Quality Reading,Risk of sensor malfunction or false safety indication,"Inspect, clean, and recalibrate air quality sensors."
21.3,60.5,54.8,423.3,799.3,136.4,0,213.5,1.1.25 08:14,0,no,no,No action required.
22.2,61.2,52.4,568.3,571.2,70.3,0,198.2,1.1.25 08:15,0,no,no,No action required.
23.3,40.7,32.1,131.7,497.1,130.2,0,454.5,1.1.25 08:16,2,"Low Humidity, Low Moisture Level, Very Low Air Quality Reading","Risk of over-drying and aroma loss, Risk of excessive dryness and weight loss, Risk of sensor malfunction or false safety indication","Reduce dehumidifier usage and slightly increase ambient humidity., Balance humidity levels and avoid direct airflow on cinnamon stock., Inspect, clean, and recalibrate air quality sensors."
21,65.7,47.3,609.1,1010.4,321.7,0,380.2,1.1.25 08:17,1,"Poor Air Quality, High CO₂ Level, Unexpected Light Level","risk of Possible dust or smoke, risk of Poor ventilation, Risk-Color may change","Ventilate and check air filters., Improve airflow/ventilation., Cover cinnamon stock with opaque sheets"
39.8,97,46,506.9,687.4,256.8,1,464.6,1.1.25 08:18,1,"High Humidity, High Temperature, Motion Detected, Unexpected Light Level","Risk of mold, Risk of product degradation and Color may change, risk of pests, Risk-Color may change","Activate dehumidifier., Increase ventilation/cooling., Check premises immediately., Cover cinnamon stock with opaque sheets"
24.6,64.7,45.8,330.8,474.1,112.9,0,318.5,1.1.25 08:19,0,no,no,No action required.
21.5,73.9,48.1,258.8,489.8,94.5,0,410.5,1.1.25 08:20,2,Very Low Air Quality Reading,Risk of sensor malfunction or false safety indication,"Inspect, clean, and recalibrate air quality sensors."
22.2,61.4,52,617.3,738.1,310.8,0,134.9,1.1.25 08:21,1,"Poor Air Quality, Unexpected Light Level","risk of Possible dust or smoke, Risk-Color may change","Ventilate and check air filters., Cover cinnamon stock with opaque sheets"
20.7,80.9,41.8,573.4,513.6,26.1,0,42.2,1.1.25 08:22,2,Low Moisture Level,Risk of excessive dryness and weight loss,Balance humidity levels and avoid direct airflow on cinnamon stock.
21.4,62.6,46.3,507.4,689.2,89.7,0,286.8,1.1.25 08:23,0,no,no,No action required.
20.2,77.8,49.1,370.1,602.9,25.4,0,448.5,1.1.25 08:24,0,no,no,No action required.
35.4,78,50.2,562.8,490.3,60.4,1,154.4,1.1.25 08:25,1,"High Temperature, Motion Detected","Risk of product degradation and Color may change, risk of pests","Increase ventilation/cooling., Check premises immediately."
22.6,86.3,51,384.1,744.2,57.8,1,364.3,1.1.25 08:26,1,"High Humidity, Motion Detected","Risk of mold, risk of pests","Activate dehumidifier., Check premises immediately."
23.8,67.1,30.6,516,538.7,45.4,0,111.5,1.1.25 08:27,2,Low Moisture Level,Risk of excessive dryness and weight loss,Balance humidity levels and avoid direct airflow on cinnamon stock.
14.5,78.4,46.9,511.5,539.4,85.6,0,442.9,1.1.25 08:28,2,Low Temperature,Risk of condensation during temperature fluctuation,Stabilize temperature gradually and improve storage insulation.
27,87.3,69.5,606.5,1166.3,56,0,403.4,1.1.25 08:29,1,"High Humidity, High Moisture Level, High Temperature, Poor Air Quality, High CO₂ Level","Risk of mold, Risk of spoilage, Risk of product degradation and Color may change, risk of Possible dust or smoke, risk of Poor ventilation","Activate dehumidifier., Investigate leaks and dry area., Increase ventilation/cooling., Ventilate and check air filters., Improve airflow/ventilation."
23.3,56.9,53.7,496.5,775.9,67.5,0,321.6,1.1.25 08:30,2,Low Humidity,Risk of over-drying and aroma loss,Reduce dehumidifier usage and slightly increase ambient humidity.
19.6,60.7,47,224.9,323.6,17.1,0,239.8,1.1.25 08:31,2,"Low Temperature, Very Low Air Quality Reading, Low CO₂ Level, Very Low Light Level","Risk of condensation during temperature fluctuation, Risk of sensor malfunction or false safety indication, Risk of excessive ventilation and energy wastage, Risk of hidden defects and inspection difficulty","Stabilize temperature gradually and improve storage insulation., Inspect, clean, and recalibrate air quality sensors., Reduce ventilation intensity and maintain balanced airflow., Enable controlled low-intensity inspection lighting periodically."
22.9,80,46.8,525.7,295.3,19.5,0,191.4,1.1.25 08:32,2,"Low CO₂ Level, Very Low Light Level","Risk of excessive ventilation and energy wastage, Risk of hidden defects and inspection difficulty","Reduce ventilation intensity and maintain balanced airflow., Enable controlled low-intensity inspection lighting periodically."
13.9,60.2,32.8,199.6,312.4,17.8,0,11.1,1.1.25 08:33,2,"Low Moisture Level, Low Temperature, Very Low Air Quality Reading, Low CO₂ Level, Very Low Light Level","Risk of excessive dryness and weight loss, Risk of condensation during temperature fluctuation, Risk of sensor malfunction or false safety indication, Risk of excessive ventilation and energy wastage, Risk of hidden defects and inspection difficulty","Balance humidity levels and avoid direct airflow on cinnamon stock., Stabilize temperature gradually and improve storage insulation., Inspect, clean, and recalibrate air quality sensors., Reduce ventilation intensity and maintain balanced airflow., Enable controlled low-intensity inspection lighting periodically."
22,56.1,40,386.4,631.5,41.9,0,17.9,1.1.25 08:34,2,"Low Humidity, Low Moisture Level","Risk of over-drying and aroma loss, Risk of excessive dryness and weight loss","Reduce dehumidifier usage and slightly increase ambient humidity., Balance humidity levels and avoid direct airflow on cinnamon stock."
24.2,67.4,53.7,331,748.7,70.5,0,429.4,1.1.25 08:35,0,no,no,No action required.
23,76.2,50.7,454.9,693.2,50.6,0,284.1,1.1.25 08:36,0,no,no,No action required.
21.6,73.6,52.4,117.1,559.1,110.6,0,302.8,1.1.25 08:37,2,Very Low Air Quality Reading,Risk of sensor malfunction or false safety indication,"Inspect, clean, and recalibrate air quality sensors."
19.3,79.8,41.1,277.5,395.9,126,0,114.2,1.1.25 08:38,2,"Low Moisture Level, Low Temperature, Very Low Air Quality Reading, Low CO₂ Level","Risk of excessive dryness and weight loss, Risk of condensation during temperature fluctuation, Risk of sensor malfunction or false safety indication, Risk of excessive ventilation and energy wastage","Balance humidity levels and avoid direct airflow on cinnamon stock., Stabilize temperature gradually and improve storage insulation., Inspect, clean, and recalibrate air quality sensors., Reduce ventilation intensity and maintain balanced airflow."
24,72.3,54.2,386,537.6,68.9,0,213.6,1.1.25 08:39,0,no,no,No action required.
21.9,56.1,45.2,572.2,637.7,67.6,0,180.7,1.1.25 08:40,2,Low Humidity,Risk of over-drying and aroma loss,Reduce dehumidifier usage and slightly increase ambient humidity.
20.8,49.3,47.6,211.9,347.4,139.7,0,439.8,1.1.25 08:41,2,"Low Humidity, Very Low Air Quality Reading, Low CO₂ Level","Risk of over-drying and aroma loss, Risk of sensor malfunction or false safety indication, Risk of excessive ventilation and energy wastage","Reduce dehumidifier usage and slightly increase ambient humidity., Inspect, clean, and recalibrate air quality sensors., Reduce ventilation intensity and maintain balanced airflow."
25,64.8,45.6,358.1,495.9,62.1,0,380.9,1.1.25 08:42,0,no,no,No action required.
23.7,71.1,54.8,550.8,627.5,142.8,0,464.3,1.1.25 08:43,0,no,no,No action required.
23.6,75.8,43.2,453.6,689.5,11,0,194,1.1.25 08:44,2,"Low Moisture Level, Very Low Light Level","Risk of excessive dryness and weight loss, Risk of hidden defects and inspection difficulty","Balance humidity levels and avoid direct airflow on cinnamon stock., Enable controlled low-intensity inspection lighting periodically."
20.4,69.5,52.5,410.8,690.4,47.2,0,399.7,1.1.25 08:45,0,no,no,No action required.
21.3,56.8,41.7,425.9,463.5,30,0,92,1.1.25 08:46,2,"Low Humidity, Low Moisture Level","Risk of over-drying and aroma loss, Risk of excessive dryness and weight loss","Reduce dehumidifier usage and slightly increase ambient humidity., Balance humidity levels and avoid direct airflow on cinnamon stock."
22,48.6,44.7,394.7,766.7,5.2,0,326.5,1.1.25 08:47,2,"Low Humidity, Low Moisture Level, Very Low Light Level","Risk of over-drying and aroma loss, Risk of excessive dryness and weight loss, Risk of hidden defects and inspection difficulty","Reduce dehumidifier usage and slightly increase ambient humidity., Balance humidity levels and avoid direct airflow on cinnamon stock., Enable controlled low-intensity inspection lighting periodically."
23.6,64.5,48,460.2,1212.8,140.3,0,181.8,1.1.25 08:48,1,High CO₂ Level,risk of Poor ventilation,Improve airflow/ventilation.
20.9,78.4,45.7,833.9,418.5,131.1,0,411.3,1.1.25 08:49,1,Poor Air Quality,risk of Possible dust or smoke,Ventilate and check air filters.
21.7,79.8,46.5,396.1,795.2,90.9,0,86.8,1.1.25 08:50,0,no,no,No action required.
23.5,42.2,50.5,360.9,550.6,102.4,0,381.5,1.1.25 08:51,2,Low Humidity,Risk of over-drying and aroma loss,Reduce dehumidifier usage and slightly increase ambient humidity.
21.1,80.7,48.6,693.7,1445.3,63.9,0,475.7,1.1.25 08:52,1,"Poor Air Quality, High CO₂ Level","risk of Possible dust or smoke, risk of Poor ventilation","Ventilate and check air filters., Improve airflow/ventilation."
30.1,63.5,63.7,899,1365.8,52.9,1,206.4,1.1.25 08:53,1,"High Moisture Level, High Temperature, Poor Air Quality, High CO₂ Level, Motion Detected","Risk of spoilage, Risk of product degradation and Color may change, risk of Possible dust or smoke, risk of Poor ventilation, risk of pests","Investigate leaks and dry area., Increase ventilation/cooling., Ventilate and check air filters., Improve airflow/ventilation., Check premises immediately."
13.4,37.3,52.2,121.4,376.9,51.6,0,388.6,1.1.25 08:54,2,"Low Humidity, Low Temperature, Very Low Air Quality Reading, Low CO₂ Level","Risk of over-drying and aroma loss, Risk of condensation during temperature fluctuation, Risk of sensor malfunction or false safety indication, Risk of excessive ventilation and energy wastage","Reduce dehumidifier usage and slightly increase ambient humidity., Stabilize temperature gradually and improve storage insulation., Inspect, clean, and recalibrate air quality sensors., Reduce ventilation intensity and maintain balanced airflow."
22,62.8,74.1,719,577.2,93.8,0,63.2,1.1.25 08:55,1,"High Moisture Level, Poor Air Quality","Risk of spoilage, risk of Possible dust or smoke","Investigate leaks and dry area., Ventilate and check air filters."
22.9,67.9,53.3,446.5,652,51.4,0,4.7,1.1.25 08:56,0,no,no,No action required.
23.5,75.6,53.9,454.1,533.2,82.2,0,436,1.1.25 08:57,0,no,no,No action required.
23.5,64.7,45.7,422.3,470.2,140.4,0,30.1,1.1.25 08:58,0,no,no,No action required.
37.3,86.4,53.1,363.7,1474.2,359,0,475,1.1.25 08:59,1,"High Humidity, High Temperature, High CO₂ Level, Unexpected Light Level","Risk of mold, Risk of product degradation and Color may change, risk of Poor ventilation, Risk-Color may change","Activate dehumidifier., Increase ventilation/cooling., Improve airflow/ventilation., Cover cinnamon stock with opaque sheets"
24.5,69.9,52.3,397.6,471.9,62.5,0,374.3,1.1.25 09:00,0,no,no,No action required.
23.7,39,49.7,342.1,304.3,102.7,0,473.4,1.1.25 09:01,2,"Low Humidity, Low CO₂ Level","Risk of over-drying and aroma loss, Risk of excessive ventilation and energy wastage","Reduce dehumidifier usage and slightly increase ambient humidity., Reduce ventilation intensity and maintain balanced airflow."
24.4,74.6,51.2,840.8,567.1,250.4,0,253.3,1.1.25 09:02,1,"Poor Air Quality, Unexpected Light Level","risk of Possible dust or smoke, Risk-Color may change","Ventilate and check air filters., Cover cinnamon stock with opaque sheets"
23.7,90.2,54.4,341.2,719.8,323.3,1,396.1,1.1.25 09:03,1,"High Humidity, Motion Detected, Unexpected Light Level","Risk of mold, risk of pests, Risk-Color may change","Activate dehumidifier., Check premises immediately., Cover cinnamon stock with opaque sheets"
23.5,78.2,47.2,386.6,767.3,83.1,0,314.9,1.1.25 09:04,0,no,no,No action required.
21,64.8,48,438.2,550,40.6,0,287.1,1.1.25 09:05,0,no,no,No action required.
21.8,39,51.4,508.1,265.3,112.3,0,268.5,1.1.25 09:06,2,"Low Humidity, Low CO₂ Level","Risk of over-drying and aroma loss, Risk of excessive ventilation and energy wastage","Reduce dehumidifier usage and slightly increase ambient humidity., Reduce ventilation intensity and maintain balanced airflow."
22.9,79.1,45.7,507.8,524.9,32.4,0,93.8,1.1.25 09:07,0,no,no,No action required.
22.7,81,37.8,560.7,466.9,146.3,0,306.4,1.1.25 09:08,2,Low Moisture Level,Risk of excessive dryness and weight loss,Balance humidity levels and avoid direct airflow on cinnamon stock.
21.7,70.1,48.4,354.2,611.9,57.4,0,403.9,1.1.25 09:09,0,no,no,No action required.
37.3,75.2,77,593.5,792,89.2,0,170.7,1.1.25 09:10,1,"High Moisture Level, High Temperature","Risk of spoilage, Risk of product degradation and Color may change","Investigate leaks and dry area., Increase ventilation/cooling."
24,62.4,47.8,542.3,551.9,42,0,333.1,1.1.25 09:11,0,no,no,No action required.
23.9,63.4,51.4,530.9,577.5,187.6,0,93.4,1.1.25 09:12,1,Unexpected Light Level,Risk-Color may change,Cover cinnamon stock with opaque sheets
20.5,84.8,51.1,318.6,603.8,136.5,0,315.5,1.1.25 09:13,0,no,no,No action required.
25.8,70,51.6,420.3,620.6,50.9,0,405.4,1.1.25 09:14,1,High Temperature,Risk of product degradation and Color may change,Increase ventilation/cooling.
22.8,73.6,56.9,336.8,772.8,412.4,0,383.8,1.1.25 09:15,1,"High Moisture Level, Unexpected Light Level","Risk of spoilage, Risk-Color may change","Investigate leaks and dry area., Cover cinnamon stock with opaque sheets"
23.4,64.5,50.3,403,204.3,76.3,0,60.7,1.1.25 09:16,2,Low CO₂ Level,Risk of excessive ventilation and energy wastage,Reduce ventilation intensity and maintain balanced airflow.
20.8,72.9,72.6,452,641.4,274,0,297,1.1.25 09:17,1,"High Moisture Level, Unexpected Light Level","Risk of spoilage, Risk-Color may change","Investigate leaks and dry area., Cover cinnamon stock with opaque sheets"
22.2,30.3,46.5,485.7,798.7,117.6,0,46.6,1.1.25 09:18,2,Low Humidity,Risk of over-drying and aroma loss,Reduce dehumidifier usage and slightly increase ambient humidity.
22.3,41.5,50.3,300.4,216.6,33.8,0,55.2,1.1.25 09:19,2,"Low Humidity, Low CO₂ Level","Risk of over-drying and aroma loss, Risk of excessive ventilation and energy wastage","Reduce dehumidifier usage and slightly increase ambient humidity., Reduce ventilation intensity and maintain balanced airflow."
21.3,84.5,52.8,426.9,283.7,31.4,0,3.1,1.1.25 09:20,2,Low CO₂ Level,Risk of excessive ventilation and energy wastage,Reduce ventilation intensity and maintain balanced airflow.
22.1,87.2,45.8,419.4,691.8,24.8,0,230.2,1.1.25 09:21,1,High Humidity,Risk of mold,Activate dehumidifier.
22.8,37.1,40.8,189.1,799.5,20.2,0,211,1.1.25 09:22,2,"Low Humidity, Low Moisture Level, Very Low Air Quality Reading","Risk of over-drying and aroma loss, Risk of excessive dryness and weight loss, Risk of sensor malfunction or false safety indication","Reduce dehumidifier usage and slightly increase ambient humidity., Balance humidity levels and avoid direct airflow on cinnamon stock., Inspect, clean, and recalibrate air quality sensors."
21.3,67.1,54.4,302.2,482.2,124,0,195.5,1.1.25 09:23,0,no,no,No action required.
20.2,67.9,46.4,471.2,536.2,63.5,0,496.8,1.1.25 09:24,0,no,no,No action required.
22.2,63.7,47,320.2,687.8,129.2,0,429.1,1.1.25 09:25,0,no,no,No action required.
24.7,74.6,50.6,320.8,507.6,22.3,0,376.3,1.1.25 09:26,0,no,no,No action required.
24.9,68.7,48.3,381.7,665,21.1,0,176,1.1.25 09:27,0,no,no,No action required.
23.6,98,49.4,880.8,489,211,1,407.9,1.1.25 09:28,1,"High Humidity, Poor Air Quality, Motion Detected, Unexpected Light Level","Risk of mold, risk of Possible dust or smoke, risk of pests, Risk-Color may change","Activate dehumidifier., Ventilate and check air filters., Check premises immediately., Cover cinnamon stock with opaque sheets"
23.5,67.8,47.4,316.3,793.9,74.1,0,418.8,1.1.25 09:29,0,no,no,No action required.
23.2,57.2,49.7,358,298,46.2,0,257.5,1.1.25 09:30,2,"Low Humidity, Low CO₂ Level","Risk of over-drying and aroma loss, Risk of excessive ventilation and energy wastage","Reduce dehumidifier usage and slightly increase ambient humidity., Reduce ventilation intensity and maintain balanced airflow."
23.2,66.8,65.8,563,748.5,91.4,0,226.1,1.1.25 09:31,1,High Moisture Level,Risk of spoilage,Investigate leaks and dry area.
21.4,77.2,53.8,380.7,667.1,84.1,0,490.1,1.1.25 09:32,0,no,no,No action required.
23.4,62,52.7,853.8,505.6,272.4,0,361.2,1.1.25 09:33,1,"Poor Air Quality, Unexpected Light Level","risk of Possible dust or smoke, Risk-Color may change","Ventilate and check air filters., Cover cinnamon stock with opaque sheets"
23.7,73.5,32.2,589.6,572.5,120.7,0,203.4,1.1.25 09:34,2,Low Moisture Level,Risk of excessive dryness and weight loss,Balance humidity levels and avoid direct airflow on cinnamon stock.
24.1,66.4,54.6,350.7,493.7,22.3,0,275.4,1.1.25 09:35,0,no,no,No action required.
20.5,73,49.2,322.6,667.4,319.1,0,290,1.1.25 09:36,1,Unexpected Light Level,Risk-Color may change,Cover cinnamon stock with opaque sheets
20.2,31.6,47.6,212.6,497.1,128.7,0,334.6,1.1.25 09:37,2,"Low Humidity, Very Low Air Quality Reading","Risk of over-drying and aroma loss, Risk of sensor malfunction or false safety indication","Reduce dehumidifier usage and slightly increase ambient humidity., Inspect, clean, and recalibrate air quality sensors."
23.5,47.9,48.2,549.8,449.1,117.1,0,116.4,1.1.25 09:38,2,Low Humidity,Risk of over-drying and aroma loss,Reduce dehumidifier usage and slightly increase ambient humidity.
22.1,64.6,52.8,379.9,505,139.1,0,365.9,1.1.25 09:39,0,no,no,No action required.
23.1,79.4,48.7,530.3,615.5,93.3,0,208.2,1.1.25 09:40,0,no,no,No action required.
28.1,73.7,52.9,634.9,626.8,119.2,0,401,1.1.25 09:41,1,"High Temperature, Poor Air Quality","Risk of product degradation and Color may change, risk of Possible dust or smoke","Increase ventilation/cooling., Ventilate and check air filters."
24.2,38.3,37.8,548.4,718.2,78.4,0,1.8,1.1.25 09:42,2,"Low Humidity, Low Moisture Level","Risk of over-drying and aroma loss, Risk of excessive dryness and weight loss","Reduce dehumidifier usage and slightly increase ambient humidity., Balance humidity levels and avoid direct airflow on cinnamon stock."
21.1,81.4,54.7,570.8,723.8,429.6,0,302.1,1.1.25 09:43,1,Unexpected Light Level,Risk-Color may change,Cover cinnamon stock with opaque sheets
21.3,46,47.8,446.3,251,7.1,0,67.4,1.1.25 09:44,2,"Low Humidity, Low CO₂ Level, Very Low Light Level","Risk of over-drying and aroma loss, Risk of excessive ventilation and energy wastage, Risk of hidden defects and inspection difficulty","Reduce dehumidifier usage and slightly increase ambient humidity., Reduce ventilation intensity and maintain balanced airflow., Enable controlled low-intensity inspection lighting periodically."
20.2,30.7,51.7,424.1,297.3,15.8,0,26.3,1.1.25 09:45,2,"Low Humidity, Low CO₂ Level, Very Low Light Level","Risk of over-drying and aroma loss, Risk of excessive ventilation and energy wastage, Risk of hidden defects and inspection difficulty","Reduce dehumidifier usage and slightly increase ambient humidity., Reduce ventilation intensity and maintain balanced airflow., Enable controlled low-intensity inspection lighting periodically."
23.9,47.4,53.2,150.5,559.5,105.4,0,24.1,1.1.25 09:46,2,"Low Humidity, Very Low Air Quality Reading","Risk of over-drying and aroma loss, Risk of sensor malfunction or false safety indication","Reduce dehumidifier usage and slightly increase ambient humidity., Inspect, clean, and recalibrate air quality sensors."
34.4,60.4,51.5,597.2,591.2,57.1,1,487.1,1.1.25 09:47,1,"High Temperature, Motion Detected","Risk of product degradation and Color may change, risk of pests","Increase ventilation/cooling., Check premises immediately."
20.8,95,56.1,659.7,635.7,184.9,0,66.3,1.1.25 09:48,1,"High Humidity, High Moisture Level, Poor Air Quality, Unexpected Light Level","Risk of mold, Risk of spoilage, risk of Possible dust or smoke, Risk-Color may change","Activate dehumidifier., Investigate leaks and dry area., Ventilate and check air filters., Cover cinnamon stock with opaque sheets"
33.8,87.4,49.5,732.5,435.6,148.1,0,332.7,1.1.25 09:49,1,"High Humidity, High Temperature, Poor Air Quality","Risk of mold, Risk of product degradation and Color may change, risk of Possible dust or smoke","Activate dehumidifier., Increase ventilation/cooling., Ventilate and check air filters."
24.6,67.4,50.3,528.6,434.7,83.3,0,38.5,1.1.25 09:50,0,no,no,No action required.
10.2,44.6,46.6,238.8,570.3,64.9,0,212.5,1.1.25 09:51,2,"Low Humidity, Low Temperature, Very Low Air Quality Reading","Risk of over-drying and aroma loss, Risk of condensation during temperature fluctuation, Risk of sensor malfunction or false safety indication","Reduce dehumidifier usage and slightly increase ambient humidity., Stabilize temperature gradually and improve storage insulation., Inspect, clean, and recalibrate air quality sensors."
20.7,66.7,48.5,495.4,552.3,48.4,0,296.7,1.1.25 09:52,0,no,no,No action required.
22.2,91.4,47.3,541.6,776.1,105.8,0,367.9,1.1.25 09:53,1,High Humidity,Risk of mold,Activate dehumidifier.
24.1,70.8,49.6,831.7,557.6,83.1,0,227.1,1.1.25 09:54,1,Poor Air Quality,risk of Possible dust or smoke,Ventilate and check air filters.
23.4,64.4,46.5,845.6,727,268.9,0,167.5,1.1.25 09:55,1,"Poor Air Quality, Unexpected Light Level","risk of Possible dust or smoke, Risk-Color may change","Ventilate and check air filters., Cover cinnamon stock with opaque sheets"
31.2,83,51.5,500.4,460.8,73.4,1,411.3,1.1.25 09:56,1,"High Temperature, Motion Detected","Risk of product degradation and Color may change, risk of pests","Increase ventilation/cooling., Check premises immediately."
20.7,68,45.9,301.7,400.8,54.3,0,101.6,1.1.25 09:57,0,no,no,No action required.
21.1,93.4,64.2,699.8,1221.1,374.9,0,451.4,1.1.25 09:58,1,"High Humidity, High Moisture Level, Poor Air Quality, High CO₂ Level, Unexpected Light Level","Risk of mold, Risk of spoilage, risk of Possible dust or smoke, risk of Poor ventilation, Risk-Color may change","Activate dehumidifier., Investigate leaks and dry area., Ventilate and check air filters., Improve airflow/ventilation., Cover cinnamon stock with opaque sheets"
24.8,44.4,48.7,338,486.9,17.5,0,51.2,1.1.25 09:59,2,"Low Humidity, Very Low Light Level","Risk of over-drying and aroma loss, Risk of hidden defects and inspection difficulty","Reduce dehumidifier usage and slightly increase ambient humidity., Enable controlled low-intensity inspection lighting periodically."
14.5,35.9,50.3,241.7,469.5,8.1,0,332.5,1.1.25 10:00,2,"Low Humidity, Low Temperature, Very Low Air Quality Reading, Very Low Light Level","Risk of over-drying and aroma loss, Risk of condensation during temperature fluctuation, Risk of sensor malfunction or false safety indication, Risk of hidden defects and inspection difficulty","Reduce dehumidifier usage and slightly increase ambient humidity., Stabilize temperature gradually and improve storage insulation., Inspect, clean, and recalibrate air quality sensors., Enable controlled low-intensity inspection lighting periodically."
15.1,48.7,46.7,328.9,670.2,0.8,0,85.7,1.1.25 10:01,2,"Low Humidity, Low Temperature, Very Low Light Level","Risk of over-drying and aroma loss, Risk of condensation during temperature fluctuation, Risk of hidden defects and inspection difficulty","Reduce dehumidifier usage and slightly increase ambient humidity., Stabilize temperature gradually and improve storage insulation., Enable controlled low-intensity inspection lighting periodically."
13.2,64.9,52.1,577.7,639.9,9.7,0,424.6,1.1.25 10:02,2,"Low Temperature, Very Low Light Level","Risk of condensation during temperature fluctuation, Risk of hidden defects and inspection difficulty","Stabilize temperature gradually and improve storage insulation., Enable controlled low-intensity inspection lighting periodically."
24.5,77.2,46.3,811.4,793.5,118,0,419.7,1.1.25 10:03,1,Poor Air Quality,risk of Possible dust or smoke,Ventilate and check air filters.
32.9,62.5,49.3,350.7,709.9,54.6,0,216.1,1.1.25 10:04,1,High Temperature,Risk of product degradation and Color may change,Increase ventilation/cooling.
21.4,84.4,51.7,422.8,530.3,54.9,0,391.7,1.1.25 10:05,0,no,no,No action required.
23.3,43.4,39.9,447.4,481.1,50.9,0,320.1,1.1.25 10:06,2,"Low Humidity, Low Moisture Level","Risk of over-drying and aroma loss, Risk of excessive dryness and weight loss","Reduce dehumidifier usage and slightly increase ambient humidity., Balance humidity levels and avoid direct airflow on cinnamon stock."
29,65.2,64.7,821.4,498.3,123.6,0,407.7,1.1.25 10:07,1,"High Moisture Level, High Temperature, Poor Air Quality","Risk of spoilage, Risk of product degradation and Color may change, risk of Possible dust or smoke","Investigate leaks and dry area., Increase ventilation/cooling., Ventilate and check air filters."
23.6,70.8,53,414,493.8,107.7,0,488.7,1.1.25 10:08,0,no,no,No action required.
23.8,77.1,48,155,309.8,3.4,0,462.4,1.1.25 10:09,2,"Very Low Air Quality Reading, Low CO₂ Level, Very Low Light Level","Risk of sensor malfunction or false safety indication, Risk of excessive ventilation and energy wastage, Risk of hidden defects and inspection difficulty","Inspect, clean, and recalibrate air quality sensors., Reduce ventilation intensity and maintain balanced airflow., Enable controlled low-intensity inspection lighting periodically."
10.9,71,45.3,267.7,374.3,142.9,0,204.1,1.1.25 10:10,2,"Low Temperature, Very Low Air Quality Reading, Low CO₂ Level","Risk of condensation during temperature fluctuation, Risk of sensor malfunction or false safety indication, Risk of excessive ventilation and energy wastage","Stabilize temperature gradually and improve storage insulation., Inspect, clean, and recalibrate air quality sensors., Reduce ventilation intensity and maintain balanced airflow."
21.4,74.8,45,556.6,404.8,85.6,0,90.8,1.1.25 10:11,0,no,no,No action required.
22.9,88.5,66.8,793.6,773.4,105.7,0,409.8,1.1.25 10:12,1,"High Humidity, High Moisture Level, Poor Air Quality","Risk of mold, Risk of spoilage, risk of Possible dust or smoke","Activate dehumidifier., Investigate leaks and dry area., Ventilate and check air filters."
23.2,66.7,50.1,419.9,716.1,82.9,0,278.5,1.1.25 10:13,0,no,no,No action required.
36.9,74.8,54.9,840.8,967.1,345.2,0,302.7,1.1.25 10:14,1,"High Temperature, Poor Air Quality, High CO₂ Level, Unexpected Light Level","Risk of product degradation and Color may change, risk of Possible dust or smoke, risk of Poor ventilation, Risk-Color may change","Increase ventilation/cooling., Ventilate and check air filters., Improve airflow/ventilation., Cover cinnamon stock with opaque sheets"
20.2,72.3,50.3,124,669.8,107.3,0,255.2,1.1.25 10:15,2,Very Low Air Quality Reading,Risk of sensor malfunction or false safety indication,"Inspect, clean, and recalibrate air quality sensors."
20.5,82.9,51.7,541.6,585.7,106.3,0,25.6,1.1.25 10:16,0,no,no,No action required.
20.1,67.2,50.6,493.9,540.1,83,0,166.7,1.1.25 10:17,0,no,no,No action required.
22.4,80.1,54.3,427.6,754.8,113.2,0,195.2,1.1.25 10:18,0,no,no,No action required.
23,70.5,52,348.8,649.5,44.7,0,18.4,1.1.25 10:19,0,no,no,No action required.
21.6,68.6,45.1,584.3,493,142.7,0,483,1.1.25 10:20,0,no,no,No action required.
31,83.4,52.3,316.1,452.7,378.6,0,80.1,1.1.25 10:21,1,"High Temperature, Unexpected Light Level","Risk of product degradation and Color may change, Risk-Color may change","Increase ventilation/cooling., Cover cinnamon stock with opaque sheets"
28.1,98.3,79.6,444.7,605.8,56.9,0,287.5,1.1.25 10:22,1,"High Humidity, High Moisture Level, High Temperature","Risk of mold, Risk of spoilage, Risk of product degradation and Color may change","Activate dehumidifier., Investigate leaks and dry area., Increase ventilation/cooling."
24.2,90.3,47.1,580.4,681.5,118.3,0,139.1,1.1.25 10:23,1,High Humidity,Risk of mold,Activate dehumidifier.
21.7,61,30.3,217.4,367.5,14.4,0,108.3,1.1.25 10:24,2,"Low Moisture Level, Very Low Air Quality Reading, Low CO₂ Level, Very Low Light Level","Risk of excessive dryness and weight loss, Risk of sensor malfunction or false safety indication, Risk of excessive ventilation and energy wastage, Risk of hidden defects and inspection difficulty","Balance humidity levels and avoid direct airflow on cinnamon stock., Inspect, clean, and recalibrate air quality sensors., Reduce ventilation intensity and maintain balanced airflow., Enable controlled low-intensity inspection lighting periodically."
22,60.8,46,459.2,1340.4,59.8,0,121.5,1.1.25 10:25,1,High CO₂ Level,risk of Poor ventilation,Improve airflow/ventilation.
21.8,84.9,45.2,546.3,436.9,499.9,0,274.8,1.1.25 10:26,1,Unexpected Light Level,Risk-Color may change,Cover cinnamon stock with opaque sheets
21.9,63.5,53.3,501.3,472.9,49.3,0,259.1,1.1.25 10:27,0,no,no,No action required.
24.3,79.2,48.2,593.5,546,112,0,402.1,1.1.25 10:28,0,no,no,No action required.
13.4,72.2,34.1,141.3,729.3,33.6,0,353.8,1.1.25 10:29,2,"Low Moisture Level, Low Temperature, Very Low Air Quality Reading","Risk of excessive dryness and weight loss, Risk of condensation during temperature fluctuation, Risk of sensor malfunction or false safety indication","Balance humidity levels and avoid direct airflow on cinnamon stock., Stabilize temperature gradually and improve storage insulation., Inspect, clean, and recalibrate air quality sensors."
34.5,66.5,74.7,493.7,726.6,140,0,491.6,1.1.25 10:30,1,"High Moisture Level, High Temperature","Risk of spoilage, Risk of product degradation and Color may change","Investigate leaks and dry area., Increase ventilation/cooling."
19.1,46.1,50.7,324.3,719.4,147.8,0,445.3,1.1.25 10:31,2,"Low Humidity, Low Temperature","Risk of over-drying and aroma loss, Risk of condensation during temperature fluctuation","Reduce dehumidifier usage and slightly increase ambient humidity., Stabilize temperature gradually and improve storage insulation."
20.1,76.9,51.4,504.8,379.1,111.3,0,478.3,1.1.25 10:32,2,Low CO₂ Level,Risk of excessive ventilation and energy wastage,Reduce ventilation intensity and maintain balanced airflow.
21.4,76.6,51.9,563.9,481.9,67.2,0,290.6,1.1.25 10:33,0,no,no,No action required.
19.2,72.8,42.3,415.8,789.3,46.6,0,394.4,1.1.25 10:34,2,"Low Moisture Level, Low Temperature","Risk of excessive dryness and weight loss, Risk of condensation during temperature fluctuation","Balance humidity levels and avoid direct airflow on cinnamon stock., Stabilize temperature gradually and improve storage insulation."
20.5,39.7,38.2,241.1,569.5,103.3,0,386.2,1.1.25 10:35,2,"Low Humidity, Low Moisture Level, Very Low Air Quality Reading","Risk of over-drying and aroma loss, Risk of excessive dryness and weight loss, Risk of sensor malfunction or false safety indication","Reduce dehumidifier usage and slightly increase ambient humidity., Balance humidity levels and avoid direct airflow on cinnamon stock., Inspect, clean, and recalibrate air quality sensors."
23.9,82.1,51,347.2,775.7,129.7,0,122.4,1.1.25 10:36,0,no,no,No action required.
22.5,76.2,54.3,559.3,571,79.1,0,379.4,1.1.25 10:37,0,no,no,No action required.
10.1,83.4,39.6,173.6,658,137.6,0,335.6,1.1.25 10:38,2,"Low Moisture Level, Low Temperature, Very Low Air Quality Reading","Risk of excessive dryness and weight loss, Risk of condensation during temperature fluctuation, Risk of sensor malfunction or false safety indication","Balance humidity levels and avoid direct airflow on cinnamon stock., Stabilize temperature gradually and improve storage insulation., Inspect, clean, and recalibrate air quality sensors."
23.1,82.2,57.9,380.4,510.7,140.5,0,38,1.1.25 10:39,1,High Moisture Level,Risk of spoilage,Investigate leaks and dry area.
31,72.7,53.9,868.1,755.5,112.3,0,141.3,1.1.25 10:40,1,"High Temperature, Poor Air Quality","Risk of product degradation and Color may change, risk of Possible dust or smoke","Increase ventilation/cooling., Ventilate and check air filters."
24.3,79.3,52.3,343,761.4,21.5,0,310.8,1.1.25 10:41,0,no,no,No action required.
24.1,61,51.7,427.1,499.7,92,0,475.6,1.1.25 10:42,0,no,no,No action required.
24.7,71.7,46.2,557,767.5,139.1,0,94.6,1.1.25 10:43,0,no,no,No action required.
23,77.5,47.6,490.4,742.9,85.9,0,446.8,1.1.25 10:44,0,no,no,No action required.
25,87.4,69.8,563.5,898.5,123.4,1,114.4,1.1.25 10:45,1,"High Humidity, High Moisture Level, High CO₂ Level, Motion Detected","Risk of mold, Risk of spoilage, risk of Poor ventilation, risk of pests","Activate dehumidifier., Investigate leaks and dry area., Improve airflow/ventilation., Check premises immediately."
18.3,70.1,47,557.7,604.5,90.8,0,55.4,1.1.25 10:46,2,Low Temperature,Risk of condensation during temperature fluctuation,Stabilize temperature gradually and improve storage insulation.
10.9,61.3,52.1,519.8,485.7,148.4,0,10.5,1.1.25 10:47,2,Low Temperature,Risk of condensation during temperature fluctuation,Stabilize temperature gradually and improve storage insulation.
24.3,77.3,45.4,468.8,448,101,0,89.7,1.1.25 10:48,0,no,no,No action required.
22.8,68.3,50.4,407.3,488.8,87.7,0,359.5,1.1.25 10:49,0,no,no,No action required.
21.2,74.2,52.8,436.7,731.9,113.7,0,62.5,1.1.25 10:50,0,no,no,No action required.
23.9,70.6,50.7,543.6,504.3,97.5,0,83.7,1.1.25 10:51,0,no,no,No action required.
11.2,82.8,43.6,336.6,245.9,9.8,0,206.3,1.1.25 10:52,2,"Low Moisture Level, Low Temperature, Low CO₂ Level, Very Low Light Level","Risk of excessive dryness and weight loss, Risk of condensation during temperature fluctuation, Risk of excessive ventilation and energy wastage, Risk of hidden defects and inspection difficulty","Balance humidity levels and avoid direct airflow on cinnamon stock., Stabilize temperature gradually and improve storage insulation., Reduce ventilation intensity and maintain balanced airflow., Enable controlled low-intensity inspection lighting periodically."
24.4,73.3,51.9,401.3,405,82.7,0,300.8,1.1.25 10:53,0,no,no,No action required.
21.2,84.4,53.4,424.6,736.9,48,0,60,1.1.25 10:54,0,no,no,No action required.
24.1,82.5,45.2,378.5,461.3,133,0,472.4,1.1.25 10:55,0,no,no,No action required.
22.4,65.2,54.3,550.7,609.6,33.4,0,206.7,1.1.25 10:56,0,no,no,No action required.
13.5,59.4,48.4,382.5,797.5,28.4,0,286.9,1.1.25 10:57,2,"Low Humidity, Low Temperature","Risk of over-drying and aroma loss, Risk of condensation during temperature fluctuation","Reduce dehumidifier usage and slightly increase ambient humidity., Stabilize temperature gradually and improve storage insulation."
20.9,85.6,46.7,530.3,502.3,131.8,0,69.1,1.1.25 10:58,1,High Humidity,Risk of mold,Activate dehumidifier.
21.8,65.8,60.1,435.8,407.9,90.7,0,444.8,1.1.25 10:59,1,High Moisture Level,Risk of spoilage,Investigate leaks and dry area.
24,66.5,47,495.7,559.1,141.6,0,419,1.1.25 11:00,0,no,no,No action required.
16.9,57.1,54.4,278.8,478.4,109.9,0,356.4,1.1.25 11:01,2,"Low Humidity, Low Temperature, Very Low Air Quality Reading","Risk of over-drying and aroma loss, Risk of condensation during temperature fluctuation, Risk of sensor malfunction or false safety indication","Reduce dehumidifier usage and slightly increase ambient humidity., Stabilize temperature gradually and improve storage insulation., Inspect, clean, and recalibrate air quality sensors."
24.8,65.6,50.4,316.5,716.2,42.9,0,36.6,1.1.25 11:02,0,no,no,No action required.
23.9,78.3,48.3,397.7,570.6,448.4,0,424.8,1.1.25 11:03,1,Unexpected Light Level,Risk-Color may change,Cover cinnamon stock with opaque sheets
24.1,89.9,49.9,569,1247.3,74.5,0,81.5,1.1.25 11:04,1,"High Humidity, High CO₂ Level","Risk of mold, risk of Poor ventilation","Activate dehumidifier., Improve airflow/ventilation."
24.8,64.2,52.2,194.7,529.6,17.4,0,168.1,1.1.25 11:05,2,"Very Low Air Quality Reading, Very Low Light Level","Risk of sensor malfunction or false safety indication, Risk of hidden defects and inspection difficulty","Inspect, clean, and recalibrate air quality sensors., Enable controlled low-intensity inspection lighting periodically."
21.6,87,54.4,682,429.5,44.7,0,340.8,1.1.25 11:06,1,"High Humidity, Poor Air Quality","Risk of mold, risk of Possible dust or smoke","Activate dehumidifier., Ventilate and check air filters."
21,61,46.8,545.1,708.7,406.3,0,469.9,1.1.25 11:07,1,Unexpected Light Level,Risk-Color may change,Cover cinnamon stock with opaque sheets
21.7,78,47.6,514.6,1335.4,113.1,0,121.5,1.1.25 11:08,1,High CO₂ Level,risk of Poor ventilation,Improve airflow/ventilation.
23,82.2,45.3,374.3,780.3,25.2,0,477.6,1.1.25 11:09,0,no,no,No action required.
24.8,67.6,53.1,575.8,564,120.6,0,483.2,1.1.25 11:10,0,no,no,No action required.
24.1,84.1,71.7,421.5,664.4,106.9,0,319.9,1.1.25 11:11,1,High Moisture Level,Risk of spoilage,Investigate leaks and dry area.
23.5,62.1,50.4,431.8,626.9,106.9,0,405.2,1.1.25 11:12,0,no,no,No action required.
38.2,63.6,53,309.3,664.8,81.3,0,48.5,1.1.25 11:13,1,High Temperature,Risk of product degradation and Color may change,Increase ventilation/cooling.
28.1,71.7,53.3,794.5,420.5,92.3,0,105.1,1.1.25 11:14,1,"High Temperature, Poor Air Quality","Risk of product degradation and Color may change, risk of Possible dust or smoke","Increase ventilation/cooling., Ventilate and check air filters."
21.9,84.4,55.4,702,405.1,119.3,1,310.4,1.1.25 11:15,1,"High Moisture Level, Poor Air Quality, Motion Detected","Risk of spoilage, risk of Possible dust or smoke, risk of pests","Investigate leaks and dry area., Ventilate and check air filters., Check premises immediately."
21.7,62,51.6,342.3,701,119,0,499.9,1.1.25 11:16,0,no,no,No action required.
18.5,53.3,46.3,365.3,782.4,116.2,0,157,1.1.25 11:17,2,"Low Humidity, Low Temperature","Risk of over-drying and aroma loss, Risk of condensation during temperature fluctuation","Reduce dehumidifier usage and slightly increase ambient humidity., Stabilize temperature gradually and improve storage insulation."
20.2,88.3,52,438.4,878.3,76.9,0,207.8,1.1.25 11:18,1,"High Humidity, High CO₂ Level","Risk of mold, risk of Poor ventilation","Activate dehumidifier., Improve airflow/ventilation."
21.9,62.3,60.8,719.8,575.5,141.9,0,498,1.1.25 11:19,1,"High Moisture Level, Poor Air Quality","Risk of spoilage, risk of Possible dust or smoke","Investigate leaks and dry area., Ventilate and check air filters."
23.9,84.1,49.4,398.6,775,493.7,0,252,1.1.25 11:20,1,Unexpected Light Level,Risk-Color may change,Cover cinnamon stock with opaque sheets
24.1,72.1,49.1,119.7,693.3,46.5,0,463.4,1.1.25 11:21,2,Very Low Air Quality Reading,Risk of sensor malfunction or false safety indication,"Inspect, clean, and recalibrate air quality sensors."
23.3,74.5,48.9,401.1,811.4,24.9,0,195.9,1.1.25 11:22,1,High CO₂ Level,risk of Poor ventilation,Improve airflow/ventilation.
21.3,79.5,51.3,431,1145.6,304.9,0,149,1.1.25 11:23,1,"High CO₂ Level, Unexpected Light Level","risk of Poor ventilation, Risk-Color may change","Improve airflow/ventilation., Cover cinnamon stock with opaque sheets"
21.2,79.6,35.5,573.2,661,140.2,0,423.9,1.1.25 11:24,2,Low Moisture Level,Risk of excessive dryness and weight loss,Balance humidity levels and avoid direct airflow on cinnamon stock.
22.2,71.5,52,551.1,755.4,141.8,0,113.7,1.1.25 11:25,0,no,no,No action required.
13.6,63,52.6,397,623.3,60.3,0,472.1,1.1.25 11:26,2,Low Temperature,Risk of condensation during temperature fluctuation,Stabilize temperature gradually and improve storage insulation.
19.3,82.9,54.9,192.1,504.2,19.2,0,89.1,1.1.25 11:27,2,"Low Temperature, Very Low Air Quality Reading, Very Low Light Level","Risk of condensation during temperature fluctuation, Risk of sensor malfunction or false safety indication, Risk of hidden defects and inspection difficulty","Stabilize temperature gradually and improve storage insulation., Inspect, clean, and recalibrate air quality sensors., Enable controlled low-intensity inspection lighting periodically."
21.4,75.8,57.5,727.1,796.2,181.5,0,82.1,1.1.25 11:28,1,"High Moisture Level, Poor Air Quality, Unexpected Light Level","Risk of spoilage, risk of Possible dust or smoke, Risk-Color may change","Investigate leaks and dry area., Ventilate and check air filters., Cover cinnamon stock with opaque sheets"
20.2,82.4,46.1,527.4,706.1,92.6,0,57.7,1.1.25 11:29,0,no,no,No action required.
24.7,84.8,45.6,364.9,550.8,127.1,0,361.2,1.1.25 11:30,0,no,no,No action required.
24.5,65,49.2,474.3,575.6,143.2,0,417.8,1.1.25 11:31,0,no,no,No action required.
21.3,77.9,53.5,327.4,609.5,70.7,0,327.9,1.1.25 11:32,0,no,no,No action required.
24.5,76.7,51.2,536,932.6,95.4,0,185.9,1.1.25 11:33,1,High CO₂ Level,risk of Poor ventilation,Improve airflow/ventilation.
21.4,60.5,54.3,438.1,434.9,114.8,0,135.9,1.1.25 11:34,0,no,no,No action required.
24.1,63.7,50.3,595.2,508.8,66.4,0,251.7,1.1.25 11:35,0,no,no,No action required.
20.3,60.6,52.5,565.3,661.9,145.3,0,205.8,1.1.25 11:36,0,no,no,No action required.
24.8,79.4,46.1,586.5,458.5,118.6,0,81.4,1.1.25 11:37,0,no,no,No action required.
24.6,66.8,53,642.5,1310,74.6,0,258.7,1.1.25 11:38,1,"Poor Air Quality, High CO₂ Level","risk of Possible dust or smoke, risk of Poor ventilation","Ventilate and check air filters., Improve airflow/ventilation."
30.1,86.1,49.8,356.6,715.6,29.1,1,176.1,1.1.25 11:39,1,"High Humidity, High Temperature, Motion Detected","Risk of mold, Risk of product degradation and Color may change, risk of pests","Activate dehumidifier., Increase ventilation/cooling., Check premises immediately."
22.3,64,53.3,429.9,790.7,5.9,0,400.2,1.1.25 11:40,2,Very Low Light Level,Risk of hidden defects and inspection difficulty,Enable controlled low-intensity inspection lighting periodically.
20.3,67.4,51.5,520.3,681.6,49.6,0,296.1,1.1.25 11:41,0,no,no,No action required.
22.6,75.8,53.9,574.4,524.8,54.5,0,49.4,1.1.25 11:42,0,no,no,No action required.
23.3,63.4,50.7,191.2,424.5,65.2,0,249,1.1.25 11:43,2,Very Low Air Quality Reading,Risk of sensor malfunction or false safety indication,"Inspect, clean, and recalibrate air quality sensors."
24.2,80,53.5,511.6,774.9,132.7,0,101.2,1.1.25 11:44,0,no,no,No action required.
20.6,61.9,53.9,132.1,677.1,12.5,0,114.3,1.1.25 11:45,2,"Very Low Air Quality Reading, Very Low Light Level","Risk of sensor malfunction or false safety indication, Risk of hidden defects and inspection difficulty","Inspect, clean, and recalibrate air quality sensors., Enable controlled low-intensity inspection lighting periodically."
12.3,69.4,45.1,303.4,243.6,101.3,0,0.3,1.1.25 11:46,2,"Low Temperature, Low CO₂ Level","Risk of condensation during temperature fluctuation, Risk of excessive ventilation and energy wastage","Stabilize temperature gradually and improve storage insulation., Reduce ventilation intensity and maintain balanced airflow."
24.7,89.1,71.4,325.4,418.4,71.3,0,166.2,1.1.25 11:47,1,"High Humidity, High Moisture Level","Risk of mold, Risk of spoilage","Activate dehumidifier., Investigate leaks and dry area."
24.8,70.6,51.2,300.3,549,7,0,125.6,1.1.25 11:48,2,Very Low Light Level,Risk of hidden defects and inspection difficulty,Enable controlled low-intensity inspection lighting periodically.
22.5,70.6,46.3,389.4,771.4,64.7,0,109.4,1.1.25 11:49,0,no,no,No action required.
30,82.6,52.4,418.7,1398.3,58.1,1,16.9,1.1.25 11:50,1,"High Temperature, High CO₂ Level, Motion Detected","Risk of product degradation and Color may change, risk of Poor ventilation, risk of pests","Increase ventilation/cooling., Improve airflow/ventilation., Check premises immediately."
37.2,84.8,49.6,780,584.6,283.9,1,33.9,1.1.25 11:51,1,"High Temperature, Poor Air Quality, Motion Detected, Unexpected Light Level","Risk of product degradation and Color may change, risk of Possible dust or smoke, risk of pests, Risk-Color may change","Increase ventilation/cooling., Ventilate and check air filters., Check premises immediately., Cover cinnamon stock with opaque sheets"
25.2,67.2,59.3,491,445.2,96.8,0,246.4,1.1.25 11:52,1,"High Moisture Level, High Temperature","Risk of spoilage, Risk of product degradation and Color may change","Investigate leaks and dry area., Increase ventilation/cooling."
23.9,66.7,49.9,407.7,586.2,36.8,0,184.3,1.1.25 11:53,0,no,no,No action required.
10.6,67.7,49.5,204.9,395.8,137.8,0,13.1,1.1.25 11:54,2,"Low Temperature, Very Low Air Quality Reading, Low CO₂ Level","Risk of condensation during temperature fluctuation, Risk of sensor malfunction or false safety indication, Risk of excessive ventilation and energy wastage","Stabilize temperature gradually and improve storage insulation., Inspect, clean, and recalibrate air quality sensors., Reduce ventilation intensity and maintain balanced airflow."
20.8,65.4,36.4,479.6,263.9,2.3,0,436.8,1.1.25 11:55,2,"Low Moisture Level, Low CO₂ Level, Very Low Light Level","Risk of excessive dryness and weight loss, Risk of excessive ventilation and energy wastage, Risk of hidden defects and inspection difficulty","Balance humidity levels and avoid direct airflow on cinnamon stock., Reduce ventilation intensity and maintain balanced airflow., Enable controlled low-intensity inspection lighting periodically."
22.9,90.2,51.5,496.9,1017.5,480.3,0,231.9,1.1.25 11:56,1,"High Humidity, High CO₂ Level, Unexpected Light Level","Risk of mold, risk of Poor ventilation, Risk-Color may change","Activate dehumidifier., Improve airflow/ventilation., Cover cinnamon stock with opaque sheets"
22.3,69.1,45.8,314.8,628.8,51.5,0,126.3,1.1.25 11:57,0,no,no,No action required.
24.5,79.6,51.8,443.7,345,76.7,0,85.6,1.1.25 11:58,2,Low CO₂ Level,Risk of excessive ventilation and energy wastage,Reduce ventilation intensity and maintain balanced airflow.
23.1,75.5,30.6,455.5,792.8,11.5,0,47.9,1.1.25 11:59,2,"Low Moisture Level, Very Low Light Level","Risk of excessive dryness and weight loss, Risk of hidden defects and inspection difficulty","Balance humidity levels and avoid direct airflow on cinnamon stock., Enable controlled low-intensity inspection lighting periodically."
23.5,60.2,54.9,304.3,1142.2,223.2,0,148.7,1.1.25 12:00,1,"High CO₂ Level, Unexpected Light Level","risk of Poor ventilation, Risk-Color may change","Improve airflow/ventilation., Cover cinnamon stock with opaque sheets"
23,64.4,54.2,537.7,424.1,113.6,0,324.2,1.1.25 12:01,0,no,no,No action required.
22.8,80.7,54.7,409.2,670.8,57.9,0,43.4,1.1.25 12:02,0,no,no,No action required.
20.9,65.4,49.9,408.3,472.6,59.7,0,51.9,1.1.25 12:03,0,no,no,No action required.
24.7,87.7,72.5,623.6,435.7,132.2,0,323.7,1.1.25 12:04,1,"High Humidity, High Moisture Level, Poor Air Quality","Risk of mold, Risk of spoilage, risk of Possible dust or smoke","Activate dehumidifier., Investigate leaks and dry area., Ventilate and check air filters."
23.4,70.2,79.8,585.2,1459.4,53.1,0,159.1,1.1.25 12:05,1,"High Moisture Level, High CO₂ Level","Risk of spoilage, risk of Poor ventilation","Investigate leaks and dry area., Improve airflow/ventilation."
22.3,84.2,51.7,548,647.6,99.3,0,380.4,1.1.25 12:06,0,no,no,No action required.
22,61.4,37.6,388.2,291.3,106.4,0,307.4,1.1.25 12:07,2,"Low Moisture Level, Low CO₂ Level","Risk of excessive dryness and weight loss, Risk of excessive ventilation and energy wastage","Balance humidity levels and avoid direct airflow on cinnamon stock., Reduce ventilation intensity and maintain balanced airflow."
20.6,81.2,54.2,568.5,746.4,74.6,0,492.7,1.1.25 12:08,0,no,no,No action required.
21,42.8,47,564.9,535,43,0,211.3,1.1.25 12:09,2,Low Humidity,Risk of over-drying and aroma loss,Reduce dehumidifier usage and slightly increase ambient humidity.
23.2,71.9,47.7,590.4,461.7,121.6,0,253.9,1.1.25 12:10,0,no,no,No action required.
22.3,78.1,46.5,578.6,614.5,107.6,0,278.9,1.1.25 12:11,0,no,no,No action required.
23.2,83.8,48.1,417.8,712.8,132.6,0,380.6,1.1.25 12:12,0,no,no,No action required.
38.9,70.4,54.9,359.8,570.3,95.6,0,6.1,1.1.25 12:13,1,High Temperature,Risk of product degradation and Color may change,Increase ventilation/cooling.
24.1,78.9,52.2,381.2,565,56.9,0,241.6,1.1.25 12:14,0,no,no,No action required.
20.5,60.9,51.8,505.1,734.7,60.8,0,496.5,1.1.25 12:15,0,no,no,No action required.
22.2,79.6,45.3,625.3,1421.2,283.1,0,442.8,1.1.25 12:16,1,"Poor Air Quality, High CO₂ Level, Unexpected Light Level","risk of Possible dust or smoke, risk of Poor ventilation, Risk-Color may change","Ventilate and check air filters., Improve airflow/ventilation., Cover cinnamon stock with opaque sheets"
20.7,94.2,54.1,327,1245.1,449.1,1,160.5,1.1.25 12:17,1,"High Humidity, High CO₂ Level, Motion Detected, Unexpected Light Level","Risk of mold, risk of Poor ventilation, risk of pests, Risk-Color may change","Activate dehumidifier., Improve airflow/ventilation., Check premises immediately., Cover cinnamon stock with opaque sheets"
21.7,63.2,54.1,246.1,693.7,135,0,62.6,1.1.25 12:18,2,Very Low Air Quality Reading,Risk of sensor malfunction or false safety indication,"Inspect, clean, and recalibrate air quality sensors."
24.6,34.2,51.2,594.1,466.9,21,0,412.7,1.1.25 12:19,2,Low Humidity,Risk of over-drying and aroma loss,Reduce dehumidifier usage and slightly increase ambient humidity.
14.1,64.3,32.7,367.7,388.3,8.5,0,321.5,1.1.25 12:20,2,"Low Moisture Level, Low Temperature, Low CO₂ Level, Very Low Light Level","Risk of excessive dryness and weight loss, Risk of condensation during temperature fluctuation, Risk of excessive ventilation and energy wastage, Risk of hidden defects and inspection difficulty","Balance humidity levels and avoid direct airflow on cinnamon stock., Stabilize temperature gradually and improve storage insulation., Reduce ventilation intensity and maintain balanced airflow., Enable controlled low-intensity inspection lighting periodically."
22.6,75.9,45.4,473.4,704.3,40.8,0,373.5,1.1.25 12:21,0,no,no,No action required.
20.9,62,45.8,320,617.8,132,0,435.3,1.1.25 12:22,0,no,no,No action required.
22.1,65.7,46.2,357.2,692.5,148.3,0,38.3,1.1.25 12:23,0,no,no,No action required.
21,68.9,45.6,146.9,637.2,122.9,0,179.3,1.1.25 12:24,2,Very Low Air Quality Reading,Risk of sensor malfunction or false safety indication,"Inspect, clean, and recalibrate air quality sensors."
22.2,96.4,48.9,390.9,865,31.6,0,79,1.1.25 12:25,1,"High Humidity, High CO₂ Level","Risk of mold, risk of Poor ventilation","Activate dehumidifier., Improve airflow/ventilation."
21.7,84.5,50,383.5,598.9,93.2,0,77.1,1.1.25 12:26,0,no,no,No action required.
21.3,61.9,53.5,359.2,496.1,60.1,0,286.4,1.1.25 12:27,0,no,no,No action required.
31.5,82.9,49.4,489.6,645.7,45.9,0,226.5,1.1.25 12:28,1,High Temperature,Risk of product degradation and Color may change,Increase ventilation/cooling.
16.9,74.5,45.9,540.2,705.6,61.1,0,0.4,1.1.25 12:29,2,Low Temperature,Risk of condensation during temperature fluctuation,Stabilize temperature gradually and improve storage insulation.
21.5,93.5,45,568.7,693.8,59.3,1,483.6,1.1.25 12:30,1,"High Humidity, Motion Detected","Risk of mold, risk of pests","Activate dehumidifier., Check premises immediately."
22.6,61.8,51.7,310.9,635.2,44.2,0,358.7,1.1.25 12:31,0,no,no,No action required.
23.1,77,48.6,424.9,511.3,148.9,0,279.3,1.1.25 12:32,0,no,no,No action required.
24.5,66.9,48.9,552.5,449.4,114.6,0,230.9,1.1.25 12:33,0,no,no,No action required.
20.1,77.8,49.8,400.5,482.3,18.9,0,164,1.1.25 12:34,2,Very Low Light Level,Risk of hidden defects and inspection difficulty,Enable controlled low-intensity inspection lighting periodically.
21.9,49.6,40.3,351.6,269,128,0,339.1,1.1.25 12:35,2,"Low Humidity, Low Moisture Level, Low CO₂ Level","Risk of over-drying and aroma loss, Risk of excessive dryness and weight loss, Risk of excessive ventilation and energy wastage","Reduce dehumidifier usage and slightly increase ambient humidity., Balance humidity levels and avoid direct airflow on cinnamon stock., Reduce ventilation intensity and maintain balanced airflow."
23.3,66.8,53.9,490.3,634.9,115.5,0,425.9,1.1.25 12:36,0,no,no,No action required.
20.1,78.2,41.4,331.9,785.5,110.5,0,475.1,1.1.25 12:37,2,Low Moisture Level,Risk of excessive dryness and weight loss,Balance humidity levels and avoid direct airflow on cinnamon stock.
20,75.9,45.2,502.3,705,240.8,0,420.7,1.1.25 12:38,1,Unexpected Light Level,Risk-Color may change,Cover cinnamon stock with opaque sheets
20,67.6,54.2,544.4,733.4,136.6,0,251.4,1.1.25 12:39,0,no,no,No action required.
23.6,81.7,52.5,320.8,555.5,38.9,0,193.9,1.1.25 12:40,0,no,no,No action required.
22.5,65.2,45.1,417.9,755.9,43.7,0,302.4,1.1.25 12:41,0,no,no,No action required.
21.3,65.6,46,511.9,415.3,90.4,0,484,1.1.25 12:42,0,no,no,No action required.
20.3,81.2,54.5,367.5,776.3,104.7,0,235.8,1.1.25 12:43,0,no,no,No action required.
22.2,65.1,50.3,335.2,619.4,147,0,140.4,1.1.25 12:44,0,no,no,No action required.
22.2,68.3,49.5,380.3,779.4,144.2,0,395,1.1.25 12:45,0,no,no,No action required.
24,94.1,66.5,474.9,1183.5,91.7,1,231.9,1.1.25 12:46,1,"High Humidity, High Moisture Level, High CO₂ Level, Motion Detected","Risk of mold, Risk of spoilage, risk of Poor ventilation, risk of pests","Activate dehumidifier., Investigate leaks and dry area., Improve airflow/ventilation., Check premises immediately."
18.5,71.4,49.5,110.4,340.8,122.6,0,68.5,1.1.25 12:47,2,"Low Temperature, Very Low Air Quality Reading, Low CO₂ Level","Risk of condensation during temperature fluctuation, Risk of sensor malfunction or false safety indication, Risk of excessive ventilation and energy wastage","Stabilize temperature gradually and improve storage insulation., Inspect, clean, and recalibrate air quality sensors., Reduce ventilation intensity and maintain balanced airflow."
20.1,83.5,54.7,441.8,707.1,92,0,5.5,1.1.25 12:48,0,no,no,No action required.
11.7,78.7,49.1,483.7,736.1,122,0,422.9,1.1.25 12:49,2,Low Temperature,Risk of condensation during temperature fluctuation,Stabilize temperature gradually and improve storage insulation.
20.9,73.4,45.9,320.9,661.3,142.3,0,260.7,1.1.25 12:50,0,no,no,No action required.
19.7,70.6,49.6,290.7,239,131.1,0,264.9,1.1.25 12:51,2,"Low Temperature, Very Low Air Quality Reading, Low CO₂ Level","Risk of condensation during temperature fluctuation, Risk of sensor malfunction or false safety indication, Risk of excessive ventilation and energy wastage","Stabilize temperature gradually and improve storage insulation., Inspect, clean, and recalibrate air quality sensors., Reduce ventilation intensity and maintain balanced airflow."
24.3,70.6,70.7,433,1053.4,119.4,0,185.4,1.1.25 12:52,1,"High Moisture Level, High CO₂ Level","Risk of spoilage, risk of Poor ventilation","Investigate leaks and dry area., Improve airflow/ventilation."
28.5,90.2,45.7,596,794.4,385.9,0,482,1.1.25 12:53,1,"High Humidity, High Temperature, Unexpected Light Level","Risk of mold, Risk of product degradation and Color may change, Risk-Color may change","Activate dehumidifier., Increase ventilation/cooling., Cover cinnamon stock with opaque sheets"
21,61.3,54.7,382.9,616.2,98.4,0,64,1.1.25 12:54,0,no,no,No action required.
22.9,95,54.1,546.6,446.6,138.8,0,473,1.1.25 12:55,1,High Humidity,Risk of mold,Activate dehumidifier.
22.5,79.1,46.6,871,452.4,107.1,0,120.3,1.1.25 12:56,1,Poor Air Quality,risk of Possible dust or smoke,Ventilate and check air filters.
23.1,66,46.3,564.3,563,314.3,1,124.5,1.1.25 12:57,1,"Motion Detected, Unexpected Light Level","risk of pests, Risk-Color may change","Check premises immediately., Cover cinnamon stock with opaque sheets"
24.2,49.2,54.1,378.8,567.9,99.8,0,340.1,1.1.25 12:58,2,Low Humidity,Risk of over-drying and aroma loss,Reduce dehumidifier usage and slightly increase ambient humidity.
22.6,75.2,53,458.8,629.4,79,0,206.3,1.1.25 12:59,0,no,no,No action required.
23.2,95.7,51.8,460.2,1412.6,38.4,0,43.2,1.1.25 13:00,1,"High Humidity, High CO₂ Level","Risk of mold, risk of Poor ventilation","Activate dehumidifier., Improve airflow/ventilation."
21.2,76.6,60,394.7,717.8,316.9,0,341.1,1.1.25 13:01,1,"High Moisture Level, Unexpected Light Level","Risk of spoilage, Risk-Color may change","Investigate leaks and dry area., Cover cinnamon stock with opaque sheets"
23.4,79.7,71.7,431.4,1235.6,419.2,1,86,1.1.25 13:02,1,"High Moisture Level, High CO₂ Level, Motion Detected, Unexpected Light Level","Risk of spoilage, risk of Poor ventilation, risk of pests, Risk-Color may change","Investigate leaks and dry area., Improve airflow/ventilation., Check premises immediately., Cover cinnamon stock with opaque sheets"
20.4,61.7,46.1,417.7,724.5,120.9,0,403.9,1.1.25 13:03,0,no,no,No action required.
24.2,92.4,48.6,521.8,574.8,184.5,0,331.3,1.1.25 13:04,1,"High Humidity, Unexpected Light Level","Risk of mold, Risk-Color may change","Activate dehumidifier., Cover cinnamon stock with opaque sheets"
28.8,78.1,52.7,540.9,727.6,126.2,1,12.3,1.1.25 13:05,1,"High Temperature, Motion Detected","Risk of product degradation and Color may change, risk of pests","Increase ventilation/cooling., Check premises immediately."
23.8,37.3,50,574.3,693.2,120.8,0,103.1,1.1.25 13:06,2,Low Humidity,Risk of over-drying and aroma loss,Reduce dehumidifier usage and slightly increase ambient humidity.
32.7,84.3,67.7,343.6,635.3,23.6,0,477.5,1.1.25 13:07,1,"High Moisture Level, High Temperature","Risk of spoilage, Risk of product degradation and Color may change","Investigate leaks and dry area., Increase ventilation/cooling."
20.2,67.2,51.5,421.8,548,142.2,0,309.2,1.1.25 13:08,0,no,no,No action required.
21.2,83.3,55,368.1,545.7,99.5,0,45.4,1.1.25 13:09,0,no,no,No action required.
13.6,79.2,47.7,580.4,710.6,119.8,0,323.9,1.1.25 13:10,2,Low Temperature,Risk of condensation during temperature fluctuation,Stabilize temperature gradually and improve storage insulation.
21.2,74.4,54.2,305.6,428.1,47.9,0,249,1.1.25 13:11,0,no,no,No action required.
22.6,68.1,50.2,263.8,354.1,23.9,0,340.5,1.1.25 13:12,2,"Very Low Air Quality Reading, Low CO₂ Level","Risk of sensor malfunction or false safety indication, Risk of excessive ventilation and energy wastage","Inspect, clean, and recalibrate air quality sensors., Reduce ventilation intensity and maintain balanced airflow."
21,91,45,511.4,1051.9,106.8,0,407.5,1.1.25 13:13,1,"High Humidity, High CO₂ Level","Risk of mold, risk of Poor ventilation","Activate dehumidifier., Improve airflow/ventilation."
22.4,81.4,50.1,491.6,565.3,112,0,193.4,1.1.25 13:14,0,no,no,No action required.
23.2,73.6,48.5,776.2,649.2,89.2,1,410.9,1.1.25 13:15,1,"Poor Air Quality, Motion Detected","risk of Possible dust or smoke, risk of pests","Ventilate and check air filters., Check premises immediately."
23.7,62,54.6,346.5,644.3,92.2,1,243.1,1.1.25 13:16,1,Motion Detected,risk of pests,Check premises immediately.
21,76.2,49.9,759.9,844.8,247.3,0,245.3,1.1.25 13:17,1,"Poor Air Quality, High CO₂ Level, Unexpected Light Level","risk of Possible dust or smoke, risk of Poor ventilation, Risk-Color may change","Ventilate and check air filters., Improve airflow/ventilation., Cover cinnamon stock with opaque sheets"
20.1,66.5,49.2,482.5,752.9,121.2,0,72.4,1.1.25 13:18,0,no,no,No action required.
20.1,72.3,53.5,315.9,487.7,62.4,0,370.2,1.1.25 13:19,0,no,no,No action required.
23.8,87.6,49.8,342.3,689.6,55.5,0,17.5,1.1.25 13:20,1,High Humidity,Risk of mold,Activate dehumidifier.
36.9,86.3,49,447.4,736.2,127.5,0,132.5,1.1.25 13:21,1,"High Humidity, High Temperature","Risk of mold, Risk of product degradation and Color may change","Activate dehumidifier., Increase ventilation/cooling."
20.2,71.3,53.2,558.2,478.4,67.3,0,49,1.1.25 13:22,0,no,no,No action required.
23.2,76.6,45.1,390.5,1032.4,68.2,0,10.8,1.1.25 13:23,1,High CO₂ Level,risk of Poor ventilation,Improve airflow/ventilation.
22.3,63.5,39.6,489.6,296.3,45.5,0,239.6,1.1.25 13:24,2,"Low Moisture Level, Low CO₂ Level","Risk of excessive dryness and weight loss, Risk of excessive ventilation and energy wastage","Balance humidity levels and avoid direct airflow on cinnamon stock., Reduce ventilation intensity and maintain balanced airflow."
32.3,70.5,75,362,677.8,71.6,0,267.1,1.1.25 13:25,1,"High Moisture Level, High Temperature","Risk of spoilage, Risk of product degradation and Color may change","Investigate leaks and dry area., Increase ventilation/cooling."
37.6,67,48.5,595.3,536.1,488.1,1,83.2,1.1.25 13:26,1,"High Temperature, Motion Detected, Unexpected Light Level","Risk of product degradation and Color may change, risk of pests, Risk-Color may change","Increase ventilation/cooling., Check premises immediately., Cover cinnamon stock with opaque sheets"
22.8,63.4,46.3,409.7,694.7,117.4,0,341.5,1.1.25 13:27,0,no,no,No action required.
23.2,71.9,46.5,330.9,424.8,123.4,0,401.6,1.1.25 13:28,0,no,no,No action required.
24.2,72.2,58.1,588.9,527.9,138.5,0,255.5,1.1.25 13:29,1,High Moisture Level,Risk of spoilage,Investigate leaks and dry area.
22.2,83.1,48.9,392.5,520.9,87.7,0,418,1.1.25 13:30,0,no,no,No action required.
23.1,78.1,45.8,597.7,422.8,96.2,0,191.6,1.1.25 13:31,0,no,no,No action required.
22.3,83.3,50.7,580.7,554.5,97.6,0,126.3,1.1.25 13:32,0,no,no,No action required.
16.5,39.3,50.7,229,616.4,124.4,0,227.7,1.1.25 13:33,2,"Low Humidity, Low Temperature, Very Low Air Quality Reading","Risk of over-drying and aroma loss, Risk of condensation during temperature fluctuation, Risk of sensor malfunction or false safety indication","Reduce dehumidifier usage and slightly increase ambient humidity., Stabilize temperature gradually and improve storage insulation., Inspect, clean, and recalibrate air quality sensors."
14.4,68.9,49.9,523.3,394.3,130.3,0,425.1,1.1.25 13:34,2,"Low Temperature, Low CO₂ Level","Risk of condensation during temperature fluctuation, Risk of excessive ventilation and energy wastage","Stabilize temperature gradually and improve storage insulation., Reduce ventilation intensity and maintain balanced airflow."
24.5,69.9,45.9,560.7,755.2,130.8,0,331.7,1.1.25 13:35,0,no,no,No action required.
21.2,82.6,47.2,389.7,630.7,157.7,0,462.6,1.1.25 13:36,1,Unexpected Light Level,Risk-Color may change,Cover cinnamon stock with opaque sheets
22.3,66,47.3,398.7,742.8,27.3,1,306.9,1.1.25 13:37,1,Motion Detected,risk of pests,Check premises immediately.
19.8,81.5,50,483.1,217.1,72.2,0,399.2,1.1.25 13:38,2,"Low Temperature, Low CO₂ Level","Risk of condensation during temperature fluctuation, Risk of excessive ventilation and energy wastage","Stabilize temperature gradually and improve storage insulation., Reduce ventilation intensity and maintain balanced airflow."
23.7,78.7,70.6,800.9,1037.8,142.7,1,193.9,1.1.25 13:39,1,"High Moisture Level, Poor Air Quality, High CO₂ Level, Motion Detected","Risk of spoilage, risk of Possible dust or smoke, risk of Poor ventilation, risk of pests","Investigate leaks and dry area., Ventilate and check air filters., Improve airflow/ventilation., Check premises immediately."
24.2,75.2,48.1,497.1,668.8,136.8,0,198.9,1.1.25 13:40,0,no,no,No action required.
15,68.4,54.4,313,658.1,146.1,0,7.8,1.1.25 13:41,2,Low Temperature,Risk of condensation during temperature fluctuation,Stabilize temperature gradually and improve storage insulation.
24.3,56.5,52.9,503.5,623.3,40.6,0,19.7,1.1.25 13:42,2,Low Humidity,Risk of over-drying and aroma loss,Reduce dehumidifier usage and slightly increase ambient humidity.
18.1,80.1,36.7,355.5,765.6,5.9,0,178.4,1.1.25 13:43,2,"Low Moisture Level, Low Temperature, Very Low Light Level","Risk of excessive dryness and weight loss, Risk of condensation during temperature fluctuation, Risk of hidden defects and inspection difficulty","Balance humidity levels and avoid direct airflow on cinnamon stock., Stabilize temperature gradually and improve storage insulation., Enable controlled low-intensity inspection lighting periodically."
10.7,75.7,49.9,556.8,343,24,0,77,1.1.25 13:44,2,"Low Temperature, Low CO₂ Level","Risk of condensation during temperature fluctuation, Risk of excessive ventilation and energy wastage","Stabilize temperature gradually and improve storage insulation., Reduce ventilation intensity and maintain balanced airflow."
23.9,52.8,48.3,569.2,424.9,3.1,0,447.9,1.1.25 13:45,2,"Low Humidity, Very Low Light Level","Risk of over-drying and aroma loss, Risk of hidden defects and inspection difficulty","Reduce dehumidifier usage and slightly increase ambient humidity., Enable controlled low-intensity inspection lighting periodically."
21,67.9,51.1,329.4,468.5,81.4,0,401.2,1.1.25 13:46,0,no,no,No action required.
24.3,88.4,46.1,456.1,686.1,61.6,0,114.2,1.1.25 13:47,1,High Humidity,Risk of mold,Activate dehumidifier.
20.7,76.2,49.4,342.2,432.3,78.7,0,420.6,1.1.25 13:48,0,no,no,No action required.
22.2,71.7,46.7,387.4,1142.8,395.6,0,52.1,1.1.25 13:49,1,"High CO₂ Level, Unexpected Light Level","risk of Poor ventilation, Risk-Color may change","Improve airflow/ventilation., Cover cinnamon stock with opaque sheets"
22.5,84,49.4,508.9,740.4,75.8,0,162.1,1.1.25 13:50,0,no,no,No action required.
37.2,91.3,60.7,508.2,434.6,20.6,0,150.2,1.1.25 13:51,1,"High Humidity, High Moisture Level, High Temperature","Risk of mold, Risk of spoilage, Risk of product degradation and Color may change","Activate dehumidifier., Investigate leaks and dry area., Increase ventilation/cooling."
22.6,73.8,54.9,531.5,407.5,34.7,0,138.1,1.1.25 13:52,0,no,no,No action required.
22.8,89.5,52.2,765.5,1052,26.2,0,97.7,1.1.25 13:53,1,"High Humidity, Poor Air Quality, High CO₂ Level","Risk of mold, risk of Possible dust or smoke, risk of Poor ventilation","Activate dehumidifier., Ventilate and check air filters., Improve airflow/ventilation."
20.3,78.9,50.9,127.3,438.8,66.9,0,452.6,1.1.25 13:54,2,Very Low Air Quality Reading,Risk of sensor malfunction or false safety indication,"Inspect, clean, and recalibrate air quality sensors."
21.1,75.9,46.3,456.4,505,52.9,0,424.7,1.1.25 13:55,0,no,no,No action required.
21.1,81.2,46.9,366.2,750,55.6,0,419.4,1.1.25 13:56,0,no,no,No action required.
24.6,80.9,45.1,541.3,478.7,6,0,60.5,1.1.25 13:57,2,Very Low Light Level,Risk of hidden defects and inspection difficulty,Enable controlled low-intensity inspection lighting periodically.
21.3,84.9,50.6,591,432.7,7.4,0,498.2,1.1.25 13:58,2,Very Low Light Level,Risk of hidden defects and inspection difficulty,Enable controlled low-intensity inspection lighting periodically.
22.4,88.1,50,863.3,1431.2,23.5,0,245.4,1.1.25 13:59,1,"High Humidity, Poor Air Quality, High CO₂ Level","Risk of mold, risk of Possible dust or smoke, risk of Poor ventilation","Activate dehumidifier., Ventilate and check air filters., Improve airflow/ventilation."
20.2,71.8,53.7,360.2,776.8,138.1,0,202,1.1.25 14:00,0,no,no,No action required.
24.2,93.2,74.6,762.9,437.7,443.8,1,143.2,1.1.25 14:01,1,"High Humidity, High Moisture Level, Poor Air Quality, Motion Detected, Unexpected Light Level","Risk of mold, Risk of spoilage, risk of Possible dust or smoke, risk of pests, Risk-Color may change","Activate dehumidifier., Investigate leaks and dry area., Ventilate and check air filters., Check premises immediately., Cover cinnamon stock with opaque sheets"
22,74.5,48.2,355.8,696.5,114.3,0,184.5,1.1.25 14:02,0,no,no,No action required.
24.4,66.9,47.4,371.7,457.3,64.3,0,40.2,1.1.25 14:03,0,no,no,No action required.
20.8,80,46.4,436.1,618.5,99.7,0,141.4,1.1.25 14:04,0,no,no,No action required.
21,64.8,52.5,487.9,448.2,128.4,0,485.3,1.1.25 14:05,0,no,no,No action required.
35.7,64.7,45.4,557,405.8,232.8,0,307.5,1.1.25 14:06,1,"High Temperature, Unexpected Light Level","Risk of product degradation and Color may change, Risk-Color may change","Increase ventilation/cooling., Cover cinnamon stock with opaque sheets"
17.6,71.8,51.9,168.1,637.9,22,0,238.7,1.1.25 14:07,2,"Low Temperature, Very Low Air Quality Reading","Risk of condensation during temperature fluctuation, Risk of sensor malfunction or false safety indication","Stabilize temperature gradually and improve storage insulation., Inspect, clean, and recalibrate air quality sensors."
20.1,54.7,39.3,535.8,710.6,6.6,0,449.2,1.1.25 14:08,2,"Low Humidity, Low Moisture Level, Very Low Light Level","Risk of over-drying and aroma loss, Risk of excessive dryness and weight loss, Risk of hidden defects and inspection difficulty","Reduce dehumidifier usage and slightly increase ambient humidity., Balance humidity levels and avoid direct airflow on cinnamon stock., Enable controlled low-intensity inspection lighting periodically."
20.4,74.9,45.1,362.7,671,61.9,0,284.1,1.1.25 14:09,0,no,no,No action required.
20,69.1,53.9,737.1,544.6,77.4,0,157.7,1.1.25 14:10,1,Poor Air Quality,risk of Possible dust or smoke,Ventilate and check air filters.
24.9,63.7,55,580.7,1122.5,47.4,1,28.4,1.1.25 14:11,1,"High CO₂ Level, Motion Detected","risk of Poor ventilation, risk of pests","Improve airflow/ventilation., Check premises immediately."
22.4,78.5,49.5,511.5,438.8,65.7,0,268.8,1.1.25 14:12,0,no,no,No action required.
22.2,80.8,45.2,615,544.5,40.6,0,179,1.1.25 14:13,1,Poor Air Quality,risk of Possible dust or smoke,Ventilate and check air filters.
10.3,75.8,48,366.2,681.1,75.5,0,289.1,1.1.25 14:14,2,Low Temperature,Risk of condensation during temperature fluctuation,Stabilize temperature gradually and improve storage insulation.
22.6,80.7,53.2,532.6,603.1,127.4,0,29.2,1.1.25 14:15,0,no,no,No action required.
21,80.5,45.3,803.2,456.4,123.3,0,227.8,1.1.25 14:16,1,Poor Air Quality,risk of Possible dust or smoke,Ventilate and check air filters.
20.9,80.3,52.8,392.2,447.9,27.9,0,492,1.1.25 14:17,0,no,no,No action required.
34.7,60.7,50.9,364.4,412.4,146.3,0,6.8,1.1.25 14:18,1,High Temperature,Risk of product degradation and Color may change,Increase ventilation/cooling.
24,94.2,54.6,879.2,1205.9,47.9,0,322.7,1.1.25 14:19,1,"High Humidity, Poor Air Quality, High CO₂ Level","Risk of mold, risk of Possible dust or smoke, risk of Poor ventilation","Activate dehumidifier., Ventilate and check air filters., Improve airflow/ventilation."
16,63.3,47.5,531,604.7,0.8,0,10.2,1.1.25 14:20,2,"Low Temperature, Very Low Light Level","Risk of condensation during temperature fluctuation, Risk of hidden defects and inspection difficulty","Stabilize temperature gradually and improve storage insulation., Enable controlled low-intensity inspection lighting periodically."
20.6,72.8,45.5,820.4,432,125.9,1,423.8,1.1.25 14:21,1,"Poor Air Quality, Motion Detected","risk of Possible dust or smoke, risk of pests","Ventilate and check air filters., Check premises immediately."
21.1,66.9,51.1,519.6,753.1,68.8,0,272.7,1.1.25 14:22,0,no,no,No action required.
23.4,71.2,50.8,466.1,649.7,72.6,0,344.2,1.1.25 14:23,0,no,no,No action required.
24.2,77.8,53.4,446.5,658.5,3.9,0,191.1,1.1.25 14:24,2,Very Low Light Level,Risk of hidden defects and inspection difficulty,Enable controlled low-intensity inspection lighting periodically.
11.4,76.8,42.9,276.7,723.6,91.6,0,226.2,1.1.25 14:25,2,"Low Moisture Level, Low Temperature, Very Low Air Quality Reading","Risk of excessive dryness and weight loss, Risk of condensation during temperature fluctuation, Risk of sensor malfunction or false safety indication","Balance humidity levels and avoid direct airflow on cinnamon stock., Stabilize temperature gradually and improve storage insulation., Inspect, clean, and recalibrate air quality sensors."
24.1,68.1,47.7,332.9,693.4,120,0,237.5,1.1.25 14:26,0,no,no,No action required.
23.1,79.3,49.2,386.4,429.4,29.4,0,388.9,1.1.25 14:27,0,no,no,No action required.
20.1,68.5,39.8,440.1,512.9,14.7,0,464.5,1.1.25 14:28,2,"Low Moisture Level, Very Low Light Level","Risk of excessive dryness and weight loss, Risk of hidden defects and inspection difficulty","Balance humidity levels and avoid direct airflow on cinnamon stock., Enable controlled low-intensity inspection lighting periodically."
21.7,90.8,77.8,607.7,902.6,87.2,1,36.8,1.1.25 14:29,1,"High Humidity, High Moisture Level, Poor Air Quality, High CO₂ Level, Motion Detected","Risk of mold, Risk of spoilage, risk of Possible dust or smoke, risk of Poor ventilation, risk of pests","Activate dehumidifier., Investigate leaks and dry area., Ventilate and check air filters., Improve airflow/ventilation., Check premises immediately."
24.7,69.6,51.6,411,691.2,19.5,0,382.9,1.1.25 14:30,2,Very Low Light Level,Risk of hidden defects and inspection difficulty,Enable controlled low-intensity inspection lighting periodically.
20.9,68.1,46.9,322.5,537.4,43,0,293.4,1.1.25 14:31,0,no,no,No action required.
24.3,64.8,47.2,424,425.7,497.1,0,132.2,1.1.25 14:32,1,Unexpected Light Level,Risk-Color may change,Cover cinnamon stock with opaque sheets
37.2,84.8,46.3,539.3,524.9,125.8,0,4.1,1.1.25 14:33,1,High Temperature,Risk of product degradation and Color may change,Increase ventilation/cooling.
23.8,68.9,34.9,147,653.1,30.6,0,14.4,1.1.25 14:34,2,"Low Moisture Level, Very Low Air Quality Reading","Risk of excessive dryness and weight loss, Risk of sensor malfunction or false safety indication","Balance humidity levels and avoid direct airflow on cinnamon stock., Inspect, clean, and recalibrate air quality sensors."
22.2,49.2,30.5,301.1,487.2,48.3,0,217.9,1.1.25 14:35,2,"Low Humidity, Low Moisture Level","Risk of over-drying and aroma loss, Risk of excessive dryness and weight loss","Reduce dehumidifier usage and slightly increase ambient humidity., Balance humidity levels and avoid direct airflow on cinnamon stock."
22.4,63.4,47.2,544.3,657.7,27.1,0,46.9,1.1.25 14:36,0,no,no,No action required.
22.2,56.3,46.4,412.8,209.2,63.5,0,189.4,1.1.25 14:37,2,"Low Humidity, Low CO₂ Level","Risk of over-drying and aroma loss, Risk of excessive ventilation and energy wastage","Reduce dehumidifier usage and slightly increase ambient humidity., Reduce ventilation intensity and maintain balanced airflow."
20.9,67.7,52.7,315.9,605.5,48.9,0,410.3,1.1.25 14:38,0,no,no,No action required.
23,63.2,50.9,346,668.8,96.8,0,198.1,1.1.25 14:39,0,no,no,No action required.
24.3,67.2,54.6,343.8,745.3,94.5,0,349.6,1.1.25 14:40,0,no,no,No action required.
23.6,79.1,47.7,323.8,617.1,47.3,0,21,1.1.25 14:41,0,no,no,No action required.
20.9,64.8,52.6,256.9,638.5,9,0,364.3,1.1.25 14:42,2,"Very Low Air Quality Reading, Very Low Light Level","Risk of sensor malfunction or false safety indication, Risk of hidden defects and inspection difficulty","Inspect, clean, and recalibrate air quality sensors., Enable controlled low-intensity inspection lighting periodically."
20.7,62.9,53.4,430.7,580.5,43.9,0,140.8,1.1.25 14:43,0,no,no,No action required.
20.2,61.8,47.8,368,626.3,8.7,0,268.8,1.1.25 14:44,2,Very Low Light Level,Risk of hidden defects and inspection difficulty,Enable controlled low-intensity inspection lighting periodically.
17.2,72.8,40.4,408.3,479.2,114.1,0,477.4,1.1.25 14:45,2,"Low Moisture Level, Low Temperature","Risk of excessive dryness and weight loss, Risk of condensation during temperature fluctuation","Balance humidity levels and avoid direct airflow on cinnamon stock., Stabilize temperature gradually and improve storage insulation."
24.4,69.1,47,408.7,780.7,43.3,0,480.9,1.1.25 14:46,0,no,no,No action required.
20.3,41.2,50.9,551.5,249.4,86.6,0,101.9,1.1.25 14:47,2,"Low Humidity, Low CO₂ Level","Risk of over-drying and aroma loss, Risk of excessive ventilation and energy wastage","Reduce dehumidifier usage and slightly increase ambient humidity., Reduce ventilation intensity and maintain balanced airflow."
23.6,77.3,53.1,788,597.4,120.7,0,347.4,1.1.25 14:48,1,Poor Air Quality,risk of Possible dust or smoke,Ventilate and check air filters.
23.7,60.7,52.8,367.6,607.1,100.2,0,454.2,1.1.25 14:49,0,no,no,No action required.
21.8,76.3,45.8,441.5,544.9,108.6,0,131.3,1.1.25 14:50,0,no,no,No action required.
20.6,61.8,48.7,455.9,644.2,129.8,1,353.8,1.1.25 14:51,1,Motion Detected,risk of pests,Check premises immediately.
23.1,82.7,54.5,356.9,452.5,17.7,0,203.1,1.1.25 14:52,2,Very Low Light Level,Risk of hidden defects and inspection difficulty,Enable controlled low-intensity inspection lighting periodically.
22,83.6,31.7,585.3,306.1,27.2,0,108.5,1.1.25 14:53,2,"Low Moisture Level, Low CO₂ Level","Risk of excessive dryness and weight loss, Risk of excessive ventilation and energy wastage","Balance humidity levels and avoid direct airflow on cinnamon stock., Reduce ventilation intensity and maintain balanced airflow."
12.5,40.1,52.8,393.1,332.3,15,0,24.1,1.1.25 14:54,2,"Low Humidity, Low Temperature, Low CO₂ Level, Very Low Light Level","Risk of over-drying and aroma loss, Risk of condensation during temperature fluctuation, Risk of excessive ventilation and energy wastage, Risk of hidden defects and inspection difficulty","Reduce dehumidifier usage and slightly increase ambient humidity., Stabilize temperature gradually and improve storage insulation., Reduce ventilation intensity and maintain balanced airflow., Enable controlled low-intensity inspection lighting periodically."
21.4,65.1,51.8,521.4,579.1,14.1,0,267.5,1.1.25 14:55,2,Very Low Light Level,Risk of hidden defects and inspection difficulty,Enable controlled low-intensity inspection lighting periodically.
20.1,96.5,50.7,825.2,1299,88.1,0,368.1,1.1.25 14:56,1,"High Humidity, Poor Air Quality, High CO₂ Level","Risk of mold, risk of Possible dust or smoke, risk of Poor ventilation","Activate dehumidifier., Ventilate and check air filters., Improve airflow/ventilation."
22,60,52.1,580.4,232.6,133.4,0,450,1.1.25 14:57,2,Low CO₂ Level,Risk of excessive ventilation and energy wastage,Reduce ventilation intensity and maintain balanced airflow.
38.3,96.4,54.2,698.1,450.7,100.4,0,478.7,1.1.25 14:58,1,"High Humidity, High Temperature, Poor Air Quality","Risk of mold, Risk of product degradation and Color may change, risk of Possible dust or smoke","Activate dehumidifier., Increase ventilation/cooling., Ventilate and check air filters."
24.5,77.9,51.9,415.3,570.5,144.3,0,153,1.1.25 14:59,0,no,no,No action required.
23.7,60.6,47.3,440.7,468.5,99.3,0,10.4,1.1.25 15:00,0,no,no,No action required.
22.4,75.6,38.7,210.1,734.7,63.2,0,49.1,1.1.25 15:01,2,"Low Moisture Level, Very Low Air Quality Reading","Risk of excessive dryness and weight loss, Risk of sensor malfunction or false safety indication","Balance humidity levels and avoid direct airflow on cinnamon stock., Inspect, clean, and recalibrate air quality sensors."
22.9,79.7,51.7,534.3,665.2,101.6,0,1.3,1.1.25 15:02,0,no,no,No action required.
21.4,79,49.3,419.5,680.7,2.5,0,248.6,1.1.25 15:03,2,Very Low Light Level,Risk of hidden defects and inspection difficulty,Enable controlled low-intensity inspection lighting periodically.
20.5,64.9,46.7,521.5,400.6,35.1,0,176.2,1.1.25 15:04,0,no,no,No action required.
21.5,79.6,49.3,531.5,785,26.4,0,491.3,1.1.25 15:05,0,no,no,No action required.
24,66.6,53.1,472.8,797.1,58.1,0,403.7,1.1.25 15:06,0,no,no,No action required.
22.3,62.2,51.5,456.3,625.6,119.3,0,288.1,1.1.25 15:07,0,no,no,No action required.
22.1,62.3,47.1,368.6,472,136.3,0,83.7,1.1.25 15:08,0,no,no,No action required.
21.5,62,46.9,250.4,457.4,93.1,0,72.7,1.1.25 15:09,2,Very Low Air Quality Reading,Risk of sensor malfunction or false safety indication,"Inspect, clean, and recalibrate air quality sensors."
22.6,75.3,48.2,335.5,450.9,116.9,0,269.9,1.1.25 15:10,0,no,no,No action required.
21.1,62.5,47.1,669.6,443.2,400.8,0,299.2,1.1.25 15:11,1,"Poor Air Quality, Unexpected Light Level","risk of Possible dust or smoke, Risk-Color may change","Ventilate and check air filters., Cover cinnamon stock with opaque sheets"
18.7,76.5,53.2,332,547.1,38.1,0,336.2,1.1.25 15:12,2,Low Temperature,Risk of condensation during temperature fluctuation,Stabilize temperature gradually and improve storage insulation.
21.8,64.4,48,502.8,692.9,279.5,0,206.3,1.1.25 15:13,1,Unexpected Light Level,Risk-Color may change,Cover cinnamon stock with opaque sheets
23.2,95.2,50.3,432.2,869.4,105.3,0,348.5,1.1.25 15:14,1,"High Humidity, High CO₂ Level","Risk of mold, risk of Poor ventilation","Activate dehumidifier., Improve airflow/ventilation."
18.5,34.6,45.2,294,798.3,57.4,0,82.1,1.1.25 15:15,2,"Low Humidity, Low Temperature, Very Low Air Quality Reading","Risk of over-drying and aroma loss, Risk of condensation during temperature fluctuation, Risk of sensor malfunction or false safety indication","Reduce dehumidifier usage and slightly increase ambient humidity., Stabilize temperature gradually and improve storage insulation., Inspect, clean, and recalibrate air quality sensors."
22.8,92.5,77.1,363.9,418.4,102.8,0,444.5,1.1.25 15:16,1,"High Humidity, High Moisture Level","Risk of mold, Risk of spoilage","Activate dehumidifier., Investigate leaks and dry area."
23.1,67.8,51.9,263,431.5,88.6,0,302.4,1.1.25 15:17,2,Very Low Air Quality Reading,Risk of sensor malfunction or false safety indication,"Inspect, clean, and recalibrate air quality sensors."
15.7,30.1,46,150,307.7,34.5,0,423.7,1.1.25 15:18,2,"Low Humidity, Low Temperature, Very Low Air Quality Reading, Low CO₂ Level","Risk of over-drying and aroma loss, Risk of condensation during temperature fluctuation, Risk of sensor malfunction or false safety indication, Risk of excessive ventilation and energy wastage","Reduce dehumidifier usage and slightly increase ambient humidity., Stabilize temperature gradually and improve storage insulation., Inspect, clean, and recalibrate air quality sensors., Reduce ventilation intensity and maintain balanced airflow."
21.4,80.8,51.3,468,449.7,114.7,0,21.7,1.1.25 15:19,0,no,no,No action required.
24.5,64.3,52.2,505.8,430.2,70.8,0,20.9,1.1.25 15:20,0,no,no,No action required.
22.9,64.7,49.4,115.1,303.2,3.5,0,377,1.1.25 15:21,2,"Very Low Air Quality Reading, Low CO₂ Level, Very Low Light Level","Risk of sensor malfunction or false safety indication, Risk of excessive ventilation and energy wastage, Risk of hidden defects and inspection difficulty","Inspect, clean, and recalibrate air quality sensors., Reduce ventilation intensity and maintain balanced airflow., Enable controlled low-intensity inspection lighting periodically."
23.4,81.4,51.3,407.7,680.1,51,0,315.5,1.1.25 15:22,0,no,no,No action required.
22.8,69,53.1,572.1,776.6,64.6,0,250.2,1.1.25 15:23,0,no,no,No action required.
22.9,57.8,31.4,534.7,782.4,26.5,0,472.7,1.1.25 15:24,2,"Low Humidity, Low Moisture Level","Risk of over-drying and aroma loss, Risk of excessive dryness and weight loss","Reduce dehumidifier usage and slightly increase ambient humidity., Balance humidity levels and avoid direct airflow on cinnamon stock."
20.6,76.8,54.1,248.1,495.8,144.5,0,126.5,1.1.25 15:25,2,Very Low Air Quality Reading,Risk of sensor malfunction or false safety indication,"Inspect, clean, and recalibrate air quality sensors."
18.6,75.3,31.3,370.5,227.6,72.4,0,232.6,1.1.25 15:26,2,"Low Moisture Level, Low Temperature, Low CO₂ Level","Risk of excessive dryness and weight loss, Risk of condensation during temperature fluctuation, Risk of excessive ventilation and energy wastage","Balance humidity levels and avoid direct airflow on cinnamon stock., Stabilize temperature gradually and improve storage insulation., Reduce ventilation intensity and maintain balanced airflow."
26.4,82,45.9,817,625.5,132,0,485.8,1.1.25 15:27,1,"High Temperature, Poor Air Quality","Risk of product degradation and Color may change, risk of Possible dust or smoke","Increase ventilation/cooling., Ventilate and check air filters."
23.9,46.2,53,489.7,584.8,126.4,0,158.1,1.1.25 15:28,2,Low Humidity,Risk of over-drying and aroma loss,Reduce dehumidifier usage and slightly increase ambient humidity.
24.2,66,52.7,589.9,492.6,143.8,1,161.2,1.1.25 15:29,1,Motion Detected,risk of pests,Check premises immediately.
22.8,71.7,46.7,354.9,498.3,120.7,0,59.5,1.1.25 15:30,0,no,no,No action required.
23.4,72.4,47.1,360.6,636.1,55,0,455.7,1.1.25 15:31,0,no,no,No action required.
31.7,69.1,49.9,557.8,1410.1,281.6,0,443.8,1.1.25 15:32,1,"High Temperature, High CO₂ Level, Unexpected Light Level","Risk of product degradation and Color may change, risk of Poor ventilation, Risk-Color may change","Increase ventilation/cooling., Improve airflow/ventilation., Cover cinnamon stock with opaque sheets"
35.9,77.8,54.1,699.6,765.3,169.4,1,315.5,1.1.25 15:33,1,"High Temperature, Poor Air Quality, Motion Detected, Unexpected Light Level","Risk of product degradation and Color may change, risk of Possible dust or smoke, risk of pests, Risk-Color may change","Increase ventilation/cooling., Ventilate and check air filters., Check premises immediately., Cover cinnamon stock with opaque sheets"
22,92,61.9,312.1,718.3,57.1,1,12.1,1.1.25 15:34,1,"High Humidity, High Moisture Level, Motion Detected","Risk of mold, Risk of spoilage, risk of pests","Activate dehumidifier., Investigate leaks and dry area., Check premises immediately."
24,60.8,40.2,144.3,270.7,39,0,389.8,1.1.25 15:35,2,"Low Moisture Level, Very Low Air Quality Reading, Low CO₂ Level","Risk of excessive dryness and weight loss, Risk of sensor malfunction or false safety indication, Risk of excessive ventilation and energy wastage","Balance humidity levels and avoid direct airflow on cinnamon stock., Inspect, clean, and recalibrate air quality sensors., Reduce ventilation intensity and maintain balanced airflow."
21.4,69.3,46.8,513.7,487.5,85.1,0,115,1.1.25 15:36,0,no,no,No action required.
13.8,71.3,49.7,116.9,342.8,143.3,0,334.1,1.1.25 15:37,2,"Low Temperature, Very Low Air Quality Reading, Low CO₂ Level","Risk of condensation during temperature fluctuation, Risk of sensor malfunction or false safety indication, Risk of excessive ventilation and energy wastage","Stabilize temperature gradually and improve storage insulation., Inspect, clean, and recalibrate air quality sensors., Reduce ventilation intensity and maintain balanced airflow."
21.8,83.8,45.9,513.3,452.1,59.5,0,299.5,1.1.25 15:38,0,no,no,No action required.
20.9,51.3,46.8,313.9,277.8,0.3,0,392.7,1.1.25 15:39,2,"Low Humidity, Low CO₂ Level, Very Low Light Level","Risk of over-drying and aroma loss, Risk of excessive ventilation and energy wastage, Risk of hidden defects and inspection difficulty","Reduce dehumidifier usage and slightly increase ambient humidity., Reduce ventilation intensity and maintain balanced airflow., Enable controlled low-intensity inspection lighting periodically."
24.9,66.3,53.4,497.3,1000.5,113.8,0,78.9,1.1.25 15:40,1,High CO₂ Level,risk of Poor ventilation,Improve airflow/ventilation.
13.5,34.6,45.2,362.2,262.4,128.3,0,7.2,1.1.25 15:41,2,"Low Humidity, Low Temperature, Low CO₂ Level","Risk of over-drying and aroma loss, Risk of condensation during temperature fluctuation, Risk of excessive ventilation and energy wastage","Reduce dehumidifier usage and slightly increase ambient humidity., Stabilize temperature gradually and improve storage insulation., Reduce ventilation intensity and maintain balanced airflow."
23.6,79.6,48.7,493.6,525.3,95.7,0,448.9,1.1.25 15:42,0,no,no,No action required.
24.5,64.3,50.9,325.4,406.9,55.8,0,247.7,1.1.25 15:43,0,no,no,No action required.
21,60.1,48.1,358.4,545.7,145.8,0,139.2,1.1.25 15:44,0,no,no,No action required.
20.2,71.1,48.3,199.7,595.2,69.1,0,269.1,1.1.25 15:45,2,Very Low Air Quality Reading,Risk of sensor malfunction or false safety indication,"Inspect, clean, and recalibrate air quality sensors."
24.9,87.9,76.9,779.2,1385.4,23.9,0,284,1.1.25 15:46,1,"High Humidity, High Moisture Level, Poor Air Quality, High CO₂ Level","Risk of mold, Risk of spoilage, risk of Possible dust or smoke, risk of Poor ventilation","Activate dehumidifier., Investigate leaks and dry area., Ventilate and check air filters., Improve airflow/ventilation."
22.3,81,49.1,304,468.8,80.3,0,126.6,1.1.25 15:47,0,no,no,No action required.
16.3,73.8,52.2,491.5,735.6,144.1,0,485.1,1.1.25 15:48,2,Low Temperature,Risk of condensation during temperature fluctuation,Stabilize temperature gradually and improve storage insulation.
22.6,70.3,46.2,569.8,657.4,88,0,413.7,1.1.25 15:49,0,no,no,No action required.
36.6,66.9,52.2,436.1,627.9,431.9,0,265.2,1.1.25 15:50,1,"High Temperature, Unexpected Light Level","Risk of product degradation and Color may change, Risk-Color may change","Increase ventilation/cooling., Cover cinnamon stock with opaque sheets"
20.9,73.3,50.3,461.8,600.3,95.2,0,17.4,1.1.25 15:51,0,no,no,No action required.
23.4,82.4,46.9,588,657.3,134.8,0,398.1,1.1.25 15:52,0,no,no,No action required.
26.9,76.5,51.2,405.9,1218,478,0,339.6,1.1.25 15:53,1,"High Temperature, High CO₂ Level, Unexpected Light Level","Risk of product degradation and Color may change, risk of Poor ventilation, Risk-Color may change","Increase ventilation/cooling., Improve airflow/ventilation., Cover cinnamon stock with opaque sheets"
24.4,78.6,45.7,571.3,619.8,23.7,0,50.5,1.1.25 15:54,0,no,no,No action required.
20.4,86.5,46.2,447.8,584.5,70.8,0,98.2,1.1.25 15:55,1,High Humidity,Risk of mold,Activate dehumidifier.
20.9,87.9,63.3,587.3,441.9,83.1,0,241.4,1.1.25 15:56,1,"High Humidity, High Moisture Level","Risk of mold, Risk of spoilage","Activate dehumidifier., Investigate leaks and dry area."
24.3,68.8,47.1,407.9,735.2,66.6,0,324.1,1.1.25 15:57,0,no,no,No action required.
36.5,79.2,50.5,845.6,1277.6,370.4,0,484.5,1.1.25 15:58,1,"High Temperature, Poor Air Quality, High CO₂ Level, Unexpected Light Level","Risk of product degradation and Color may change, risk of Possible dust or smoke, risk of Poor ventilation, Risk-Color may change","Increase ventilation/cooling., Ventilate and check air filters., Improve airflow/ventilation., Cover cinnamon stock with opaque sheets"
22.7,47.6,38.7,347.2,572.9,7.2,0,408.2,1.1.25 15:59,2,"Low Humidity, Low Moisture Level, Very Low Light Level","Risk of over-drying and aroma loss, Risk of excessive dryness and weight loss, Risk of hidden defects and inspection difficulty","Reduce dehumidifier usage and slightly increase ambient humidity., Balance humidity levels and avoid direct airflow on cinnamon stock., Enable controlled low-intensity inspection lighting periodically."
24.1,60.9,45.6,322.1,570.3,8.4,0,288.7,1.1.25 16:00,2,Very Low Light Level,Risk of hidden defects and inspection difficulty,Enable controlled low-intensity inspection lighting periodically.
22.8,80.6,46.8,335.6,742.3,457.1,1,132.6,1.1.25 16:01,1,"Motion Detected, Unexpected Light Level","risk of pests, Risk-Color may change","Check premises immediately., Cover cinnamon stock with opaque sheets"
24.8,63.7,51.6,320.3,547.4,46.8,0,375.7,1.1.25 16:02,0,no,no,No action required.
24.2,69.1,46.6,544.5,515.2,306.9,0,328.8,1.1.25 16:03,1,Unexpected Light Level,Risk-Color may change,Cover cinnamon stock with opaque sheets
22.8,84,49.4,443.7,404.4,10.2,0,187.1,1.1.25 16:04,2,Very Low Light Level,Risk of hidden defects and inspection difficulty,Enable controlled low-intensity inspection lighting periodically.
22.6,77,52.4,444.1,702.5,109,0,212.1,1.1.25 16:05,0,no,no,No action required.
23.2,69,49.1,374.3,782,133.8,0,356.6,1.1.25 16:06,0,no,no,No action required.
28.5,73,72.1,498.2,588.8,370.3,1,227.3,1.1.25 16:07,1,"High Moisture Level, High Temperature, Motion Detected, Unexpected Light Level","Risk of spoilage, Risk of product degradation and Color may change, risk of pests, Risk-Color may change","Investigate leaks and dry area., Increase ventilation/cooling., Check premises immediately., Cover cinnamon stock with opaque sheets"
22.6,65.9,51.2,536,751.6,140.9,0,62.4,1.1.25 16:08,0,no,no,No action required.
23,77,41.1,141.7,625.6,59.5,0,161.5,1.1.25 16:09,2,"Low Moisture Level, Very Low Air Quality Reading","Risk of excessive dryness and weight loss, Risk of sensor malfunction or false safety indication","Balance humidity levels and avoid direct airflow on cinnamon stock., Inspect, clean, and recalibrate air quality sensors."
20.5,56.9,48.6,507.2,495.8,6.9,0,277.6,1.1.25 16:10,2,"Low Humidity, Very Low Light Level","Risk of over-drying and aroma loss, Risk of hidden defects and inspection difficulty","Reduce dehumidifier usage and slightly increase ambient humidity., Enable controlled low-intensity inspection lighting periodically."
20.7,61.7,50.3,546.4,430.3,123.8,0,150,1.1.25 16:11,0,no,no,No action required.
22.8,83.7,45.9,323.5,496.5,85.1,0,456.7,1.1.25 16:12,0,no,no,No action required.
24.1,81.9,59.9,441.3,926.3,146.7,0,401.5,1.1.25 16:13,1,"High Moisture Level, High CO₂ Level","Risk of spoilage, risk of Poor ventilation","Investigate leaks and dry area., Improve airflow/ventilation."
21.3,69.4,63.3,592.2,435.8,215.9,0,473.2,1.1.25 16:14,1,"High Moisture Level, Unexpected Light Level","Risk of spoilage, Risk-Color may change","Investigate leaks and dry area., Cover cinnamon stock with opaque sheets"
24,70.9,48.6,455.2,463.4,129.8,0,337,1.1.25 16:15,0,no,no,No action required.
17.3,63.2,34.4,327.9,311.6,146.6,0,408,1.1.25 16:16,2,"Low Moisture Level, Low Temperature, Low CO₂ Level","Risk of excessive dryness and weight loss, Risk of condensation during temperature fluctuation, Risk of excessive ventilation and energy wastage","Balance humidity levels and avoid direct airflow on cinnamon stock., Stabilize temperature gradually and improve storage insulation., Reduce ventilation intensity and maintain balanced airflow."
22.9,79.2,52.8,379,605.6,72.5,0,497.1,1.1.25 16:17,0,no,no,No action required.
21.3,63.6,49.6,572.2,403.2,29.8,0,389.3,1.1.25 16:18,0,no,no,No action required.
24.7,68.7,53.1,459.7,780.6,114.4,0,189.4,1.1.25 16:19,0,no,no,No action required.
24.7,88.8,50.3,627.5,1234.5,437.5,0,25.1,1.1.25 16:20,1,"High Humidity, Poor Air Quality, High CO₂ Level, Unexpected Light Level","Risk of mold, risk of Possible dust or smoke, risk of Poor ventilation, Risk-Color may change","Activate dehumidifier., Ventilate and check air filters., Improve airflow/ventilation., Cover cinnamon stock with opaque sheets"
27.7,76.2,53.7,560.4,449.1,65,1,260.4,1.1.25 16:21,1,"High Temperature, Motion Detected","Risk of product degradation and Color may change, risk of pests","Increase ventilation/cooling., Check premises immediately."
23.4,74.2,45.7,310.1,790.1,129.4,0,326.1,1.1.25 16:22,0,no,no,No action required.
22.9,71.7,48.4,438.7,548,149.4,0,94.2,1.1.25 16:23,0,no,no,No action required.
23.4,52.7,53.7,545.6,280.2,17.9,0,55.5,1.1.25 16:24,2,"Low Humidity, Low CO₂ Level, Very Low Light Level","Risk of over-drying and aroma loss, Risk of excessive ventilation and energy wastage, Risk of hidden defects and inspection difficulty","Reduce dehumidifier usage and slightly increase ambient humidity., Reduce ventilation intensity and maintain balanced airflow., Enable controlled low-intensity inspection lighting periodically."
24.9,59.9,47.2,528.2,287.1,50.9,0,109.7,1.1.25 16:25,2,"Low Humidity, Low CO₂ Level","Risk of over-drying and aroma loss, Risk of excessive ventilation and energy wastage","Reduce dehumidifier usage and slightly increase ambient humidity., Reduce ventilation intensity and maintain balanced airflow."
27.9,75.8,69.4,505.4,551.4,22.7,0,40.4,1.1.25 16:26,1,"High Moisture Level, High Temperature","Risk of spoilage, Risk of product degradation and Color may change","Investigate leaks and dry area., Increase ventilation/cooling."
16.5,45.4,50.3,559.7,736.5,143.3,0,186.4,1.1.25 16:27,2,"Low Humidity, Low Temperature","Risk of over-drying and aroma loss, Risk of condensation during temperature fluctuation","Reduce dehumidifier usage and slightly increase ambient humidity., Stabilize temperature gradually and improve storage insulation."
17.2,64.3,46.4,418.5,539,145.5,0,394.3,1.1.25 16:28,2,Low Temperature,Risk of condensation during temperature fluctuation,Stabilize temperature gradually and improve storage insulation.
22.8,84.2,47,384.9,353.9,41.1,0,92.7,1.1.25 16:29,2,Low CO₂ Level,Risk of excessive ventilation and energy wastage,Reduce ventilation intensity and maintain balanced airflow.
21.4,72.4,46.7,115.5,307,61.2,0,487.4,1.1.25 16:30,2,"Very Low Air Quality Reading, Low CO₂ Level","Risk of sensor malfunction or false safety indication, Risk of excessive ventilation and energy wastage","Inspect, clean, and recalibrate air quality sensors., Reduce ventilation intensity and maintain balanced airflow."
29.5,72.4,61.4,372.8,505.7,250.8,0,179.3,1.1.25 16:31,1,"High Moisture Level, High Temperature, Unexpected Light Level","Risk of spoilage, Risk of product degradation and Color may change, Risk-Color may change","Investigate leaks and dry area., Increase ventilation/cooling., Cover cinnamon stock with opaque sheets"
21.9,82,52.5,581.3,597.9,143.4,0,332.8,1.1.25 16:32,0,no,no,No action required.
22.4,76.1,45,880.3,863.5,95.6,0,56,1.1.25 16:33,1,"Poor Air Quality, High CO₂ Level","risk of Possible dust or smoke, risk of Poor ventilation","Ventilate and check air filters., Improve airflow/ventilation."
22.8,93.6,54.2,524,413.9,22.2,0,22.7,1.1.25 16:34,1,High Humidity,Risk of mold,Activate dehumidifier.
20.1,48,50.4,437.2,640,81.3,0,162.3,1.1.25 16:35,2,Low Humidity,Risk of over-drying and aroma loss,Reduce dehumidifier usage and slightly increase ambient humidity.
20.7,67,51,549.8,608.6,99.7,0,177.2,1.1.25 16:36,0,no,no,No action required.
23.6,68.8,54.5,556.8,427.2,135.8,0,460.2,1.1.25 16:37,0,no,no,No action required.
24.8,83.5,53,569.5,1364.4,57.2,0,178.8,1.1.25 16:38,1,High CO₂ Level,risk of Poor ventilation,Improve airflow/ventilation.
36,89.8,63.3,416.1,1238,184.3,0,58.4,1.1.25 16:39,1,"High Humidity, High Moisture Level, High Temperature, High CO₂ Level, Unexpected Light Level","Risk of mold, Risk of spoilage, Risk of product degradation and Color may change, risk of Poor ventilation, Risk-Color may change","Activate dehumidifier., Investigate leaks and dry area., Increase ventilation/cooling., Improve airflow/ventilation., Cover cinnamon stock with opaque sheets"
23.6,75,46.8,519.8,303.1,0.3,0,113.8,1.1.25 16:40,2,"Low CO₂ Level, Very Low Light Level","Risk of excessive ventilation and energy wastage, Risk of hidden defects and inspection difficulty","Reduce ventilation intensity and maintain balanced airflow., Enable controlled low-intensity inspection lighting periodically."
22.5,97.2,50.8,396.9,683.4,407.4,0,199.6,1.1.25 16:41,1,"High Humidity, Unexpected Light Level","Risk of mold, Risk-Color may change","Activate dehumidifier., Cover cinnamon stock with opaque sheets"
18.4,85,50.7,571,281.2,133.5,0,452.4,1.1.25 16:42,2,"Low Temperature, Low CO₂ Level","Risk of condensation during temperature fluctuation, Risk of excessive ventilation and energy wastage","Stabilize temperature gradually and improve storage insulation., Reduce ventilation intensity and maintain balanced airflow."
21.3,74.9,45.9,434.9,677.7,22.8,0,186.5,1.1.25 16:43,0,no,no,No action required.
20.9,76.3,47,362.4,453.3,124.9,1,250.3,1.1.25 16:44,1,Motion Detected,risk of pests,Check premises immediately.
24,88.5,60.1,740.2,660.3,127.9,0,201.5,1.1.25 16:45,1,"High Humidity, High Moisture Level, Poor Air Quality","Risk of mold, Risk of spoilage, risk of Possible dust or smoke","Activate dehumidifier., Investigate leaks and dry area., Ventilate and check air filters."
19.8,77.6,53.3,523.8,321.3,22,0,477.7,1.1.25 16:46,2,"Low Temperature, Low CO₂ Level","Risk of condensation during temperature fluctuation, Risk of excessive ventilation and energy wastage","Stabilize temperature gradually and improve storage insulation., Reduce ventilation intensity and maintain balanced airflow."
23.3,82.9,45.6,594.8,789.1,87,0,99.9,1.1.25 16:47,0,no,no,No action required.
36.4,98.9,47.2,474.9,595.3,143,0,345.7,1.1.25 16:48,1,"High Humidity, High Temperature","Risk of mold, Risk of product degradation and Color may change","Activate dehumidifier., Increase ventilation/cooling."
23.9,84.8,58.6,336.7,1247.8,80.2,1,166.8,1.1.25 16:49,1,"High Moisture Level, High CO₂ Level, Motion Detected","Risk of spoilage, risk of Poor ventilation, risk of pests","Investigate leaks and dry area., Improve airflow/ventilation., Check premises immediately."
20.4,49.5,47.8,398.5,364.6,115.9,0,402.2,1.1.25 16:50,2,"Low Humidity, Low CO₂ Level","Risk of over-drying and aroma loss, Risk of excessive ventilation and energy wastage","Reduce dehumidifier usage and slightly increase ambient humidity., Reduce ventilation intensity and maintain balanced airflow."
34,61.4,45.7,388.3,1461.3,112.8,1,253,1.1.25 16:51,1,"High Temperature, High CO₂ Level, Motion Detected","Risk of product degradation and Color may change, risk of Poor ventilation, risk of pests","Increase ventilation/cooling., Improve airflow/ventilation., Check premises immediately."
21.1,65.6,49.1,379.3,707.8,29.9,0,314.6,1.1.25 16:52,0,no,no,No action required.
11.4,79.3,48.8,450.2,369.5,0.1,0,167,1.1.25 16:53,2,"Low Temperature, Low CO₂ Level, Very Low Light Level","Risk of condensation during temperature fluctuation, Risk of excessive ventilation and energy wastage, Risk of hidden defects and inspection difficulty","Stabilize temperature gradually and improve storage insulation., Reduce ventilation intensity and maintain balanced airflow., Enable controlled low-intensity inspection lighting periodically."
24.8,77.3,48.1,405,498.9,83.8,0,410.9,1.1.25 16:54,0,no,no,No action required.
23.3,70,45.2,325.8,517.8,104.5,0,435.7,1.1.25 16:55,0,no,no,No action required.
21.4,71.1,64.7,504.4,640.5,148.7,1,128.5,1.1.25 16:56,1,"High Moisture Level, Motion Detected","Risk of spoilage, risk of pests","Investigate leaks and dry area., Check premises immediately."
21.6,98,46.4,502.1,422.5,484,1,489.6,1.1.25 16:57,1,"High Humidity, Motion Detected, Unexpected Light Level","Risk of mold, risk of pests, Risk-Color may change","Activate dehumidifier., Check premises immediately., Cover cinnamon stock with opaque sheets"
27.8,75.9,53,699.1,699.9,63,0,281.7,1.1.25 16:58,1,"High Temperature, Poor Air Quality","Risk of product degradation and Color may change, risk of Possible dust or smoke","Increase ventilation/cooling., Ventilate and check air filters."
21,81.9,48.7,300.5,540.7,147.5,0,29.7,1.1.25 16:59,0,no,no,No action required.
21.2,68.3,41,308.5,494,126,0,346.8,1.1.25 17:00,2,Low Moisture Level,Risk of excessive dryness and weight loss,Balance humidity levels and avoid direct airflow on cinnamon stock.
21.2,69.8,50.7,486.9,715.4,121.7,0,486,1.1.25 17:01,0,no,no,No action required.
23.9,63.1,53.3,406.6,422,108.7,0,310.6,1.1.25 17:02,0,no,no,No action required.
23.3,74.1,45.5,534,585.3,120.5,0,365.5,1.1.25 17:03,0,no,no,No action required.
21.1,82.5,53.4,437.3,467.4,2.1,0,260.9,1.1.25 17:04,2,Very Low Light Level,Risk of hidden defects and inspection difficulty,Enable controlled low-intensity inspection lighting periodically.
20.8,86.1,65,327.5,568.7,43.5,0,75.3,1.1.25 17:05,1,"High Humidity, High Moisture Level","Risk of mold, Risk of spoilage","Activate dehumidifier., Investigate leaks and dry area."
24.5,72.4,48.6,272.1,318,67.9,0,72.9,1.1.25 17:06,2,"Very Low Air Quality Reading, Low CO₂ Level","Risk of sensor malfunction or false safety indication, Risk of excessive ventilation and energy wastage","Inspect, clean, and recalibrate air quality sensors., Reduce ventilation intensity and maintain balanced airflow."
21.5,67.4,46.9,513,1165,113.8,0,477.1,1.1.25 17:07,1,High CO₂ Level,risk of Poor ventilation,Improve airflow/ventilation.
24.6,71.8,64.7,403.4,704.9,95.7,0,27,1.1.25 17:08,1,High Moisture Level,Risk of spoilage,Investigate leaks and dry area.
20.6,69.8,54.3,398.7,446.5,475.7,0,497.8,1.1.25 17:09,1,Unexpected Light Level,Risk-Color may change,Cover cinnamon stock with opaque sheets
21.9,71.4,45.7,418.6,680.7,55.6,0,46.7,1.1.25 17:10,0,no,no,No action required.
22.4,65,53.4,592.3,766.9,146.6,0,63.8,1.1.25 17:11,0,no,no,No action required.
23.1,79,53.9,604.3,585.8,89.3,1,81.9,1.1.25 17:12,1,"Poor Air Quality, Motion Detected","risk of Possible dust or smoke, risk of pests","Ventilate and check air filters., Check premises immediately."
23.9,30.7,47.9,129.3,793.3,66.5,0,224.9,1.1.25 17:13,2,"Low Humidity, Very Low Air Quality Reading","Risk of over-drying and aroma loss, Risk of sensor malfunction or false safety indication","Reduce dehumidifier usage and slightly increase ambient humidity., Inspect, clean, and recalibrate air quality sensors."
21.4,81.8,50.7,440.8,507.8,52.1,0,214.7,1.1.25 17:14,0,no,no,No action required.
36.6,68.4,50.8,417.1,474,396.8,0,268.8,1.1.25 17:15,1,"High Temperature, Unexpected Light Level","Risk of product degradation and Color may change, Risk-Color may change","Increase ventilation/cooling., Cover cinnamon stock with opaque sheets"
22,68.8,54.3,385.2,516.8,31.7,0,449.6,1.1.25 17:16,0,no,no,No action required.
24.7,71.3,48.6,576,546.5,25.4,0,329.5,1.1.25 17:17,0,no,no,No action required.
17.3,61,49.5,448.4,387.4,7,0,392.2,1.1.25 17:18,2,"Low Temperature, Low CO₂ Level, Very Low Light Level","Risk of condensation during temperature fluctuation, Risk of excessive ventilation and energy wastage, Risk of hidden defects and inspection difficulty","Stabilize temperature gradually and improve storage insulation., Reduce ventilation intensity and maintain balanced airflow., Enable controlled low-intensity inspection lighting periodically."
10.1,48.4,32.9,351,558.1,117.8,0,493.3,1.1.25 17:19,2,"Low Humidity, Low Moisture Level, Low Temperature","Risk of over-drying and aroma loss, Risk of excessive dryness and weight loss, Risk of condensation during temperature fluctuation","Reduce dehumidifier usage and slightly increase ambient humidity., Balance humidity levels and avoid direct airflow on cinnamon stock., Stabilize temperature gradually and improve storage insulation."
27.2,94.4,71.6,377.3,453.3,85.2,1,83.9,1.1.25 17:20,1,"High Humidity, High Moisture Level, High Temperature, Motion Detected","Risk of mold, Risk of spoilage, Risk of product degradation and Color may change, risk of pests","Activate dehumidifier., Investigate leaks and dry area., Increase ventilation/cooling., Check premises immediately."
21.7,67.3,51.8,390.9,727.2,48,0,239.9,1.1.25 17:21,0,no,no,No action required.
11.4,63.8,52.5,126.2,302.8,56,0,290.5,1.1.25 17:22,2,"Low Temperature, Very Low Air Quality Reading, Low CO₂ Level","Risk of condensation during temperature fluctuation, Risk of sensor malfunction or false safety indication, Risk of excessive ventilation and energy wastage","Stabilize temperature gradually and improve storage insulation., Inspect, clean, and recalibrate air quality sensors., Reduce ventilation intensity and maintain balanced airflow."
23.2,83.1,46.2,163.9,473.5,104.5,0,49.7,1.1.25 17:23,2,Very Low Air Quality Reading,Risk of sensor malfunction or false safety indication,"Inspect, clean, and recalibrate air quality sensors."
13.8,78.4,45.1,141.2,522.2,112.5,0,463.3,1.1.25 17:24,2,"Low Temperature, Very Low Air Quality Reading","Risk of condensation during temperature fluctuation, Risk of sensor malfunction or false safety indication","Stabilize temperature gradually and improve storage insulation., Inspect, clean, and recalibrate air quality sensors."
11.7,38,39.6,495.4,250.2,18.5,0,116.4,1.1.25 17:25,2,"Low Humidity, Low Moisture Level, Low Temperature, Low CO₂ Level, Very Low Light Level","Risk of over-drying and aroma loss, Risk of excessive dryness and weight loss, Risk of condensation during temperature fluctuation, Risk of excessive ventilation and energy wastage, Risk of hidden defects and inspection difficulty","Reduce dehumidifier usage and slightly increase ambient humidity., Balance humidity levels and avoid direct airflow on cinnamon stock., Stabilize temperature gradually and improve storage insulation., Reduce ventilation intensity and maintain balanced airflow., Enable controlled low-intensity inspection lighting periodically."
28.6,66.7,49.9,429.4,548.5,22.1,1,272.8,1.1.25 17:26,1,"High Temperature, Motion Detected","Risk of product degradation and Color may change, risk of pests","Increase ventilation/cooling., Check premises immediately."
20.1,68.3,45.1,430.3,612.6,111.3,0,89.3,1.1.25 17:27,0,no,no,No action required.
24.1,67,46.8,258.1,684.9,62.3,0,103.8,1.1.25 17:28,2,Very Low Air Quality Reading,Risk of sensor malfunction or false safety indication,"Inspect, clean, and recalibrate air quality sensors."
23.1,64.4,46.7,477.1,595,39.5,0,79.5,1.1.25 17:29,0,no,no,No action required.
21,66.6,49.7,425.2,790.6,123.9,0,474.5,1.1.25 17:30,0,no,no,No action required.
34.2,98.7,63.5,701.8,653.3,222.5,0,62.9,1.1.25 17:31,1,"High Humidity, High Moisture Level, High Temperature, Poor Air Quality, Unexpected Light Level","Risk of mold, Risk of spoilage, Risk of product degradation and Color may change, risk of Possible dust or smoke, Risk-Color may change","Activate dehumidifier., Investigate leaks and dry area., Increase ventilation/cooling., Ventilate and check air filters., Cover cinnamon stock with opaque sheets"
23.3,64.9,51.3,598.1,541.7,143,0,178.9,1.1.25 17:32,0,no,no,No action required.
22.9,76.5,47.2,492.2,654.1,25.8,0,464.6,1.1.25 17:33,0,no,no,No action required.
32.7,68.1,47.7,307.6,662.1,433.5,0,249.1,1.1.25 17:34,1,"High Temperature, Unexpected Light Level","Risk of product degradation and Color may change, Risk-Color may change","Increase ventilation/cooling., Cover cinnamon stock with opaque sheets"
18.4,75.6,41.7,395.1,245.3,1.4,0,391.5,1.1.25 17:35,2,"Low Moisture Level, Low Temperature, Low CO₂ Level, Very Low Light Level","Risk of excessive dryness and weight loss, Risk of condensation during temperature fluctuation, Risk of excessive ventilation and energy wastage, Risk of hidden defects and inspection difficulty","Balance humidity levels and avoid direct airflow on cinnamon stock., Stabilize temperature gradually and improve storage insulation., Reduce ventilation intensity and maintain balanced airflow., Enable controlled low-intensity inspection lighting periodically."
20.7,77.9,47.4,463.5,462.7,83.9,0,198.7,1.1.25 17:36,0,no,no,No action required.
21.5,81.5,50.9,114.3,277.1,119.3,0,16.1,1.1.25 17:37,2,"Very Low Air Quality Reading, Low CO₂ Level","Risk of sensor malfunction or false safety indication, Risk of excessive ventilation and energy wastage","Inspect, clean, and recalibrate air quality sensors., Reduce ventilation intensity and maintain balanced airflow."
20.7,91,52.5,472.3,766.2,183,1,276.6,1.1.25 17:38,1,"High Humidity, Motion Detected, Unexpected Light Level","Risk of mold, risk of pests, Risk-Color may change","Activate dehumidifier., Check premises immediately., Cover cinnamon stock with opaque sheets"
36.8,64.4,51.2,345,570.1,43.7,0,42.7,1.1.25 17:39,1,High Temperature,Risk of product degradation and Color may change,Increase ventilation/cooling.
22.6,77.1,52.8,381.2,558.5,81.4,0,488.2,1.1.25 17:40,0,no,no,No action required.
17,68.6,51.2,247.7,564.8,35.5,0,313.5,1.1.25 17:41,2,"Low Temperature, Very Low Air Quality Reading","Risk of condensation during temperature fluctuation, Risk of sensor malfunction or false safety indication","Stabilize temperature gradually and improve storage insulation., Inspect, clean, and recalibrate air quality sensors."
20.6,64.3,50.7,557.8,549,144.4,0,5.8,1.1.25 17:42,0,no,no,No action required.
15.1,58.3,44.9,385.7,478.4,41.9,0,274.9,1.1.25 17:43,2,"Low Humidity, Low Moisture Level, Low Temperature","Risk of over-drying and aroma loss, Risk of excessive dryness and weight loss, Risk of condensation during temperature fluctuation","Reduce dehumidifier usage and slightly increase ambient humidity., Balance humidity levels and avoid direct airflow on cinnamon stock., Stabilize temperature gradually and improve storage insulation."
23.1,60.2,52.6,317.3,553.8,140.5,0,126.1,1.1.25 17:44,0,no,no,No action required.
20.3,71.8,51.2,352.6,755.5,136.7,0,111.9,1.1.25 17:45,0,no,no,No action required.
23.9,69.3,54.9,368.4,754,130.1,0,409.7,1.1.25 17:46,0,no,no,No action required.
20.3,66.1,54,563.4,763.5,87,0,409.2,1.1.25 17:47,0,no,no,No action required.
23.7,75.6,52.9,376.3,471.4,80,0,468.2,1.1.25 17:48,0,no,no,No action required.
21.7,70,52.2,315.3,613.8,91.6,0,316.4,1.1.25 17:49,0,no,no,No action required.
21.2,69.2,34.6,193.1,584.3,1,0,155.5,1.1.25 17:50,2,"Low Moisture Level, Very Low Air Quality Reading, Very Low Light Level","Risk of excessive dryness and weight loss, Risk of sensor malfunction or false safety indication, Risk of hidden defects and inspection difficulty","Balance humidity levels and avoid direct airflow on cinnamon stock., Inspect, clean, and recalibrate air quality sensors., Enable controlled low-intensity inspection lighting periodically."
21.4,65.7,49,317.5,720.5,83.2,0,277.3,1.1.25 17:51,0,no,no,No action required.
12.2,79.5,46,318,248.5,61.5,0,383.4,1.1.25 17:52,2,"Low Temperature, Low CO₂ Level","Risk of condensation during temperature fluctuation, Risk of excessive ventilation and energy wastage","Stabilize temperature gradually and improve storage insulation., Reduce ventilation intensity and maintain balanced airflow."
22.7,98.1,79.3,430.7,441.1,25.5,0,140.7,1.1.25 17:53,1,"High Humidity, High Moisture Level","Risk of mold, Risk of spoilage","Activate dehumidifier., Investigate leaks and dry area."
11.5,70.4,52.1,465.7,352.1,97.4,0,300.7,1.1.25 17:54,2,"Low Temperature, Low CO₂ Level","Risk of condensation during temperature fluctuation, Risk of excessive ventilation and energy wastage","Stabilize temperature gradually and improve storage insulation., Reduce ventilation intensity and maintain balanced airflow."
21.2,82.8,54.5,397.5,1081.9,59.6,1,260.2,1.1.25 17:55,1,"High CO₂ Level, Motion Detected","risk of Poor ventilation, risk of pests","Improve airflow/ventilation., Check premises immediately."
36.3,82.2,70.2,348.9,465.2,33.7,0,348.3,1.1.25 17:56,1,"High Moisture Level, High Temperature","Risk of spoilage, Risk of product degradation and Color may change","Investigate leaks and dry area., Increase ventilation/cooling."
21.2,66.5,50,396.2,426.8,107.7,0,306.5,1.1.25 17:57,0,no,no,No action required.
28.7,70.1,57.7,394.9,1083.1,143.2,0,122.1,1.1.25 17:58,1,"High Moisture Level, High Temperature, High CO₂ Level","Risk of spoilage, Risk of product degradation and Color may change, risk of Poor ventilation","Investigate leaks and dry area., Increase ventilation/cooling., Improve airflow/ventilation."
20.2,85,48.6,300.9,768.1,91.4,0,176,1.1.25 17:59,0,no,no,No action required.
22.1,71.8,51.7,546.8,647.8,108.2,0,0.4,1.1.25 18:00,0,no,no,No action required.
24.3,61.6,52.6,409.2,628.1,112.9,0,286,1.1.25 18:01,0,no,no,No action required.
22.8,78.8,59,428.5,401.4,64.7,0,370.3,1.1.25 18:02,1,High Moisture Level,Risk of spoilage,Investigate leaks and dry area.
23.1,62.4,52.9,541.2,638.9,98.5,0,299.2,1.1.25 18:03,0,no,no,No action required.
20.4,33.2,49.1,237.4,657.2,138.9,0,168.4,1.1.25 18:04,2,"Low Humidity, Very Low Air Quality Reading","Risk of over-drying and aroma loss, Risk of sensor malfunction or false safety indication","Reduce dehumidifier usage and slightly increase ambient humidity., Inspect, clean, and recalibrate air quality sensors."
23.1,77.1,51.2,523,798.3,130.4,0,36.8,1.1.25 18:05,0,no,no,No action required.
18.9,48,52.2,510.2,725.4,86.9,0,345.3,1.1.25 18:06,2,"Low Humidity, Low Temperature","Risk of over-drying and aroma loss, Risk of condensation during temperature fluctuation","Reduce dehumidifier usage and slightly increase ambient humidity., Stabilize temperature gradually and improve storage insulation."
23.1,63.5,46.4,718.3,647.6,192.4,0,334.5,1.1.25 18:07,1,"Poor Air Quality, Unexpected Light Level","risk of Possible dust or smoke, Risk-Color may change","Ventilate and check air filters., Cover cinnamon stock with opaque sheets"
20.7,76,53.2,494.5,558.5,138.9,0,35.7,1.1.25 18:08,0,no,no,No action required.
21.1,79.2,51.5,579.5,658.4,145.7,0,191.6,1.1.25 18:09,0,no,no,No action required.
31.4,63.3,66.1,822.6,767.4,55.3,0,64.2,1.1.25 18:10,1,"High Moisture Level, High Temperature, Poor Air Quality","Risk of spoilage, Risk of product degradation and Color may change, risk of Possible dust or smoke","Investigate leaks and dry area., Increase ventilation/cooling., Ventilate and check air filters."
22.3,72.7,54.7,466.6,647.7,62.7,0,151.1,1.1.25 18:11,0,no,no,No action required.
21.9,90.7,48.3,898.9,517.3,110.2,0,488.4,1.1.25 18:12,1,"High Humidity, Poor Air Quality","Risk of mold, risk of Possible dust or smoke","Activate dehumidifier., Ventilate and check air filters."
22.2,61.4,53.8,342.5,548.4,123.1,0,145.9,1.1.25 18:13,0,no,no,No action required.
21.3,64.6,52.5,593.1,709.4,45.1,0,234.2,1.1.25 18:14,0,no,no,No action required.
22.6,88.6,51.1,532.2,603.5,109.5,0,439.7,1.1.25 18:15,1,High Humidity,Risk of mold,Activate dehumidifier.
15.3,78.9,39.6,340.1,265,79.5,0,137.4,1.1.25 18:16,2,"Low Moisture Level, Low Temperature, Low CO₂ Level","Risk of excessive dryness and weight loss, Risk of condensation during temperature fluctuation, Risk of excessive ventilation and energy wastage","Balance humidity levels and avoid direct airflow on cinnamon stock., Stabilize temperature gradually and improve storage insulation., Reduce ventilation intensity and maintain balanced airflow."
20.5,40.4,39.9,485.3,260.3,35.4,0,146.3,1.1.25 18:17,2,"Low Humidity, Low Moisture Level, Low CO₂ Level","Risk of over-drying and aroma loss, Risk of excessive dryness and weight loss, Risk of excessive ventilation and energy wastage","Reduce dehumidifier usage and slightly increase ambient humidity., Balance humidity levels and avoid direct airflow on cinnamon stock., Reduce ventilation intensity and maintain balanced airflow."
24.5,74.8,34.6,384.7,409.5,6.7,0,76.4,1.1.25 18:18,2,"Low Moisture Level, Very Low Light Level","Risk of excessive dryness and weight loss, Risk of hidden defects and inspection difficulty","Balance humidity levels and avoid direct airflow on cinnamon stock., Enable controlled low-intensity inspection lighting periodically."
25,80.2,53.5,440.7,564.6,79.7,0,295.4,1.1.25 18:19,0,no,no,No action required.
21.3,75.8,47.4,316.3,783.3,137.4,0,298.2,1.1.25 18:20,0,no,no,No action required.
22.5,96.4,47.7,804.2,515.1,26,0,246.2,1.1.25 18:21,1,"High Humidity, Poor Air Quality","Risk of mold, risk of Possible dust or smoke","Activate dehumidifier., Ventilate and check air filters."
22,74.6,49.7,368.6,479.5,68,0,382,1.1.25 18:22,0,no,no,No action required.
22.9,75.9,48,452.1,686,92.4,0,381,1.1.25 18:23,0,no,no,No action required.
28,93.6,71.4,345.4,913.5,99.1,0,189.4,1.1.25 18:24,1,"High Humidity, High Moisture Level, High Temperature, High CO₂ Level","Risk of mold, Risk of spoilage, Risk of product degradation and Color may change, risk of Poor ventilation","Activate dehumidifier., Investigate leaks and dry area., Increase ventilation/cooling., Improve airflow/ventilation."
17.1,79.9,39.5,479.5,377.3,10.4,0,400,1.1.25 18:25,2,"Low Moisture Level, Low Temperature, Low CO₂ Level, Very Low Light Level","Risk of excessive dryness and weight loss, Risk of condensation during temperature fluctuation, Risk of excessive ventilation and energy wastage, Risk of hidden defects and inspection difficulty","Balance humidity levels and avoid direct airflow on cinnamon stock., Stabilize temperature gradually and improve storage insulation., Reduce ventilation intensity and maintain balanced airflow., Enable controlled low-intensity inspection lighting periodically."
23.6,79.2,33.5,125.4,548.2,35.7,0,100.4,1.1.25 18:26,2,"Low Moisture Level, Very Low Air Quality Reading","Risk of excessive dryness and weight loss, Risk of sensor malfunction or false safety indication","Balance humidity levels and avoid direct airflow on cinnamon stock., Inspect, clean, and recalibrate air quality sensors."
20.9,67.1,54,258.4,796.7,35.5,0,35.3,1.1.25 18:27,2,Very Low Air Quality Reading,Risk of sensor malfunction or false safety indication,"Inspect, clean, and recalibrate air quality sensors."
24.2,77.9,48.2,623.9,998.6,69.5,1,394.9,1.1.25 18:28,1,"Poor Air Quality, High CO₂ Level, Motion Detected","risk of Possible dust or smoke, risk of Poor ventilation, risk of pests","Ventilate and check air filters., Improve airflow/ventilation., Check premises immediately."
37.9,92.2,47.5,722.7,599.1,325.9,0,446.8,1.1.25 18:29,1,"High Humidity, High Temperature, Poor Air Quality, Unexpected Light Level","Risk of mold, Risk of product degradation and Color may change, risk of Possible dust or smoke, Risk-Color may change","Activate dehumidifier., Increase ventilation/cooling., Ventilate and check air filters., Cover cinnamon stock with opaque sheets"
24.9,75.6,54.8,477.4,734.1,43,0,66.8,1.1.25 18:30,0,no,no,No action required.
21.1,79.3,52.7,590.5,723.8,74.3,0,374.5,1.1.25 18:31,0,no,no,No action required.
38.4,75.7,66.7,590.9,515.5,79.5,0,382.5,1.1.25 18:32,1,"High Moisture Level, High Temperature","Risk of spoilage, Risk of product degradation and Color may change","Investigate leaks and dry area., Increase ventilation/cooling."
22.9,69.6,47,373.5,728.2,330.3,0,262.3,1.1.25 18:33,1,Unexpected Light Level,Risk-Color may change,Cover cinnamon stock with opaque sheets
36.7,61.4,53,383.5,822.3,51,0,418.4,1.1.25 18:34,1,"High Temperature, High CO₂ Level","Risk of product degradation and Color may change, risk of Poor ventilation","Increase ventilation/cooling., Improve airflow/ventilation."
22.3,79.1,51.5,287.4,762.4,88.5,0,37.1,1.1.25 18:35,2,Very Low Air Quality Reading,Risk of sensor malfunction or false safety indication,"Inspect, clean, and recalibrate air quality sensors."
24.4,69.3,52.6,322.6,505.8,124.4,0,294.2,1.1.25 18:36,0,no,no,No action required.
23.6,81,52.7,331.8,408.5,113.7,0,60.1,1.1.25 18:37,0,no,no,No action required.
23.6,82.4,45.4,302.6,595,99.2,0,357.8,1.1.25 18:38,0,no,no,No action required.
18.4,67.9,52.2,108.1,353.9,38,0,163.5,1.1.25 18:39,2,"Low Temperature, Very Low Air Quality Reading, Low CO₂ Level","Risk of condensation during temperature fluctuation, Risk of sensor malfunction or false safety indication, Risk of excessive ventilation and energy wastage","Stabilize temperature gradually and improve storage insulation., Inspect, clean, and recalibrate air quality sensors., Reduce ventilation intensity and maintain balanced airflow."
13.7,68.6,45.2,510.7,734.4,43.2,0,127,1.1.25 18:40,2,Low Temperature,Risk of condensation during temperature fluctuation,Stabilize temperature gradually and improve storage insulation.
23.9,72,50.7,524.2,461,78.8,0,96.9,1.1.25 18:41,0,no,no,No action required.
24.4,67,49.5,435.2,1423.9,107,0,26.6,1.1.25 18:42,1,High CO₂ Level,risk of Poor ventilation,Improve airflow/ventilation.
24.9,84.8,48.7,429,565.3,80.1,0,110.2,1.1.25 18:43,0,no,no,No action required.
20.4,84.6,51,216.1,721,124.4,0,488.1,1.1.25 18:44,2,Very Low Air Quality Reading,Risk of sensor malfunction or false safety indication,"Inspect, clean, and recalibrate air quality sensors."
21.5,78.6,52,590.5,434.3,96.4,0,140.6,1.1.25 18:45,0,no,no,No action required.
24.7,68.6,48.4,532.6,542.6,107.9,0,132.3,1.1.25 18:46,0,no,no,No action required.
24.7,67.9,52.5,444.7,578.3,132.5,0,35.7,1.1.25 18:47,0,no,no,No action required.
20.1,75.5,52.2,305.2,545.4,97.2,0,18,1.1.25 18:48,0,no,no,No action required.
21.3,71,54.9,347.9,491.2,75.2,0,286.2,1.1.25 18:49,0,no,no,No action required.
23.9,47.8,52.8,386.1,665.9,139.5,0,188,1.1.25 18:50,2,Low Humidity,Risk of over-drying and aroma loss,Reduce dehumidifier usage and slightly increase ambient humidity.
22.2,76.2,49.1,439.1,458.3,107.9,0,99.8,1.1.25 18:51,0,no,no,No action required.
24.1,30.2,47.9,231.9,601.8,38.3,0,318.6,1.1.25 18:52,2,"Low Humidity, Very Low Air Quality Reading","Risk of over-drying and aroma loss, Risk of sensor malfunction or false safety indication","Reduce dehumidifier usage and slightly increase ambient humidity., Inspect, clean, and recalibrate air quality sensors."
20.7,70.1,48.6,423.4,436.4,144.8,0,116,1.1.25 18:53,0,no,no,No action required.
22.8,74.9,51.8,406.4,654.3,121.2,0,274,1.1.25 18:54,0,no,no,No action required.
24,52.1,33,284.4,247.8,11.9,0,69.7,1.1.25 18:55,2,"Low Humidity, Low Moisture Level, Very Low Air Quality Reading, Low CO₂ Level, Very Low Light Level","Risk of over-drying and aroma loss, Risk of excessive dryness and weight loss, Risk of sensor malfunction or false safety indication, Risk of excessive ventilation and energy wastage, Risk of hidden defects and inspection difficulty","Reduce dehumidifier usage and slightly increase ambient humidity., Balance humidity levels and avoid direct airflow on cinnamon stock., Inspect, clean, and recalibrate air quality sensors., Reduce ventilation intensity and maintain balanced airflow., Enable controlled low-intensity inspection lighting periodically."
22,69.4,50.3,524.3,597.5,84,0,233.1,1.1.25 18:56,0,no,no,No action required.
23.9,63.8,52.9,506.1,660.8,48.4,0,458.8,1.1.25 18:57,0,no,no,No action required.
32.4,91.8,53.8,527.3,1405.8,497.2,1,384.5,1.1.25 18:58,1,"High Humidity, High Temperature, High CO₂ Level, Motion Detected, Unexpected Light Level","Risk of mold, Risk of product degradation and Color may change, risk of Poor ventilation, risk of pests, Risk-Color may change","Activate dehumidifier., Increase ventilation/cooling., Improve airflow/ventilation., Check premises immediately., Cover cinnamon stock with opaque sheets"
22.1,60.3,53.9,350.1,485.7,11.9,0,107,1.1.25 18:59,2,Very Low Light Level,Risk of hidden defects and inspection difficulty,Enable controlled low-intensity inspection lighting periodically.
20.3,62.3,45.9,450.1,409.5,463.1,0,137.1,1.1.25 19:00,1,Unexpected Light Level,Risk-Color may change,Cover cinnamon stock with opaque sheets
21.3,61.4,53,495.8,431.5,31.2,0,353.6,1.1.25 19:01,0,no,no,No action required.
23.9,82.6,54.8,780,480.5,107.9,0,152.1,1.1.25 19:02,1,Poor Air Quality,risk of Possible dust or smoke,Ventilate and check air filters.
22.4,78.9,46.6,572.3,670,91.6,0,115.5,1.1.25 19:03,0,no,no,No action required.
21.9,83.3,61.4,460.7,635.5,121.5,0,270.5,1.1.25 19:04,1,High Moisture Level,Risk of spoilage,Investigate leaks and dry area.
20.9,79.3,51.4,383.8,484.6,75.4,0,476.7,1.1.25 19:05,0,no,no,No action required.
21.7,33.3,30.7,224.5,357.5,113.1,0,341.1,1.1.25 19:06,2,"Low Humidity, Low Moisture Level, Very Low Air Quality Reading, Low CO₂ Level","Risk of over-drying and aroma loss, Risk of excessive dryness and weight loss, Risk of sensor malfunction or false safety indication, Risk of excessive ventilation and energy wastage","Reduce dehumidifier usage and slightly increase ambient humidity., Balance humidity levels and avoid direct airflow on cinnamon stock., Inspect, clean, and recalibrate air quality sensors., Reduce ventilation intensity and maintain balanced airflow."
18.9,72.9,46,396.3,506.1,54,0,24.5,1.1.25 19:07,2,Low Temperature,Risk of condensation during temperature fluctuation,Stabilize temperature gradually and improve storage insulation.
35,67.5,59.4,476.7,928.4,91.7,0,493.2,1.1.25 19:08,1,"High Moisture Level, High Temperature, High CO₂ Level","Risk of spoilage, Risk of product degradation and Color may change, risk of Poor ventilation","Investigate leaks and dry area., Increase ventilation/cooling., Improve airflow/ventilation."
24.2,67.9,46.5,361.6,732.8,136.7,0,170.8,1.1.25 19:09,0,no,no,No action required.
21.9,79.6,36.7,222.2,516.2,24.2,0,57.3,1.1.25 19:10,2,"Low Moisture Level, Very Low Air Quality Reading","Risk of excessive dryness and weight loss, Risk of sensor malfunction or false safety indication","Balance humidity levels and avoid direct airflow on cinnamon stock., Inspect, clean, and recalibrate air quality sensors."
20.4,73.3,48.2,300.2,451.2,20.5,0,82.3,1.1.25 19:11,0,no,no,No action required.
24.2,69,48.5,590.8,658.1,125.1,0,401.8,1.1.25 19:12,0,no,no,No action required.
24.4,80.1,54.9,376.4,548,84,0,357.8,1.1.25 19:13,0,no,no,No action required.
22.5,78.5,54.7,550.4,658.7,66.3,0,279.7,1.1.25 19:14,0,no,no,No action required.
21,45.2,53.6,437.9,587.2,81.6,0,428.4,1.1.25 19:15,2,Low Humidity,Risk of over-drying and aroma loss,Reduce dehumidifier usage and slightly increase ambient humidity.
23.8,65.7,50.7,492.4,525,64.7,0,76.4,1.1.25 19:16,0,no,no,No action required.
23.3,66.6,46.1,441,472.5,106.7,0,294.2,1.1.25 19:17,0,no,no,No action required.
37.9,71.9,46.6,526.1,677.7,109,1,150.2,1.1.25 19:18,1,"High Temperature, Motion Detected","Risk of product degradation and Color may change, risk of pests","Increase ventilation/cooling., Check premises immediately."
16.5,80,50.1,590.7,693.3,13.6,0,86.3,1.1.25 19:19,2,"Low Temperature, Very Low Light Level","Risk of condensation during temperature fluctuation, Risk of hidden defects and inspection difficulty","Stabilize temperature gradually and improve storage insulation., Enable controlled low-intensity inspection lighting periodically."
21.8,79.7,46.4,495.1,466.8,108.7,0,446.1,1.1.25 19:20,0,no,no,No action required.
20.8,70.6,56,325.3,1282.6,32.6,1,74.3,1.1.25 19:21,1,"High Moisture Level, High CO₂ Level, Motion Detected","Risk of spoilage, risk of Poor ventilation, risk of pests","Investigate leaks and dry area., Improve airflow/ventilation., Check premises immediately."
21.2,80.2,51.6,520.1,711.6,83.1,0,430.2,1.1.25 19:22,0,no,no,No action required.
13.1,62.5,46.9,273.4,206.6,123.4,0,351.8,1.1.25 19:23,2,"Low Temperature, Very Low Air Quality Reading, Low CO₂ Level","Risk of condensation during temperature fluctuation, Risk of sensor malfunction or false safety indication, Risk of excessive ventilation and energy wastage","Stabilize temperature gradually and improve storage insulation., Inspect, clean, and recalibrate air quality sensors., Reduce ventilation intensity and maintain balanced airflow."
35.7,67.7,52.7,311.7,586.9,108.8,1,294.2,1.1.25 19:24,1,"High Temperature, Motion Detected","Risk of product degradation and Color may change, risk of pests","Increase ventilation/cooling., Check premises immediately."
21.9,66.4,66,583.5,472.7,54.7,0,218.4,1.1.25 19:25,1,High Moisture Level,Risk of spoilage,Investigate leaks and dry area.
22.8,63.6,52.6,469.8,485.8,49.6,0,230.5,1.1.25 19:26,0,no,no,No action required.
25,74.6,53.7,585,486.9,58.8,0,406.3,1.1.25 19:27,0,no,no,No action required.
23.1,70,47.5,584,796.1,23.9,0,432.1,1.1.25 19:28,0,no,no,No action required.
24.6,84.5,49.2,534.2,728.7,28.7,0,226,1.1.25 19:29,0,no,no,No action required.
22,84.1,48.3,736,485.4,372.8,1,464.1,1.1.25 19:30,1,"Poor Air Quality, Motion Detected, Unexpected Light Level","risk of Possible dust or smoke, risk of pests, Risk-Color may change","Ventilate and check air filters., Check premises immediately., Cover cinnamon stock with opaque sheets"
11.6,68.5,44.2,110.2,601.4,12.5,0,99.3,1.1.25 19:31,2,"Low Moisture Level, Low Temperature, Very Low Air Quality Reading, Very Low Light Level","Risk of excessive dryness and weight loss, Risk of condensation during temperature fluctuation, Risk of sensor malfunction or false safety indication, Risk of hidden defects and inspection difficulty","Balance humidity levels and avoid direct airflow on cinnamon stock., Stabilize temperature gradually and improve storage insulation., Inspect, clean, and recalibrate air quality sensors., Enable controlled low-intensity inspection lighting periodically."
15,42.1,45.8,323.8,292,123.6,0,156,1.1.25 19:32,2,"Low Humidity, Low Temperature, Low CO₂ Level","Risk of over-drying and aroma loss, Risk of condensation during temperature fluctuation, Risk of excessive ventilation and energy wastage","Reduce dehumidifier usage and slightly increase ambient humidity., Stabilize temperature gradually and improve storage insulation., Reduce ventilation intensity and maintain balanced airflow."
21.2,71.2,54.8,413.7,647.8,46.4,0,252.6,1.1.25 19:33,0,no,no,No action required.
33.5,90.9,67.1,847.8,1257.3,54.2,0,28.8,1.1.25 19:34,1,"High Humidity, High Moisture Level, High Temperature, Poor Air Quality, High CO₂ Level","Risk of mold, Risk of spoilage, Risk of product degradation and Color may change, risk of Possible dust or smoke, risk of Poor ventilation","Activate dehumidifier., Investigate leaks and dry area., Increase ventilation/cooling., Ventilate and check air filters., Improve airflow/ventilation."
22.9,81,46.8,523.9,732.9,37.5,0,66.9,1.1.25 19:35,0,no,no,No action required.
20.1,67.2,46.7,544.7,777.8,59.9,0,431,1.1.25 19:36,0,no,no,No action required.
22.1,67.1,50.1,510.6,719.9,99.9,0,437.6,1.1.25 19:37,0,no,no,No action required.
23.2,94.4,48.4,437.8,430.3,307.8,1,123.8,1.1.25 19:38,1,"High Humidity, Motion Detected, Unexpected Light Level","Risk of mold, risk of pests, Risk-Color may change","Activate dehumidifier., Check premises immediately., Cover cinnamon stock with opaque sheets"
24.1,60.7,53.3,433.4,720.9,40.6,0,281.2,1.1.25 19:39,0,no,no,No action required.
22.9,83.8,53.9,474.3,961.9,145.4,0,436.8,1.1.25 19:40,1,High CO₂ Level,risk of Poor ventilation,Improve airflow/ventilation.
21.9,80.5,50.2,477.9,722,137.2,0,433.9,1.1.25 19:41,0,no,no,No action required.
24.9,65.5,53,419.1,652.5,51.2,0,325.8,1.1.25 19:42,0,no,no,No action required.
24.9,69.5,49,518.5,457.2,59.8,0,111.5,1.1.25 19:43,0,no,no,No action required.
23.3,77.5,52.3,564,559.6,83.3,0,228.5,1.1.25 19:44,0,no,no,No action required.
24.5,83,48.7,466.2,539.9,28,0,396.7,1.1.25 19:45,0,no,no,No action required.
38.8,80.7,51.6,897.8,747,148.1,0,420,1.1.25 19:46,1,"High Temperature, Poor Air Quality","Risk of product degradation and Color may change, risk of Possible dust or smoke","Increase ventilation/cooling., Ventilate and check air filters."
23.1,62.6,54.3,428.4,724.8,138,0,181.2,1.1.25 19:47,0,no,no,No action required.
23.3,58.8,50.4,409.6,505.7,36.1,0,42,1.1.25 19:48,2,Low Humidity,Risk of over-drying and aroma loss,Reduce dehumidifier usage and slightly increase ambient humidity.
20.8,68.4,46.7,376.2,403.8,117.8,0,10.3,1.1.25 19:49,0,no,no,No action required.
23.6,70.5,58.1,337.7,1084.8,66.4,1,483.8,1.1.25 19:50,1,"High Moisture Level, High CO₂ Level, Motion Detected","Risk of spoilage, risk of Poor ventilation, risk of pests","Investigate leaks and dry area., Improve airflow/ventilation., Check premises immediately."
20.2,81.6,51.7,466.9,742.9,139.9,0,395.3,1.1.25 19:51,0,no,no,No action required.
24.2,70.9,49.7,445.4,427.4,109.4,0,433,1.1.25 19:52,0,no,no,No action required.
21.5,92,73.6,472.8,729.6,36.2,0,285.4,1.1.25 19:53,1,"High Humidity, High Moisture Level","Risk of mold, Risk of spoilage","Activate dehumidifier., Investigate leaks and dry area."
20.7,80.8,47.4,468.9,527.9,65.9,0,110.9,1.1.25 19:54,0,no,no,No action required.
22.3,39.8,50.5,274.6,281.6,11.9,0,429.2,1.1.25 19:55,2,"Low Humidity, Very Low Air Quality Reading, Low CO₂ Level, Very Low Light Level","Risk of over-drying and aroma loss, Risk of sensor malfunction or false safety indication, Risk of excessive ventilation and energy wastage, Risk of hidden defects and inspection difficulty","Reduce dehumidifier usage and slightly increase ambient humidity., Inspect, clean, and recalibrate air quality sensors., Reduce ventilation intensity and maintain balanced airflow., Enable controlled low-intensity inspection lighting periodically."
23,70,51.9,361.5,458.3,62.3,0,106.8,1.1.25 19:56,0,no,no,No action required.
20.2,64,54.3,449.1,422.3,143.6,0,166.1,1.1.25 19:57,0,no,no,No action required.
23.3,30.9,48.2,154.5,464.9,43.1,0,426.7,1.1.25 19:58,2,"Low Humidity, Very Low Air Quality Reading","Risk of over-drying and aroma loss, Risk of sensor malfunction or false safety indication","Reduce dehumidifier usage and slightly increase ambient humidity., Inspect, clean, and recalibrate air quality sensors."
22.4,76.9,54.3,382.1,553.7,65.1,0,191.7,1.1.25 19:59,0,no,no,No action required.
21.2,81.1,38.6,507.4,225.4,96.8,0,490.9,1.1.25 20:00,2,"Low Moisture Level, Low CO₂ Level","Risk of excessive dryness and weight loss, Risk of excessive ventilation and energy wastage","Balance humidity levels and avoid direct airflow on cinnamon stock., Reduce ventilation intensity and maintain balanced airflow."
22.4,72.4,44.4,333.8,494.8,120.3,0,284.7,1.1.25 20:01,2,Low Moisture Level,Risk of excessive dryness and weight loss,Balance humidity levels and avoid direct airflow on cinnamon stock.
21.4,98.1,77.9,521.9,612.3,100.7,0,262.2,1.1.25 20:02,1,"High Humidity, High Moisture Level","Risk of mold, Risk of spoilage","Activate dehumidifier., Investigate leaks and dry area."
23.7,84.6,46,325,745.4,45.2,0,370.2,1.1.25 20:03,0,no,no,No action required.
23,63.5,49,407.8,671.4,28.3,0,12.6,1.1.25 20:04,0,no,no,No action required.
30.5,65,75.2,524.8,876,298.4,1,198.2,1.1.25 20:05,1,"High Moisture Level, High Temperature, High CO₂ Level, Motion Detected, Unexpected Light Level","Risk of spoilage, Risk of product degradation and Color may change, risk of Poor ventilation, risk of pests, Risk-Color may change","Investigate leaks and dry area., Increase ventilation/cooling., Improve airflow/ventilation., Check premises immediately., Cover cinnamon stock with opaque sheets"
24.8,74.2,38.3,564.7,525.3,20.8,0,257.6,1.1.25 20:06,2,Low Moisture Level,Risk of excessive dryness and weight loss,Balance humidity levels and avoid direct airflow on cinnamon stock.
21.3,74.3,63.7,396.7,806,425.7,1,266.8,1.1.25 20:07,1,"High Moisture Level, High CO₂ Level, Motion Detected, Unexpected Light Level","Risk of spoilage, risk of Poor ventilation, risk of pests, Risk-Color may change","Investigate leaks and dry area., Improve airflow/ventilation., Check premises immediately., Cover cinnamon stock with opaque sheets"
24.5,50,41.3,496.6,588.6,8.3,0,185.4,1.1.25 20:08,2,"Low Humidity, Low Moisture Level, Very Low Light Level","Risk of over-drying and aroma loss, Risk of excessive dryness and weight loss, Risk of hidden defects and inspection difficulty","Reduce dehumidifier usage and slightly increase ambient humidity., Balance humidity levels and avoid direct airflow on cinnamon stock., Enable controlled low-intensity inspection lighting periodically."
21.9,80.8,53.9,251.5,489.8,130.1,0,436.4,1.1.25 20:09,2,Very Low Air Quality Reading,Risk of sensor malfunction or false safety indication,"Inspect, clean, and recalibrate air quality sensors."
20,95,62.9,659.8,760.3,29.3,0,276.2,1.1.25 20:10,1,"High Humidity, High Moisture Level, Poor Air Quality","Risk of mold, Risk of spoilage, risk of Possible dust or smoke","Activate dehumidifier., Investigate leaks and dry area., Ventilate and check air filters."
20.8,74.8,52.5,234.4,206.4,48.6,0,35.6,1.1.25 20:11,2,"Very Low Air Quality Reading, Low CO₂ Level","Risk of sensor malfunction or false safety indication, Risk of excessive ventilation and energy wastage","Inspect, clean, and recalibrate air quality sensors., Reduce ventilation intensity and maintain balanced airflow."
23,44.6,46.9,392.5,530.3,14.7,0,397.2,1.1.25 20:12,2,"Low Humidity, Very Low Light Level","Risk of over-drying and aroma loss, Risk of hidden defects and inspection difficulty","Reduce dehumidifier usage and slightly increase ambient humidity., Enable controlled low-intensity inspection lighting periodically."
24.5,75.4,77.1,801,1441.4,149.8,1,363.5,1.1.25 20:13,1,"High Moisture Level, Poor Air Quality, High CO₂ Level, Motion Detected","Risk of spoilage, risk of Possible dust or smoke, risk of Poor ventilation, risk of pests","Investigate leaks and dry area., Ventilate and check air filters., Improve airflow/ventilation., Check premises immediately."
21.9,67.2,48.2,396.9,608.9,133.3,0,422.9,1.1.25 20:14,0,no,no,No action required.
33.9,91,49.4,429.2,475.4,51.7,0,205.9,1.1.25 20:15,1,"High Humidity, High Temperature","Risk of mold, Risk of product degradation and Color may change","Activate dehumidifier., Increase ventilation/cooling."
37.7,82.1,79.4,345.4,720,89,0,189.9,1.1.25 20:16,1,"High Moisture Level, High Temperature","Risk of spoilage, Risk of product degradation and Color may change","Investigate leaks and dry area., Increase ventilation/cooling."
24.1,93.6,46.2,392.3,478.9,149.6,1,386.2,1.1.25 20:17,1,"High Humidity, Motion Detected","Risk of mold, risk of pests","Activate dehumidifier., Check premises immediately."
21,80.1,54.5,361.1,391.5,0.7,0,473.3,1.1.25 20:18,2,"Low CO₂ Level, Very Low Light Level","Risk of excessive ventilation and energy wastage, Risk of hidden defects and inspection difficulty","Reduce ventilation intensity and maintain balanced airflow., Enable controlled low-intensity inspection lighting periodically."
24.9,71.2,48.4,458,490,128.9,0,494.3,1.1.25 20:19,0,no,no,No action required.
24.8,84.3,51.4,452.9,702.5,28,0,347.8,1.1.25 20:20,0,no,no,No action required.
23.8,68.1,54.3,301.7,443.8,148,0,424,1.1.25 20:21,0,no,no,No action required.
37,77.7,51,438.7,1074.3,86.7,0,444.7,1.1.25 20:22,1,"High Temperature, High CO₂ Level","Risk of product degradation and Color may change, risk of Poor ventilation","Increase ventilation/cooling., Improve airflow/ventilation."
22.1,83.1,50.9,468.7,773.7,76.4,0,188.1,1.1.25 20:23,0,no,no,No action required.
26.9,71,68.3,303.3,733.7,218.1,0,422.2,1.1.25 20:24,1,"High Moisture Level, High Temperature, Unexpected Light Level","Risk of spoilage, Risk of product degradation and Color may change, Risk-Color may change","Investigate leaks and dry area., Increase ventilation/cooling., Cover cinnamon stock with opaque sheets"
23,67.2,51.5,469.3,714.4,99.3,0,322.6,1.1.25 20:25,0,no,no,No action required.
20.9,94,56.6,435.7,607.3,30.6,0,164.2,1.1.25 20:26,1,"High Humidity, High Moisture Level","Risk of mold, Risk of spoilage","Activate dehumidifier., Investigate leaks and dry area."
20.6,84.4,48.5,467.8,601,83,0,296.4,1.1.25 20:27,0,no,no,No action required.
21.4,84.8,53.2,373.7,416.3,8.7,0,247.4,1.1.25 20:28,2,Very Low Light Level,Risk of hidden defects and inspection difficulty,Enable controlled low-intensity inspection lighting periodically.
15.2,55.2,47.5,440,761.9,8.6,0,385.4,1.1.25 20:29,2,"Low Humidity, Low Temperature, Very Low Light Level","Risk of over-drying and aroma loss, Risk of condensation during temperature fluctuation, Risk of hidden defects and inspection difficulty","Reduce dehumidifier usage and slightly increase ambient humidity., Stabilize temperature gradually and improve storage insulation., Enable controlled low-intensity inspection lighting periodically."
21.9,70.5,48.8,448.8,425.1,85.6,0,88,1.1.25 20:30,0,no,no,No action required.
22.1,86.2,76.7,448.3,781.6,249.6,0,339.1,1.1.25 20:31,1,"High Humidity, High Moisture Level, Unexpected Light Level","Risk of mold, Risk of spoilage, Risk-Color may change","Activate dehumidifier., Investigate leaks and dry area., Cover cinnamon stock with opaque sheets"
21.9,81.4,51.2,499.2,638.5,109.5,0,143.2,1.1.25 20:32,0,no,no,No action required.
24,65.3,50.2,450.2,660,114.4,0,465.1,1.1.25 20:33,0,no,no,No action required.
13,43.4,45.9,463.5,654.7,136.9,0,308.8,1.1.25 20:34,2,"Low Humidity, Low Temperature","Risk of over-drying and aroma loss, Risk of condensation during temperature fluctuation","Reduce dehumidifier usage and slightly increase ambient humidity., Stabilize temperature gradually and improve storage insulation."
23.2,79,49.9,429.1,550.7,65.4,0,443.8,1.1.25 20:35,0,no,no,No action required.
36,96.6,70.6,502,415.4,76.6,0,325.7,1.1.25 20:36,1,"High Humidity, High Moisture Level, High Temperature","Risk of mold, Risk of spoilage, Risk of product degradation and Color may change","Activate dehumidifier., Investigate leaks and dry area., Increase ventilation/cooling."
22.3,85.5,48.7,744.7,497.8,144.6,1,286.3,1.1.25 20:37,1,"High Humidity, Poor Air Quality, Motion Detected","Risk of mold, risk of Possible dust or smoke, risk of pests","Activate dehumidifier., Ventilate and check air filters., Check premises immediately."
13.9,78.6,42.4,591.9,400.8,137.1,0,149.5,1.1.25 20:38,2,"Low Moisture Level, Low Temperature","Risk of excessive dryness and weight loss, Risk of condensation during temperature fluctuation","Balance humidity levels and avoid direct airflow on cinnamon stock., Stabilize temperature gradually and improve storage insulation."
23,72,48.9,571.4,492.6,72.1,0,97.7,1.1.25 20:39,0,no,no,No action required.
22.2,66.7,38.8,434.3,714.5,64.2,0,72.5,1.1.25 20:40,2,Low Moisture Level,Risk of excessive dryness and weight loss,Balance humidity levels and avoid direct airflow on cinnamon stock.
23.3,82.9,45.5,536.3,783.6,26.1,0,390.6,1.1.25 20:41,0,no,no,No action required.
35.5,75,52.6,477.6,1415,40.8,0,16,1.1.25 20:42,1,"High Temperature, High CO₂ Level","Risk of product degradation and Color may change, risk of Poor ventilation","Increase ventilation/cooling., Improve airflow/ventilation."
23.4,74.5,40.2,432.9,589.7,77.2,0,18,1.1.25 20:43,2,Low Moisture Level,Risk of excessive dryness and weight loss,Balance humidity levels and avoid direct airflow on cinnamon stock.
21.1,72.9,70.2,344.2,1336.7,124.5,0,343.7,1.1.25 20:44,1,"High Moisture Level, High CO₂ Level","Risk of spoilage, risk of Poor ventilation","Investigate leaks and dry area., Improve airflow/ventilation."
24.3,35.8,49.5,435.7,260.1,67.8,0,10.5,1.1.25 20:45,2,"Low Humidity, Low CO₂ Level","Risk of over-drying and aroma loss, Risk of excessive ventilation and energy wastage","Reduce dehumidifier usage and slightly increase ambient humidity., Reduce ventilation intensity and maintain balanced airflow."
36,60.5,50.4,866.1,620.1,29.4,0,486.4,1.1.25 20:46,1,"High Temperature, Poor Air Quality","Risk of product degradation and Color may change, risk of Possible dust or smoke","Increase ventilation/cooling., Ventilate and check air filters."
20.9,69.7,47.7,497.1,701,67.8,0,166.8,1.1.25 20:47,0,no,no,No action required.
23.1,71.3,48.8,496.7,477.6,105.7,0,86.8,1.1.25 20:48,0,no,no,No action required.
28,81.5,53.3,379.3,1456.5,77.5,0,85.2,1.1.25 20:49,1,"High Temperature, High CO₂ Level","Risk of product degradation and Color may change, risk of Poor ventilation","Increase ventilation/cooling., Improve airflow/ventilation."
20.6,69.1,46.4,342.8,552.4,88.6,0,70.6,1.1.25 20:50,0,no,no,No action required.
21.8,84.6,49.3,443.9,461.6,58.5,0,326.8,1.1.25 20:51,0,no,no,No action required.
24.1,84.3,45,313.4,547.9,92,0,33.9,1.1.25 20:52,0,no,no,No action required.
22.4,65.6,53.5,889.1,557.9,43.9,0,430.3,1.1.25 20:53,1,Poor Air Quality,risk of Possible dust or smoke,Ventilate and check air filters.
22.3,87.8,46.8,329.7,1035.1,79.5,1,168.9,1.1.25 20:54,1,"High Humidity, High CO₂ Level, Motion Detected","Risk of mold, risk of Poor ventilation, risk of pests","Activate dehumidifier., Improve airflow/ventilation., Check premises immediately."
24.8,63.8,48.6,352.1,787.9,122.9,0,457.3,1.1.25 20:55,0,no,no,No action required.
28.6,94.6,52.7,523.7,758.7,115.8,0,77.8,1.1.25 20:56,1,"High Humidity, High Temperature","Risk of mold, Risk of product degradation and Color may change","Activate dehumidifier., Increase ventilation/cooling."
21.2,61,52.1,306.5,504.2,82.7,1,20,1.1.25 20:57,1,Motion Detected,risk of pests,Check premises immediately.
21.8,76.2,53.2,302.1,431.1,145.9,0,27.3,1.1.25 20:58,0,no,no,No action required.
23.8,46.7,32.5,565.3,359.1,34.2,0,498.4,1.1.25 20:59,2,"Low Humidity, Low Moisture Level, Low CO₂ Level","Risk of over-drying and aroma loss, Risk of excessive dryness and weight loss, Risk of excessive ventilation and energy wastage","Reduce dehumidifier usage and slightly increase ambient humidity., Balance humidity levels and avoid direct airflow on cinnamon stock., Reduce ventilation intensity and maintain balanced airflow."
19.2,62.8,47.9,541.8,747.7,14.3,0,50.9,1.1.25 21:00,2,"Low Temperature, Very Low Light Level","Risk of condensation during temperature fluctuation, Risk of hidden defects and inspection difficulty","Stabilize temperature gradually and improve storage insulation., Enable controlled low-intensity inspection lighting periodically."
18.9,81,52,579.7,633.7,39.1,0,34.6,1.1.25 21:01,2,Low Temperature,Risk of condensation during temperature fluctuation,Stabilize temperature gradually and improve storage insulation.
24.4,60.4,48.1,779.2,1498.5,376.2,0,472.6,1.1.25 21:02,1,"Poor Air Quality, High CO₂ Level, Unexpected Light Level","risk of Possible dust or smoke, risk of Poor ventilation, Risk-Color may change","Ventilate and check air filters., Improve airflow/ventilation., Cover cinnamon stock with opaque sheets"
24.9,74.2,35.8,422.3,336.9,26.5,0,215.9,1.1.25 21:03,2,"Low Moisture Level, Low CO₂ Level","Risk of excessive dryness and weight loss, Risk of excessive ventilation and energy wastage","Balance humidity levels and avoid direct airflow on cinnamon stock., Reduce ventilation intensity and maintain balanced airflow."
35.8,72.1,49.3,801.5,552.9,454.2,0,98.8,1.1.25 21:04,1,"High Temperature, Poor Air Quality, Unexpected Light Level","Risk of product degradation and Color may change, risk of Possible dust or smoke, Risk-Color may change","Increase ventilation/cooling., Ventilate and check air filters., Cover cinnamon stock with opaque sheets"
24.5,71.8,49.2,441.8,618.4,34.6,0,27.6,1.1.25 21:05,0,no,no,No action required.
24.3,97.1,46.7,330.2,793.8,100.6,0,191,1.1.25 21:06,1,High Humidity,Risk of mold,Activate dehumidifier.
22.1,77,53,395.7,444.6,74.9,0,168,1.1.25 21:07,0,no,no,No action required.
21.6,53.1,46.3,422.4,508.8,137,0,214.3,1.1.25 21:08,2,Low Humidity,Risk of over-drying and aroma loss,Reduce dehumidifier usage and slightly increase ambient humidity.
14.3,71.4,32.5,507.6,693.7,122.2,0,415.9,1.1.25 21:09,2,"Low Moisture Level, Low Temperature","Risk of excessive dryness and weight loss, Risk of condensation during temperature fluctuation","Balance humidity levels and avoid direct airflow on cinnamon stock., Stabilize temperature gradually and improve storage insulation."
22.8,67.8,49.4,556.8,460,74.1,0,133.6,1.1.25 21:10,0,no,no,No action required.
16.1,77.4,53.1,439.8,585.4,111.7,0,97,1.1.25 21:11,2,Low Temperature,Risk of condensation during temperature fluctuation,Stabilize temperature gradually and improve storage insulation.
21,70.6,52.6,567.7,459.2,98,0,444.3,1.1.25 21:12,0,no,no,No action required.
39.8,95.7,76.8,417.4,559.2,167.7,1,149.4,1.1.25 21:13,1,"High Humidity, High Moisture Level, High Temperature, Motion Detected, Unexpected Light Level","Risk of mold, Risk of spoilage, Risk of product degradation and Color may change, risk of pests, Risk-Color may change","Activate dehumidifier., Investigate leaks and dry area., Increase ventilation/cooling., Check premises immediately., Cover cinnamon stock with opaque sheets"
24.5,82.7,48.1,552.3,507.8,87.3,0,175,1.1.25 21:14,0,no,no,No action required.
21.4,65.6,33.9,563.3,628.1,138.1,0,140.2,1.1.25 21:15,2,Low Moisture Level,Risk of excessive dryness and weight loss,Balance humidity levels and avoid direct airflow on cinnamon stock.
10.5,76,47.5,440,544.9,144.5,0,101.3,1.1.25 21:16,2,Low Temperature,Risk of condensation during temperature fluctuation,Stabilize temperature gradually and improve storage insulation.
24.7,81,50.8,491.8,524,16.2,0,352.6,1.1.25 21:17,2,Very Low Light Level,Risk of hidden defects and inspection difficulty,Enable controlled low-intensity inspection lighting periodically.
23.4,80.6,33.7,536,283.2,110.3,0,157.9,1.1.25 21:18,2,"Low Moisture Level, Low CO₂ Level","Risk of excessive dryness and weight loss, Risk of excessive ventilation and energy wastage","Balance humidity levels and avoid direct airflow on cinnamon stock., Reduce ventilation intensity and maintain balanced airflow."
23.3,73.5,49.7,511.8,620.5,38.9,0,205.5,1.1.25 21:19,0,no,no,No action required.
21.6,66.3,46.8,556.8,365.7,138.3,0,496.8,1.1.25 21:20,2,Low CO₂ Level,Risk of excessive ventilation and energy wastage,Reduce ventilation intensity and maintain balanced airflow.
24.3,61.6,49.2,470.2,531.9,25.7,0,483.7,1.1.25 21:21,0,no,no,No action required.
21.2,68.3,43.1,439.6,739.5,5.9,0,184.7,1.1.25 21:22,2,"Low Moisture Level, Very Low Light Level","Risk of excessive dryness and weight loss, Risk of hidden defects and inspection difficulty","Balance humidity levels and avoid direct airflow on cinnamon stock., Enable controlled low-intensity inspection lighting periodically."
22.5,76.1,60.4,554.5,627,398,0,347,1.1.25 21:23,1,"High Moisture Level, Unexpected Light Level","Risk of spoilage, Risk-Color may change","Investigate leaks and dry area., Cover cinnamon stock with opaque sheets"
24.5,81.1,49.8,101.2,613.3,4.6,0,34,1.1.25 21:24,2,"Very Low Air Quality Reading, Very Low Light Level","Risk of sensor malfunction or false safety indication, Risk of hidden defects and inspection difficulty","Inspect, clean, and recalibrate air quality sensors., Enable controlled low-intensity inspection lighting periodically."
23.6,70.5,52.9,593.7,1123.2,359.3,0,405.9,1.1.25 21:25,1,"High CO₂ Level, Unexpected Light Level","risk of Poor ventilation, Risk-Color may change","Improve airflow/ventilation., Cover cinnamon stock with opaque sheets"
22.7,33.7,47.1,350.4,404.4,63.9,0,30.9,1.1.25 21:26,2,Low Humidity,Risk of over-drying and aroma loss,Reduce dehumidifier usage and slightly increase ambient humidity.
23.4,65.6,49.2,500.3,691.1,124.6,0,174.2,1.1.25 21:27,0,no,no,No action required.
24.4,71.6,52.7,506,430.8,130.1,0,310.2,1.1.25 21:28,0,no,no,No action required.
23.5,75.7,48.9,361,418.1,58.3,0,364.1,1.1.25 21:29,0,no,no,No action required.
19.7,83.7,48.9,572.7,442.7,103.2,0,113.8,1.1.25 21:30,2,Low Temperature,Risk of condensation during temperature fluctuation,Stabilize temperature gradually and improve storage insulation.
21.2,96.3,46.7,563.5,696,122.1,0,23.9,1.1.25 21:31,1,High Humidity,Risk of mold,Activate dehumidifier.
25,39.3,45.8,442.5,550,4.2,0,326.7,1.1.25 21:32,2,"Low Humidity, Very Low Light Level","Risk of over-drying and aroma loss, Risk of hidden defects and inspection difficulty","Reduce dehumidifier usage and slightly increase ambient humidity., Enable controlled low-intensity inspection lighting periodically."
26,96.2,52.6,369.7,1376,37.7,1,347.5,1.1.25 21:33,1,"High Humidity, High Temperature, High CO₂ Level, Motion Detected","Risk of mold, Risk of product degradation and Color may change, risk of Poor ventilation, risk of pests","Activate dehumidifier., Increase ventilation/cooling., Improve airflow/ventilation., Check premises immediately."
22.4,71.1,68,801.3,401.4,338.4,0,192.8,1.1.25 21:34,1,"High Moisture Level, Poor Air Quality, Unexpected Light Level","Risk of spoilage, risk of Possible dust or smoke, Risk-Color may change","Investigate leaks and dry area., Ventilate and check air filters., Cover cinnamon stock with opaque sheets"
21.8,73.7,54.5,736.6,754.6,83.8,0,120.9,1.1.25 21:35,1,Poor Air Quality,risk of Possible dust or smoke,Ventilate and check air filters.
20.3,73.6,45.1,573.2,370,21.5,0,489,1.1.25 21:36,2,Low CO₂ Level,Risk of excessive ventilation and energy wastage,Reduce ventilation intensity and maintain balanced airflow.
22.9,65,47.3,474.5,742.3,88.4,0,49.5,1.1.25 21:37,0,no,no,No action required.
21.3,82.8,47.2,392.7,626.3,145.6,0,336.7,1.1.25 21:38,0,no,no,No action required.
22.9,66.2,49,185.7,777.4,52.6,0,10.7,1.1.25 21:39,2,Very Low Air Quality Reading,Risk of sensor malfunction or false safety indication,"Inspect, clean, and recalibrate air quality sensors."
18.2,62.7,49.2,449.6,594.5,114.8,0,325,1.1.25 21:40,2,Low Temperature,Risk of condensation during temperature fluctuation,Stabilize temperature gradually and improve storage insulation.
20.6,67.8,50.2,320.1,406.7,148.3,0,443.4,1.1.25 21:41,0,no,no,No action required.
19.7,83,48.9,154.3,360,15.8,0,276.3,1.1.25 21:42,2,"Low Temperature, Very Low Air Quality Reading, Low CO₂ Level, Very Low Light Level","Risk of condensation during temperature fluctuation, Risk of sensor malfunction or false safety indication, Risk of excessive ventilation and energy wastage, Risk of hidden defects and inspection difficulty","Stabilize temperature gradually and improve storage insulation., Inspect, clean, and recalibrate air quality sensors., Reduce ventilation intensity and maintain balanced airflow., Enable controlled low-intensity inspection lighting periodically."
12.6,63,49.1,469.4,358,125,0,347.4,1.1.25 21:43,2,"Low Temperature, Low CO₂ Level","Risk of condensation during temperature fluctuation, Risk of excessive ventilation and energy wastage","Stabilize temperature gradually and improve storage insulation., Reduce ventilation intensity and maintain balanced airflow."
19.7,64.9,44.7,311.7,381.5,8.8,0,21.3,1.1.25 21:44,2,"Low Moisture Level, Low Temperature, Low CO₂ Level, Very Low Light Level","Risk of excessive dryness and weight loss, Risk of condensation during temperature fluctuation, Risk of excessive ventilation and energy wastage, Risk of hidden defects and inspection difficulty","Balance humidity levels and avoid direct airflow on cinnamon stock., Stabilize temperature gradually and improve storage insulation., Reduce ventilation intensity and maintain balanced airflow., Enable controlled low-intensity inspection lighting periodically."
21.1,76.8,31.4,356.3,515.2,45.4,0,406.5,1.1.25 21:45,2,Low Moisture Level,Risk of excessive dryness and weight loss,Balance humidity levels and avoid direct airflow on cinnamon stock.
22.9,96.5,48,734.1,560.2,88.1,0,183.6,1.1.25 21:46,1,"High Humidity, Poor Air Quality","Risk of mold, risk of Possible dust or smoke","Activate dehumidifier., Ventilate and check air filters."
22.8,74.8,58,352.9,827.1,95.3,0,9.3,1.1.25 21:47,1,"High Moisture Level, High CO₂ Level","Risk of spoilage, risk of Poor ventilation","Investigate leaks and dry area., Improve airflow/ventilation."
24,73.6,52.6,593.7,854.2,81.8,0,88.9,1.1.25 21:48,1,High CO₂ Level,risk of Poor ventilation,Improve airflow/ventilation.
22.6,64.7,36.9,224.6,786.6,19.1,0,454,1.1.25 21:49,2,"Low Moisture Level, Very Low Air Quality Reading, Very Low Light Level","Risk of excessive dryness and weight loss, Risk of sensor malfunction or false safety indication, Risk of hidden defects and inspection difficulty","Balance humidity levels and avoid direct airflow on cinnamon stock., Inspect, clean, and recalibrate air quality sensors., Enable controlled low-intensity inspection lighting periodically."
20.9,69,47.9,587.7,613.1,34.6,0,492.3,1.1.25 21:50,0,no,no,No action required.
23.9,79.9,47.3,304.6,553.4,91.3,0,276.4,1.1.25 21:51,0,no,no,No action required.
20.5,74.3,53,565.7,432.9,65.2,0,493.8,1.1.25 21:52,0,no,no,No action required.
24.3,79.6,54.9,765.8,845.4,34.4,1,82.2,1.1.25 21:53,1,"Poor Air Quality, High CO₂ Level, Motion Detected","risk of Possible dust or smoke, risk of Poor ventilation, risk of pests","Ventilate and check air filters., Improve airflow/ventilation., Check premises immediately."
24.4,31.8,49.1,342.9,737.1,97.9,0,391.1,1.1.25 21:54,2,Low Humidity,Risk of over-drying and aroma loss,Reduce dehumidifier usage and slightly increase ambient humidity.
32.5,82.8,63.9,427.1,1293.3,238.6,0,241,1.1.25 21:55,1,"High Moisture Level, High Temperature, High CO₂ Level, Unexpected Light Level","Risk of spoilage, Risk of product degradation and Color may change, risk of Poor ventilation, Risk-Color may change","Investigate leaks and dry area., Increase ventilation/cooling., Improve airflow/ventilation., Cover cinnamon stock with opaque sheets"
12.1,69,47.7,418,638.1,9.1,0,494.5,1.1.25 21:56,2,"Low Temperature, Very Low Light Level","Risk of condensation during temperature fluctuation, Risk of hidden defects and inspection difficulty","Stabilize temperature gradually and improve storage insulation., Enable controlled low-intensity inspection lighting periodically."
24.6,94.4,46.6,836.7,774.2,105.6,0,120.4,1.1.25 21:57,1,"High Humidity, Poor Air Quality","Risk of mold, risk of Possible dust or smoke","Activate dehumidifier., Ventilate and check air filters."
21.3,67.2,46,585.3,403.4,79,0,259.7,1.1.25 21:58,0,no,no,No action required.
30.2,80.7,49.5,490,1270.9,83.6,0,96.2,1.1.25 21:59,1,"High Temperature, High CO₂ Level","Risk of product degradation and Color may change, risk of Poor ventilation","Increase ventilation/cooling., Improve airflow/ventilation."
20.8,31.5,39.1,425.3,555.4,71.2,0,179.3,1.1.25 22:00,2,"Low Humidity, Low Moisture Level","Risk of over-drying and aroma loss, Risk of excessive dryness and weight loss","Reduce dehumidifier usage and slightly increase ambient humidity., Balance humidity levels and avoid direct airflow on cinnamon stock."
10.5,83.6,49.4,319.5,701.9,135,0,295.9,1.1.25 22:01,2,Low Temperature,Risk of condensation during temperature fluctuation,Stabilize temperature gradually and improve storage insulation.
22.5,52.7,39.8,325.8,647.9,97,0,346.6,1.1.25 22:02,2,"Low Humidity, Low Moisture Level","Risk of over-drying and aroma loss, Risk of excessive dryness and weight loss","Reduce dehumidifier usage and slightly increase ambient humidity., Balance humidity levels and avoid direct airflow on cinnamon stock."
21.2,81.3,47.8,259.4,601,9.9,0,119.2,1.1.25 22:03,2,"Very Low Air Quality Reading, Very Low Light Level","Risk of sensor malfunction or false safety indication, Risk of hidden defects and inspection difficulty","Inspect, clean, and recalibrate air quality sensors., Enable controlled low-intensity inspection lighting periodically."
22.3,75,51.4,346.6,580.4,141.7,0,250.4,1.1.25 22:04,0,no,no,No action required.
26.9,70.7,51.8,601.5,1350.5,21.1,0,63.1,1.1.25 22:05,1,"High Temperature, Poor Air Quality, High CO₂ Level","Risk of product degradation and Color may change, risk of Possible dust or smoke, risk of Poor ventilation","Increase ventilation/cooling., Ventilate and check air filters., Improve airflow/ventilation."
21.2,68.2,49.9,498.3,684.9,61.7,0,162.8,1.1.25 22:06,0,no,no,No action required.
23.4,75.3,47.3,530.2,425.3,53,0,129.1,1.1.25 22:07,0,no,no,No action required.
22,69.8,48.6,548,623.5,24.2,0,162.5,1.1.25 22:08,0,no,no,No action required.
24.6,73.8,52.5,332.6,661.5,74.8,0,380.2,1.1.25 22:09,0,no,no,No action required.
11,71.7,48.6,297,223.1,104.4,0,473.4,1.1.25 22:10,2,"Low Temperature, Very Low Air Quality Reading, Low CO₂ Level","Risk of condensation during temperature fluctuation, Risk of sensor malfunction or false safety indication, Risk of excessive ventilation and energy wastage","Stabilize temperature gradually and improve storage insulation., Inspect, clean, and recalibrate air quality sensors., Reduce ventilation intensity and maintain balanced airflow."
22.1,67.2,54.9,385.6,683.9,39.4,0,35.1,1.1.25 22:11,0,no,no,No action required.
22,70.6,49,423.4,601.4,42.9,0,19.2,1.1.25 22:12,0,no,no,No action required.
20.7,83.1,50.1,243,470.7,14,0,243.9,1.1.25 22:13,2,"Very Low Air Quality Reading, Very Low Light Level","Risk of sensor malfunction or false safety indication, Risk of hidden defects and inspection difficulty","Inspect, clean, and recalibrate air quality sensors., Enable controlled low-intensity inspection lighting periodically."
26.9,79.6,65.7,490.6,712.8,409.2,1,465.7,1.1.25 22:14,1,"High Moisture Level, High Temperature, Motion Detected, Unexpected Light Level","Risk of spoilage, Risk of product degradation and Color may change, risk of pests, Risk-Color may change","Investigate leaks and dry area., Increase ventilation/cooling., Check premises immediately., Cover cinnamon stock with opaque sheets"
24.7,71.4,76.1,474.5,401.2,147.8,0,93.2,1.1.25 22:15,1,High Moisture Level,Risk of spoilage,Investigate leaks and dry area.
22.2,80.6,53.3,480.7,775.1,17.3,0,273.1,1.1.25 22:16,2,Very Low Light Level,Risk of hidden defects and inspection difficulty,Enable controlled low-intensity inspection lighting periodically.
23.1,62.9,46.2,443.8,436.6,120.7,0,222.1,1.1.25 22:17,0,no,no,No action required.
21.5,70.4,48.4,583.2,715.1,100.7,0,402.3,1.1.25 22:18,0,no,no,No action required.
20.1,69.2,50.7,336.4,467.1,24.4,0,190.1,1.1.25 22:19,0,no,no,No action required.
24.3,56.1,46.9,368.1,477.2,85.8,0,15.6,1.1.25 22:20,2,Low Humidity,Risk of over-drying and aroma loss,Reduce dehumidifier usage and slightly increase ambient humidity.
21.6,82.9,53.5,520.3,548.6,44.7,0,452.9,1.1.25 22:21,0,no,no,No action required.
21.5,83.8,52.9,444.2,775,88.1,0,210.5,1.1.25 22:22,0,no,no,No action required.
21.1,88.4,49.7,702.5,558.6,99,0,174.4,1.1.25 22:23,1,"High Humidity, Poor Air Quality","Risk of mold, risk of Possible dust or smoke","Activate dehumidifier., Ventilate and check air filters."
24.7,73.5,46.5,489.7,620.1,95.1,0,305,1.1.25 22:24,0,no,no,No action required.
21.8,69.7,49.9,395.4,916.5,27.8,0,149.7,1.1.25 22:25,1,High CO₂ Level,risk of Poor ventilation,Improve airflow/ventilation.
24.9,66.2,45,332.6,650.4,124.1,0,441.7,1.1.25 22:26,0,no,no,No action required.
21.6,81.2,52,547,539.9,144.8,0,3.4,1.1.25 22:27,0,no,no,No action required.
23.5,73.4,51.6,809.1,643.5,249.2,0,476.6,1.1.25 22:28,1,"Poor Air Quality, Unexpected Light Level","risk of Possible dust or smoke, Risk-Color may change","Ventilate and check air filters., Cover cinnamon stock with opaque sheets"
23.5,95,50,452.2,703.2,75.4,0,426.5,1.1.25 22:29,1,High Humidity,Risk of mold,Activate dehumidifier.
24.8,35,53.9,115.2,576.7,6.1,0,480.3,1.1.25 22:30,2,"Low Humidity, Very Low Air Quality Reading, Very Low Light Level","Risk of over-drying and aroma loss, Risk of sensor malfunction or false safety indication, Risk of hidden defects and inspection difficulty","Reduce dehumidifier usage and slightly increase ambient humidity., Inspect, clean, and recalibrate air quality sensors., Enable controlled low-intensity inspection lighting periodically."
24,71.3,36.7,272.2,749.8,1.5,0,494.6,1.1.25 22:31,2,"Low Moisture Level, Very Low Air Quality Reading, Very Low Light Level","Risk of excessive dryness and weight loss, Risk of sensor malfunction or false safety indication, Risk of hidden defects and inspection difficulty","Balance humidity levels and avoid direct airflow on cinnamon stock., Inspect, clean, and recalibrate air quality sensors., Enable controlled low-intensity inspection lighting periodically."
18.3,68.1,36.2,212,404.8,4.6,0,262.3,1.1.25 22:32,2,"Low Moisture Level, Low Temperature, Very Low Air Quality Reading, Very Low Light Level","Risk of excessive dryness and weight loss, Risk of condensation during temperature fluctuation, Risk of sensor malfunction or false safety indication, Risk of hidden defects and inspection difficulty","Balance humidity levels and avoid direct airflow on cinnamon stock., Stabilize temperature gradually and improve storage insulation., Inspect, clean, and recalibrate air quality sensors., Enable controlled low-intensity inspection lighting periodically."
21.2,65.3,60.4,393.7,505.2,154.1,1,31.2,1.1.25 22:33,1,"High Moisture Level, Motion Detected, Unexpected Light Level","Risk of spoilage, risk of pests, Risk-Color may change","Investigate leaks and dry area., Check premises immediately., Cover cinnamon stock with opaque sheets"
11.4,38.6,52.6,596.4,325,55.2,0,476.6,1.1.25 22:34,2,"Low Humidity, Low Temperature, Low CO₂ Level","Risk of over-drying and aroma loss, Risk of condensation during temperature fluctuation, Risk of excessive ventilation and energy wastage","Reduce dehumidifier usage and slightly increase ambient humidity., Stabilize temperature gradually and improve storage insulation., Reduce ventilation intensity and maintain balanced airflow."
21.6,68.5,46.9,383.8,658.6,90.1,0,217,1.1.25 22:35,0,no,no,No action required.
23.7,83,50.9,343.4,787.7,38.8,0,496.5,1.1.25 22:36,0,no,no,No action required.
33.6,72.4,65.9,503.1,607.9,25.2,0,60.2,1.1.25 22:37,1,"High Moisture Level, High Temperature","Risk of spoilage, Risk of product degradation and Color may change","Investigate leaks and dry area., Increase ventilation/cooling."
19.3,59.8,37.3,484,492.9,83.9,0,453.1,1.1.25 22:38,2,"Low Humidity, Low Moisture Level, Low Temperature","Risk of over-drying and aroma loss, Risk of excessive dryness and weight loss, Risk of condensation during temperature fluctuation","Reduce dehumidifier usage and slightly increase ambient humidity., Balance humidity levels and avoid direct airflow on cinnamon stock., Stabilize temperature gradually and improve storage insulation."
17.5,74.5,43.5,347.9,206.4,60.9,0,333.7,1.1.25 22:39,2,"Low Moisture Level, Low Temperature, Low CO₂ Level","Risk of excessive dryness and weight loss, Risk of condensation during temperature fluctuation, Risk of excessive ventilation and energy wastage","Balance humidity levels and avoid direct airflow on cinnamon stock., Stabilize temperature gradually and improve storage insulation., Reduce ventilation intensity and maintain balanced airflow."
23.1,78.6,49.2,473,593.9,58.5,0,387.7,1.1.25 22:40,0,no,no,No action required.
22.9,93.3,70.8,339.7,512.7,422,0,328.2,1.1.25 22:41,1,"High Humidity, High Moisture Level, Unexpected Light Level","Risk of mold, Risk of spoilage, Risk-Color may change","Activate dehumidifier., Investigate leaks and dry area., Cover cinnamon stock with opaque sheets"
22.9,82.3,49.1,536.5,726.1,32.3,0,32.9,1.1.25 22:42,0,no,no,No action required.
24.9,74.9,79.5,684.5,589.2,65.8,0,212.7,1.1.25 22:43,1,"High Moisture Level, Poor Air Quality","Risk of spoilage, risk of Possible dust or smoke","Investigate leaks and dry area., Ventilate and check air filters."
23.6,60.5,56.5,811.4,934.1,128.4,1,389.7,1.1.25 22:44,1,"High Moisture Level, Poor Air Quality, High CO₂ Level, Motion Detected","Risk of spoilage, risk of Possible dust or smoke, risk of Poor ventilation, risk of pests","Investigate leaks and dry area., Ventilate and check air filters., Improve airflow/ventilation., Check premises immediately."
22.1,82,74.9,448.4,469,91.3,1,171.9,1.1.25 22:45,1,"High Moisture Level, Motion Detected","Risk of spoilage, risk of pests","Investigate leaks and dry area., Check premises immediately."
16.6,44.3,51.2,310.6,721.9,12.1,0,465.8,1.1.25 22:46,2,"Low Humidity, Low Temperature, Very Low Light Level","Risk of over-drying and aroma loss, Risk of condensation during temperature fluctuation, Risk of hidden defects and inspection difficulty","Reduce dehumidifier usage and slightly increase ambient humidity., Stabilize temperature gradually and improve storage insulation., Enable controlled low-intensity inspection lighting periodically."
21,63.2,46.4,303.2,742.8,9.7,0,362.6,1.1.25 22:47,2,Very Low Light Level,Risk of hidden defects and inspection difficulty,Enable controlled low-intensity inspection lighting periodically.
24.5,71.1,52,315.2,570.3,59,0,31.8,1.1.25 22:48,0,no,no,No action required.
20.6,82.7,48.3,398,530.8,113.7,0,221.2,1.1.25 22:49,0,no,no,No action required.
20.2,80.1,54.5,530,443,452.1,0,465.2,1.1.25 22:50,1,Unexpected Light Level,Risk-Color may change,Cover cinnamon stock with opaque sheets
20.6,69.5,51.7,513,482.7,92.2,0,39.1,1.1.25 22:51,0,no,no,No action required.
10.5,61.3,39.9,267.1,213,47.4,0,113,1.1.25 22:52,2,"Low Moisture Level, Low Temperature, Very Low Air Quality Reading, Low CO₂ Level","Risk of excessive dryness and weight loss, Risk of condensation during temperature fluctuation, Risk of sensor malfunction or false safety indication, Risk of excessive ventilation and energy wastage","Balance humidity levels and avoid direct airflow on cinnamon stock., Stabilize temperature gradually and improve storage insulation., Inspect, clean, and recalibrate air quality sensors., Reduce ventilation intensity and maintain balanced airflow."
23.8,70,46.6,423.2,1364.5,201.7,0,399.7,1.1.25 22:53,1,"High CO₂ Level, Unexpected Light Level","risk of Poor ventilation, Risk-Color may change","Improve airflow/ventilation., Cover cinnamon stock with opaque sheets"
21.9,60.8,30.4,503.7,227.2,16,0,361,1.1.25 22:54,2,"Low Moisture Level, Low CO₂ Level, Very Low Light Level","Risk of excessive dryness and weight loss, Risk of excessive ventilation and energy wastage, Risk of hidden defects and inspection difficulty","Balance humidity levels and avoid direct airflow on cinnamon stock., Reduce ventilation intensity and maintain balanced airflow., Enable controlled low-intensity inspection lighting periodically."
24.5,62.1,49.5,480.1,489.6,129.6,0,126.8,1.1.25 22:55,0,no,no,No action required.
24.5,83.9,45.5,509.3,657.6,75.5,0,321.9,1.1.25 22:56,0,no,no,No action required.
24.1,72.3,53.3,168.7,304.2,136.2,0,244.8,1.1.25 22:57,2,"Very Low Air Quality Reading, Low CO₂ Level","Risk of sensor malfunction or false safety indication, Risk of excessive ventilation and energy wastage","Inspect, clean, and recalibrate air quality sensors., Reduce ventilation intensity and maintain balanced airflow."
12,56.2,46.8,474.1,396.2,97.5,0,353.2,1.1.25 22:58,2,"Low Humidity, Low Temperature, Low CO₂ Level","Risk of over-drying and aroma loss, Risk of condensation during temperature fluctuation, Risk of excessive ventilation and energy wastage","Reduce dehumidifier usage and slightly increase ambient humidity., Stabilize temperature gradually and improve storage insulation., Reduce ventilation intensity and maintain balanced airflow."
23.3,74.7,53.2,591.8,545.8,48.7,0,331.4,1.1.25 22:59,0,no,no,No action required.
21.9,91.6,48.8,491.4,409.6,271.7,1,462.4,1.1.25 23:00,1,"High Humidity, Motion Detected, Unexpected Light Level","Risk of mold, risk of pests, Risk-Color may change","Activate dehumidifier., Check premises immediately., Cover cinnamon stock with opaque sheets"
24.5,73.2,76.1,500.6,790,129.4,1,113.8,1.1.25 23:01,1,"High Moisture Level, Motion Detected","Risk of spoilage, risk of pests","Investigate leaks and dry area., Check premises immediately."
24,83.9,47,390.9,705.6,106,0,271.2,1.1.25 23:02,0,no,no,No action required.
22.6,66,52.9,561.2,735.1,78.9,0,105.7,1.1.25 23:03,0,no,no,No action required.
20.2,73.2,50.6,510.2,454.7,91.9,0,176.4,1.1.25 23:04,0,no,no,No action required.
20.2,78.4,53.5,476,625.6,148.3,0,289.8,1.1.25 23:05,0,no,no,No action required.
24.1,72.5,46.5,391.1,609.5,20,0,158.9,1.1.25 23:06,0,no,no,No action required.
24.1,87.4,51.7,516,586,57.8,0,6.4,1.1.25 23:07,1,High Humidity,Risk of mold,Activate dehumidifier.
21.6,79.5,47.1,341.8,451.7,41,0,118.6,1.1.25 23:08,0,no,no,No action required.
24.1,84.2,47.4,556.5,402.3,55,0,33.8,1.1.25 23:09,0,no,no,No action required.
23.9,62,53.8,303.5,1175,372.3,0,420.5,1.1.25 23:10,1,"High CO₂ Level, Unexpected Light Level","risk of Poor ventilation, Risk-Color may change","Improve airflow/ventilation., Cover cinnamon stock with opaque sheets"
21.7,69.3,49.2,427.5,574.6,84.8,0,61.5,1.1.25 23:11,0,no,no,No action required.
21.9,75.1,51.2,409,413.6,103.6,0,448.1,1.1.25 23:12,0,no,no,No action required.
15.6,41.6,52.5,556.4,487.3,109.3,0,170.7,1.1.25 23:13,2,"Low Humidity, Low Temperature","Risk of over-drying and aroma loss, Risk of condensation during temperature fluctuation","Reduce dehumidifier usage and slightly increase ambient humidity., Stabilize temperature gradually and improve storage insulation."
24.8,32.1,31.2,399.6,414.8,23.4,0,306.5,1.1.25 23:14,2,"Low Humidity, Low Moisture Level","Risk of over-drying and aroma loss, Risk of excessive dryness and weight loss","Reduce dehumidifier usage and slightly increase ambient humidity., Balance humidity levels and avoid direct airflow on cinnamon stock."
20.9,84.1,71.2,582.7,510.8,42.5,0,190.8,1.1.25 23:15,1,High Moisture Level,Risk of spoilage,Investigate leaks and dry area.
21.4,67,69.8,555.6,735.6,163.9,0,343.1,1.1.25 23:16,1,"High Moisture Level, Unexpected Light Level","Risk of spoilage, Risk-Color may change","Investigate leaks and dry area., Cover cinnamon stock with opaque sheets"
21.8,76.7,52.8,403.6,710.6,55.9,0,144.6,1.1.25 23:17,0,no,no,No action required.
23.1,85.3,45.6,747.7,586.5,245.5,0,210.5,1.1.25 23:18,1,"High Humidity, Poor Air Quality, Unexpected Light Level","Risk of mold, risk of Possible dust or smoke, Risk-Color may change","Activate dehumidifier., Ventilate and check air filters., Cover cinnamon stock with opaque sheets"
21.5,47.8,48.6,277.8,642.7,46,0,31,1.1.25 23:19,2,"Low Humidity, Very Low Air Quality Reading","Risk of over-drying and aroma loss, Risk of sensor malfunction or false safety indication","Reduce dehumidifier usage and slightly increase ambient humidity., Inspect, clean, and recalibrate air quality sensors."
23.6,68.8,54.2,510,716.4,46.6,0,284.4,1.1.25 23:20,0,no,no,No action required.
21.9,92.7,47.2,474.5,410.7,89.6,0,307.1,1.1.25 23:21,1,High Humidity,Risk of mold,Activate dehumidifier.
20,66.1,54.1,408.3,619.8,124,0,195.1,1.1.25 23:22,0,no,no,No action required.
22.1,73.5,54.5,426.7,735.3,110.8,0,481.8,1.1.25 23:23,0,no,no,No action required.
23,62.8,54,544.8,731.6,82.1,0,284.8,1.1.25 23:24,0,no,no,No action required.
21.4,72,53.2,474.6,819.8,449.7,1,253.7,1.1.25 23:25,1,"High CO₂ Level, Motion Detected, Unexpected Light Level","risk of Poor ventilation, risk of pests, Risk-Color may change","Improve airflow/ventilation., Check premises immediately., Cover cinnamon stock with opaque sheets"
22,76.3,47.5,479.2,489.1,136.1,0,184.6,1.1.25 23:26,0,no,no,No action required.
12.3,64,46.5,285.3,248.5,39,0,498.2,1.1.25 23:27,2,"Low Temperature, Very Low Air Quality Reading, Low CO₂ Level","Risk of condensation during temperature fluctuation, Risk of sensor malfunction or false safety indication, Risk of excessive ventilation and energy wastage","Stabilize temperature gradually and improve storage insulation., Inspect, clean, and recalibrate air quality sensors., Reduce ventilation intensity and maintain balanced airflow."
16.6,81.8,52.4,442.2,554.8,11.7,0,85.2,1.1.25 23:28,2,"Low Temperature, Very Low Light Level","Risk of condensation during temperature fluctuation, Risk of hidden defects and inspection difficulty","Stabilize temperature gradually and improve storage insulation., Enable controlled low-intensity inspection lighting periodically."
33.8,62.7,75.8,474.1,568.3,62.7,0,273.7,1.1.25 23:29,1,"High Moisture Level, High Temperature","Risk of spoilage, Risk of product degradation and Color may change","Investigate leaks and dry area., Increase ventilation/cooling."
30.3,67.6,68.2,869.6,649.6,294.1,1,266.7,1.1.25 23:30,1,"High Moisture Level, High Temperature, Poor Air Quality, Motion Detected, Unexpected Light Level","Risk of spoilage, Risk of product degradation and Color may change, risk of Possible dust or smoke, risk of pests, Risk-Color may change","Investigate leaks and dry area., Increase ventilation/cooling., Ventilate and check air filters., Check premises immediately., Cover cinnamon stock with opaque sheets"
24,57.1,51.6,246,772.5,4.1,0,256.7,1.1.25 23:31,2,"Low Humidity, Very Low Air Quality Reading, Very Low Light Level","Risk of over-drying and aroma loss, Risk of sensor malfunction or false safety indication, Risk of hidden defects and inspection difficulty","Reduce dehumidifier usage and slightly increase ambient humidity., Inspect, clean, and recalibrate air quality sensors., Enable controlled low-intensity inspection lighting periodically."
24.5,68.3,46.9,488.9,516.7,120.4,0,388.5,1.1.25 23:32,0,no,no,No action required.
25,66.5,54.6,551.2,1402.7,124.6,0,459.9,1.1.25 23:33,1,High CO₂ Level,risk of Poor ventilation,Improve airflow/ventilation.
20.5,63.6,47.9,500.1,657.5,102.1,0,166.8,1.1.25 23:34,0,no,no,No action required.
23.3,81.6,45.9,375.4,606.8,144,0,153.9,1.1.25 23:35,0,no,no,No action required.
24.2,76.8,54.9,522.9,455.5,111,0,288.8,1.1.25 23:36,0,no,no,No action required.
24.8,71.4,46.4,447.6,647.9,96.6,0,355.2,1.1.25 23:37,0,no,no,No action required.
22.9,77.2,57.3,538.2,435.3,68.4,0,444.6,1.1.25 23:38,1,High Moisture Level,Risk of spoilage,Investigate leaks and dry area.
20.2,75.3,66.6,501.5,666.2,148.1,0,206.3,1.1.25 23:39,1,High Moisture Level,Risk of spoilage,Investigate leaks and dry area.
21.5,64.2,50.2,567.4,530.5,98.2,0,414.8,1.1.25 23:40,0,no,no,No action required.
23.6,83.1,48.3,181.2,489.3,39,0,20,1.1.25 23:41,2,Very Low Air Quality Reading,Risk of sensor malfunction or false safety indication,"Inspect, clean, and recalibrate air quality sensors."
16.4,30.4,38.8,569.4,781.5,148.1,0,143.7,1.1.25 23:42,2,"Low Humidity, Low Moisture Level, Low Temperature","Risk of over-drying and aroma loss, Risk of excessive dryness and weight loss, Risk of condensation during temperature fluctuation","Reduce dehumidifier usage and slightly increase ambient humidity., Balance humidity levels and avoid direct airflow on cinnamon stock., Stabilize temperature gradually and improve storage insulation."
23.2,54.5,49.1,581.1,491.6,6.2,0,434.6,1.1.25 23:43,2,"Low Humidity, Very Low Light Level","Risk of over-drying and aroma loss, Risk of hidden defects and inspection difficulty","Reduce dehumidifier usage and slightly increase ambient humidity., Enable controlled low-intensity inspection lighting periodically."
24,90,64.7,416.7,611.4,57.2,1,490.5,1.1.25 23:44,1,"High Humidity, High Moisture Level, Motion Detected","Risk of mold, Risk of spoilage, risk of pests","Activate dehumidifier., Investigate leaks and dry area., Check premises immediately."
20.3,81.8,47.1,471,634.5,31.3,0,262,1.1.25 23:45,0,no,no,No action required.
23.3,83.1,46.5,396.6,589.9,148.1,0,56.1,1.1.25 23:46,0,no,no,No action required.
20.5,78.2,45.8,350.3,737.2,65.4,0,66.7,1.1.25 23:47,0,no,no,No action required.
15.8,53.3,47.5,281.6,597,142.9,0,89.6,1.1.25 23:48,2,"Low Humidity, Low Temperature, Very Low Air Quality Reading","Risk of over-drying and aroma loss, Risk of condensation during temperature fluctuation, Risk of sensor malfunction or false safety indication","Reduce dehumidifier usage and slightly increase ambient humidity., Stabilize temperature gradually and improve storage insulation., Inspect, clean, and recalibrate air quality sensors."
25,63.4,54.9,401.6,682.5,14.7,0,464.7,1.1.25 23:49,2,Very Low Light Level,Risk of hidden defects and inspection difficulty,Enable controlled low-intensity inspection lighting periodically.
21.6,42.4,45.7,229.5,714.2,62.5,0,193,1.1.25 23:50,2,"Low Humidity, Very Low Air Quality Reading","Risk of over-drying and aroma loss, Risk of sensor malfunction or false safety indication","Reduce dehumidifier usage and slightly increase ambient humidity., Inspect, clean, and recalibrate air quality sensors."
20.7,64.1,68.9,777.4,536.6,46.1,0,368.8,1.1.25 23:51,1,"High Moisture Level, Poor Air Quality","Risk of spoilage, risk of Possible dust or smoke","Investigate leaks and dry area., Ventilate and check air filters."
36.7,72.5,78,634,671.1,166.9,0,154.9,1.1.25 23:52,1,"High Moisture Level, High Temperature, Poor Air Quality, Unexpected Light Level","Risk of spoilage, Risk of product degradation and Color may change, risk of Possible dust or smoke, Risk-Color may change","Investigate leaks and dry area., Increase ventilation/cooling., Ventilate and check air filters., Cover cinnamon stock with opaque sheets"
22.9,80.5,52.6,202.3,782.4,51.9,0,263,1.1.25 23:53,2,Very Low Air Quality Reading,Risk of sensor malfunction or false safety indication,"Inspect, clean, and recalibrate air quality sensors."
22.4,61.5,49.9,545.1,649.1,115.5,0,457.1,1.1.25 23:54,0,no,no,No action required.
23.5,64.6,53.1,509,558.7,136.5,0,489.6,1.1.25 23:55,0,no,no,No action required.
21.6,66.2,36,368.4,606,12.3,0,72.9,1.1.25 23:56,2,"Low Moisture Level, Very Low Light Level","Risk of excessive dryness and weight loss, Risk of hidden defects and inspection difficulty","Balance humidity levels and avoid direct airflow on cinnamon stock., Enable controlled low-intensity inspection lighting periodically."
20.7,71.9,50.7,496.8,643.7,99.7,0,245.9,1.1.25 23:57,0,no,no,No action required.
21.1,74.5,72.3,425.3,1497.5,54.5,0,18.3,1.1.25 23:58,1,"High Moisture Level, High CO₂ Level","Risk of spoilage, risk of Poor ventilation","Investigate leaks and dry area., Improve airflow/ventilation."
21.5,65.3,46.4,252.1,294.6,15.2,0,120.1,1.1.25 23:59,2,"Very Low Air Quality Reading, Low CO₂ Level, Very Low Light Level","Risk of sensor malfunction or false safety indication, Risk of excessive ventilation and energy wastage, Risk of hidden defects and inspection difficulty","Inspect, clean, and recalibrate air quality sensors., Reduce ventilation intensity and maintain balanced airflow., Enable controlled low-intensity inspection lighting periodically."
27.8,61.4,53.3,333.8,477.7,135.2,0,383.5,2.1.25 00:00,1,High Temperature,Risk of product degradation and Color may change,Increase ventilation/cooling.
24.7,73.7,52.9,519.7,797.7,125.8,0,59.2,2.1.25 00:01,0,no,no,No action required.
24.6,67.4,47,470.1,600.3,62.9,0,92.4,2.1.25 00:02,0,no,no,No action required.
34,75,45.3,659.7,492.1,61.5,1,300.6,2.1.25 00:03,1,"High Temperature, Poor Air Quality, Motion Detected","Risk of product degradation and Color may change, risk of Possible dust or smoke, risk of pests","Increase ventilation/cooling., Ventilate and check air filters., Check premises immediately."
20.3,76.4,46.7,212.7,655.2,145.2,0,150.2,2.1.25 00:04,2,Very Low Air Quality Reading,Risk of sensor malfunction or false safety indication,"Inspect, clean, and recalibrate air quality sensors."
22.3,72.6,45.8,430.6,464.5,128.9,0,186.4,2.1.25 00:05,0,no,no,No action required.
23.6,64.9,47.5,582.1,620.4,206.7,0,133.5,2.1.25 00:06,1,Unexpected Light Level,Risk-Color may change,Cover cinnamon stock with opaque sheets
20.3,71.8,48.5,574.6,729.8,88.9,0,53,2.1.25 00:07,0,no,no,No action required.
21.2,78.7,45.7,339.7,511.9,90.8,0,55,2.1.25 00:08,0,no,no,No action required.
24.4,77.1,45.4,567.5,751.3,49.1,0,74.9,2.1.25 00:09,0,no,no,No action required.
13.4,82.7,52,217.3,690.7,59.6,0,154.5,2.1.25 00:10,2,"Low Temperature, Very Low Air Quality Reading","Risk of condensation during temperature fluctuation, Risk of sensor malfunction or false safety indication","Stabilize temperature gradually and improve storage insulation., Inspect, clean, and recalibrate air quality sensors."
20.3,88,45.7,577.1,738.2,117.6,1,165.1,2.1.25 00:11,1,"High Humidity, Motion Detected","Risk of mold, risk of pests","Activate dehumidifier., Check premises immediately."
21.4,73,52.7,439.8,769.5,104.6,0,411,2.1.25 00:12,0,no,no,No action required.
23.1,79.8,45,404.3,778.7,144.7,0,239.9,2.1.25 00:13,0,no,no,No action required.
21.9,52.3,53.9,388.9,435.7,13.5,0,198.5,2.1.25 00:14,2,"Low Humidity, Very Low Light Level","Risk of over-drying and aroma loss, Risk of hidden defects and inspection difficulty","Reduce dehumidifier usage and slightly increase ambient humidity., Enable controlled low-intensity inspection lighting periodically."
25,73.7,52.4,483.2,525.5,97.4,0,195.9,2.1.25 00:15,0,no,no,No action required.
23.2,64.8,32.5,402.3,324.1,89.8,0,139.1,2.1.25 00:16,2,"Low Moisture Level, Low CO₂ Level","Risk of excessive dryness and weight loss, Risk of excessive ventilation and energy wastage","Balance humidity levels and avoid direct airflow on cinnamon stock., Reduce ventilation intensity and maintain balanced airflow."
30,74.6,53.5,841.5,525.1,96.2,0,253.4,2.1.25 00:17,1,"High Temperature, Poor Air Quality","Risk of product degradation and Color may change, risk of Possible dust or smoke","Increase ventilation/cooling., Ventilate and check air filters."
24.2,82.7,53.9,696.5,1189.9,403,0,191.8,2.1.25 00:18,1,"Poor Air Quality, High CO₂ Level, Unexpected Light Level","risk of Possible dust or smoke, risk of Poor ventilation, Risk-Color may change","Ventilate and check air filters., Improve airflow/ventilation., Cover cinnamon stock with opaque sheets"
21.9,84.6,50.7,106.5,476.9,5.8,0,264.5,2.1.25 00:19,2,"Very Low Air Quality Reading, Very Low Light Level","Risk of sensor malfunction or false safety indication, Risk of hidden defects and inspection difficulty","Inspect, clean, and recalibrate air quality sensors., Enable controlled low-intensity inspection lighting periodically."
23.4,81.9,47.9,551.3,474.6,23.4,0,239.6,2.1.25 00:20,0,no,no,No action required.
20.1,39.2,31.7,390.8,203.4,116.2,0,481.3,2.1.25 00:21,2,"Low Humidity, Low Moisture Level, Low CO₂ Level","Risk of over-drying and aroma loss, Risk of excessive dryness and weight loss, Risk of excessive ventilation and energy wastage","Reduce dehumidifier usage and slightly increase ambient humidity., Balance humidity levels and avoid direct airflow on cinnamon stock., Reduce ventilation intensity and maintain balanced airflow."
22.2,60.4,46.8,342.7,690.6,145.7,0,394.6,2.1.25 00:22,0,no,no,No action required.
38.8,98.8,61.2,501.7,593.1,390.6,0,21,2.1.25 00:23,1,"High Humidity, High Moisture Level, High Temperature, Unexpected Light Level","Risk of mold, Risk of spoilage, Risk of product degradation and Color may change, Risk-Color may change","Activate dehumidifier., Investigate leaks and dry area., Increase ventilation/cooling., Cover cinnamon stock with opaque sheets"
21.7,81.2,35.5,482,510.9,85.4,0,437.3,2.1.25 00:24,2,Low Moisture Level,Risk of excessive dryness and weight loss,Balance humidity levels and avoid direct airflow on cinnamon stock.
38.4,93,68.5,622.4,610.9,86.7,1,346.2,2.1.25 00:25,1,"High Humidity, High Moisture Level, High Temperature, Poor Air Quality, Motion Detected","Risk of mold, Risk of spoilage, Risk of product degradation and Color may change, risk of Possible dust or smoke, risk of pests","Activate dehumidifier., Investigate leaks and dry area., Increase ventilation/cooling., Ventilate and check air filters., Check premises immediately."
20.6,66.4,49.5,343.9,507.7,57.6,0,133.8,2.1.25 00:26,0,no,no,No action required.
23.2,82.1,54.4,431.9,591.9,54.1,0,306.1,2.1.25 00:27,0,no,no,No action required.
24.9,80.4,53.4,416.7,793.9,68.5,1,256.6,2.1.25 00:28,1,Motion Detected,risk of pests,Check premises immediately.
22.8,64.8,50.4,386.8,537.1,50.3,0,147.5,2.1.25 00:29,0,no,no,No action required.
22.6,77.9,53.6,209.1,505,128.7,0,220.8,2.1.25 00:30,2,Very Low Air Quality Reading,Risk of sensor malfunction or false safety indication,"Inspect, clean, and recalibrate air quality sensors."
35.6,79,72.1,473.3,719.1,125.7,0,311.5,2.1.25 00:31,1,"High Moisture Level, High Temperature","Risk of spoilage, Risk of product degradation and Color may change","Investigate leaks and dry area., Increase ventilation/cooling."
23.3,78.1,50.6,349.7,642.1,103.7,0,480.7,2.1.25 00:32,0,no,no,No action required.
24.3,71.6,70.7,612.3,470.4,113.7,1,49.3,2.1.25 00:33,1,"High Moisture Level, Poor Air Quality, Motion Detected","Risk of spoilage, risk of Possible dust or smoke, risk of pests","Investigate leaks and dry area., Ventilate and check air filters., Check premises immediately."
23.7,34.9,51.4,431.2,227.1,146.5,0,42.6,2.1.25 00:34,2,"Low Humidity, Low CO₂ Level","Risk of over-drying and aroma loss, Risk of excessive ventilation and energy wastage","Reduce dehumidifier usage and slightly increase ambient humidity., Reduce ventilation intensity and maintain balanced airflow."
21.6,72.8,53.4,106,494,54.9,0,242.5,2.1.25 00:35,2,Very Low Air Quality Reading,Risk of sensor malfunction or false safety indication,"Inspect, clean, and recalibrate air quality sensors."
20,75.6,52.5,470.9,401.7,39,0,493.9,2.1.25 00:36,0,no,no,No action required.
22.1,61.4,48.5,489.1,472,134.5,0,232.9,2.1.25 00:37,0,no,no,No action required.
21.8,75.5,53.1,399.9,756.4,131.4,0,29.3,2.1.25 00:38,0,no,no,No action required.
22.9,64.7,50.7,371.4,792.1,130.8,0,111.9,2.1.25 00:39,0,no,no,No action required.
36.1,91.2,57.3,864.2,498.5,89.6,0,73.4,2.1.25 00:40,1,"High Humidity, High Moisture Level, High Temperature, Poor Air Quality","Risk of mold, Risk of spoilage, Risk of product degradation and Color may change, risk of Possible dust or smoke","Activate dehumidifier., Investigate leaks and dry area., Increase ventilation/cooling., Ventilate and check air filters."
24.9,73.4,31.2,363.9,466.8,17.9,0,465.8,2.1.25 00:41,2,"Low Moisture Level, Very Low Light Level","Risk of excessive dryness and weight loss, Risk of hidden defects and inspection difficulty","Balance humidity levels and avoid direct airflow on cinnamon stock., Enable controlled low-intensity inspection lighting periodically."
23.6,74.1,51.6,398.9,1217.2,119.7,0,241.2,2.1.25 00:42,1,High CO₂ Level,risk of Poor ventilation,Improve airflow/ventilation.
23.5,98.8,63.9,343.1,554,431.1,0,136.3,2.1.25 00:43,1,"High Humidity, High Moisture Level, Unexpected Light Level","Risk of mold, Risk of spoilage, Risk-Color may change","Activate dehumidifier., Investigate leaks and dry area., Cover cinnamon stock with opaque sheets"
24.9,80.6,45.8,670.4,642.9,58.4,0,27.3,2.1.25 00:44,1,Poor Air Quality,risk of Possible dust or smoke,Ventilate and check air filters.
37.5,77.6,51.7,449.4,794.5,39.1,0,44.2,2.1.25 00:45,1,High Temperature,Risk of product degradation and Color may change,Increase ventilation/cooling.
24.7,68.9,46.5,116.7,679.2,59.8,0,231.8,2.1.25 00:46,2,Very Low Air Quality Reading,Risk of sensor malfunction or false safety indication,"Inspect, clean, and recalibrate air quality sensors."
24,65.7,47.4,850.3,455.7,114.1,0,237.2,2.1.25 00:47,1,Poor Air Quality,risk of Possible dust or smoke,Ventilate and check air filters.
21.8,66.3,54.7,577.1,426.6,139.9,0,163.3,2.1.25 00:48,0,no,no,No action required.
20.3,82.3,45.2,495.7,599.3,105.3,0,249.8,2.1.25 00:49,0,no,no,No action required.
22.9,66.1,30.9,354.5,233.8,54.8,0,476.4,2.1.25 00:50,2,"Low Moisture Level, Low CO₂ Level","Risk of excessive dryness and weight loss, Risk of excessive ventilation and energy wastage","Balance humidity levels and avoid direct airflow on cinnamon stock., Reduce ventilation intensity and maintain balanced airflow."
14.3,63.9,45.6,572,481.2,17.9,0,282.2,2.1.25 00:51,2,"Low Temperature, Very Low Light Level","Risk of condensation during temperature fluctuation, Risk of hidden defects and inspection difficulty","Stabilize temperature gradually and improve storage insulation., Enable controlled low-intensity inspection lighting periodically."
11.8,63.2,49.8,445.9,414.8,149.1,0,13.3,2.1.25 00:52,2,Low Temperature,Risk of condensation during temperature fluctuation,Stabilize temperature gradually and improve storage insulation.
21.1,36.5,51.4,331.9,490.8,9.6,0,353.7,2.1.25 00:53,2,"Low Humidity, Very Low Light Level","Risk of over-drying and aroma loss, Risk of hidden defects and inspection difficulty","Reduce dehumidifier usage and slightly increase ambient humidity., Enable controlled low-intensity inspection lighting periodically."
24,63.9,47,479.3,600.7,129.1,0,253.9,2.1.25 00:54,0,no,no,No action required.
20.1,32.2,30.1,160.3,439.4,20.6,0,108.4,2.1.25 00:55,2,"Low Humidity, Low Moisture Level, Very Low Air Quality Reading","Risk of over-drying and aroma loss, Risk of excessive dryness and weight loss, Risk of sensor malfunction or false safety indication","Reduce dehumidifier usage and slightly increase ambient humidity., Balance humidity levels and avoid direct airflow on cinnamon stock., Inspect, clean, and recalibrate air quality sensors."
24.3,89,66.9,388.5,501.9,32,0,158,2.1.25 00:56,1,"High Humidity, High Moisture Level","Risk of mold, Risk of spoilage","Activate dehumidifier., Investigate leaks and dry area."
20.3,52,48.2,590.4,522.2,17.6,0,226.3,2.1.25 00:57,2,"Low Humidity, Very Low Light Level","Risk of over-drying and aroma loss, Risk of hidden defects and inspection difficulty","Reduce dehumidifier usage and slightly increase ambient humidity., Enable controlled low-intensity inspection lighting periodically."
24.9,76.9,50.8,558.1,595.7,134.5,0,122,2.1.25 00:58,0,no,no,No action required.
26.1,82.5,45.2,532.8,577.7,284.4,1,122.3,2.1.25 00:59,1,"High Temperature, Motion Detected, Unexpected Light Level","Risk of product degradation and Color may change, risk of pests, Risk-Color may change","Increase ventilation/cooling., Check premises immediately., Cover cinnamon stock with opaque sheets"
24.8,80.8,50,678.9,1369.7,445.8,0,286.5,2.1.25 01:00,1,"Poor Air Quality, High CO₂ Level, Unexpected Light Level","risk of Possible dust or smoke, risk of Poor ventilation, Risk-Color may change","Ventilate and check air filters., Improve airflow/ventilation., Cover cinnamon stock with opaque sheets"
21.5,71.9,47.4,365.8,544.6,104.7,0,141,2.1.25 01:01,0,no,no,No action required.
20.6,36.9,32.6,212.4,331.8,83,0,318.8,2.1.25 01:02,2,"Low Humidity, Low Moisture Level, Very Low Air Quality Reading, Low CO₂ Level","Risk of over-drying and aroma loss, Risk of excessive dryness and weight loss, Risk of sensor malfunction or false safety indication, Risk of excessive ventilation and energy wastage","Reduce dehumidifier usage and slightly increase ambient humidity., Balance humidity levels and avoid direct airflow on cinnamon stock., Inspect, clean, and recalibrate air quality sensors., Reduce ventilation intensity and maintain balanced airflow."
24.3,62.7,53,109.8,580.7,6.1,0,35.5,2.1.25 01:03,2,"Very Low Air Quality Reading, Very Low Light Level","Risk of sensor malfunction or false safety indication, Risk of hidden defects and inspection difficulty","Inspect, clean, and recalibrate air quality sensors., Enable controlled low-intensity inspection lighting periodically."
23,57.1,51.1,512.6,730.5,4.7,0,413.5,2.1.25 01:04,2,"Low Humidity, Very Low Light Level","Risk of over-drying and aroma loss, Risk of hidden defects and inspection difficulty","Reduce dehumidifier usage and slightly increase ambient humidity., Enable controlled low-intensity inspection lighting periodically."
21.2,60.6,48.1,363.8,413.2,53,0,150.3,2.1.25 01:05,0,no,no,No action required.
20.1,70.4,47.7,510.6,547.2,31.6,0,325.5,2.1.25 01:06,0,no,no,No action required.
20.8,62.8,55,736.2,709.3,41.8,0,371.5,2.1.25 01:07,1,Poor Air Quality,risk of Possible dust or smoke,Ventilate and check air filters.
26.6,79,45.2,573.6,1108,52.9,0,162.2,2.1.25 01:08,1,"High Temperature, High CO₂ Level","Risk of product degradation and Color may change, risk of Poor ventilation","Increase ventilation/cooling., Improve airflow/ventilation."
24,78.3,51.7,800.6,1361.4,103.9,1,165.5,2.1.25 01:09,1,"Poor Air Quality, High CO₂ Level, Motion Detected","risk of Possible dust or smoke, risk of Poor ventilation, risk of pests","Ventilate and check air filters., Improve airflow/ventilation., Check premises immediately."
20.2,70.2,52.7,469.2,432.5,6.7,0,408.1,2.1.25 01:10,2,Very Low Light Level,Risk of hidden defects and inspection difficulty,Enable controlled low-intensity inspection lighting periodically.
22.1,60.2,46.4,378.9,650.3,99.7,0,12.6,2.1.25 01:11,0,no,no,No action required.
23,67.4,50.2,575.2,730.9,80.4,0,238.8,2.1.25 01:12,0,no,no,No action required.
24.3,78.4,48.2,350.5,408.8,24.6,0,285.5,2.1.25 01:13,0,no,no,No action required.
35.6,67.6,49.1,492.6,537.6,215.2,0,228.4,2.1.25 01:14,1,"High Temperature, Unexpected Light Level","Risk of product degradation and Color may change, Risk-Color may change","Increase ventilation/cooling., Cover cinnamon stock with opaque sheets"
23.5,63.1,50.5,313.7,711.4,114,0,105.2,2.1.25 01:15,0,no,no,No action required.
24,83.6,45.9,726.8,1455.2,25.3,0,61.9,2.1.25 01:16,1,"Poor Air Quality, High CO₂ Level","risk of Possible dust or smoke, risk of Poor ventilation","Ventilate and check air filters., Improve airflow/ventilation."
24.1,73,54.6,594.4,524.1,53.5,0,229.3,2.1.25 01:17,0,no,no,No action required.
14.4,70.9,40.9,222.5,759.9,3.9,0,31.2,2.1.25 01:18,2,"Low Moisture Level, Low Temperature, Very Low Air Quality Reading, Very Low Light Level","Risk of excessive dryness and weight loss, Risk of condensation during temperature fluctuation, Risk of sensor malfunction or false safety indication, Risk of hidden defects and inspection difficulty","Balance humidity levels and avoid direct airflow on cinnamon stock., Stabilize temperature gradually and improve storage insulation., Inspect, clean, and recalibrate air quality sensors., Enable controlled low-intensity inspection lighting periodically."
22.4,62.7,53.5,457.1,494,134.3,0,463.8,2.1.25 01:19,0,no,no,No action required.
20.7,75.9,47.1,600,796.7,24.6,0,415.3,2.1.25 01:20,0,no,no,No action required.
13.5,75.5,45.2,387.3,451.7,52.4,0,161.7,2.1.25 01:21,2,Low Temperature,Risk of condensation during temperature fluctuation,Stabilize temperature gradually and improve storage insulation.
22.8,73.3,51.7,656.7,414.6,435.6,1,268.3,2.1.25 01:22,1,"Poor Air Quality, Motion Detected, Unexpected Light Level","risk of Possible dust or smoke, risk of pests, Risk-Color may change","Ventilate and check air filters., Check premises immediately., Cover cinnamon stock with opaque sheets"
20,68.4,53.3,415.2,546.3,25.1,0,335.8,2.1.25 01:23,0,no,no,No action required.
23,86.5,51.9,875.1,617.2,161.2,0,66.7,2.1.25 01:24,1,"High Humidity, Poor Air Quality, Unexpected Light Level","Risk of mold, risk of Possible dust or smoke, Risk-Color may change","Activate dehumidifier., Ventilate and check air filters., Cover cinnamon stock with opaque sheets"
20.4,62.5,52.4,331.1,798.7,131.9,0,455.7,2.1.25 01:25,0,no,no,No action required.
13.7,70.6,54.7,453,706.1,18.3,0,51.8,2.1.25 01:26,2,"Low Temperature, Very Low Light Level","Risk of condensation during temperature fluctuation, Risk of hidden defects and inspection difficulty","Stabilize temperature gradually and improve storage insulation., Enable controlled low-intensity inspection lighting periodically."
22.5,64.1,51,400.9,571.5,28.5,0,6.2,2.1.25 01:27,0,no,no,No action required.
24.8,83.2,53.4,238.4,536.6,59.9,0,373.3,2.1.25 01:28,2,Very Low Air Quality Reading,Risk of sensor malfunction or false safety indication,"Inspect, clean, and recalibrate air quality sensors."
23.8,70.8,79.3,553.7,858.2,65.4,0,459.5,2.1.25 01:29,1,"High Moisture Level, High CO₂ Level","Risk of spoilage, risk of Poor ventilation","Investigate leaks and dry area., Improve airflow/ventilation."
22.3,81,48.5,321.1,429,62.2,0,480.5,2.1.25 01:30,0,no,no,No action required.
23.9,83.9,51.7,418.5,728.6,97.9,0,451.6,2.1.25 01:31,0,no,no,No action required.
24.3,67.9,52.6,370.1,517.7,122.7,0,348.3,2.1.25 01:32,0,no,no,No action required.
24,60.1,75,468,1366.8,187.1,0,120.5,2.1.25 01:33,1,"High Moisture Level, High CO₂ Level, Unexpected Light Level","Risk of spoilage, risk of Poor ventilation, Risk-Color may change","Investigate leaks and dry area., Improve airflow/ventilation., Cover cinnamon stock with opaque sheets"
20.9,95.7,54.9,787.1,663.5,70.2,0,259.9,2.1.25 01:34,1,"High Humidity, Poor Air Quality","Risk of mold, risk of Possible dust or smoke","Activate dehumidifier., Ventilate and check air filters."
22,60.9,47.3,721.9,672.7,86.1,0,320.1,2.1.25 01:35,1,Poor Air Quality,risk of Possible dust or smoke,Ventilate and check air filters.
22.8,70.8,54.8,531.7,408.9,105.6,0,106.6,2.1.25 01:36,0,no,no,No action required.
20,82.9,67,899.9,406.9,138.9,1,100.8,2.1.25 01:37,1,"High Moisture Level, Poor Air Quality, Motion Detected","Risk of spoilage, risk of Possible dust or smoke, risk of pests","Investigate leaks and dry area., Ventilate and check air filters., Check premises immediately."
21.4,64.6,53.6,350.6,486,143.1,0,230.8,2.1.25 01:38,0,no,no,No action required.
22.9,61.9,53.4,505.3,595.2,90.9,0,382.3,2.1.25 01:39,0,no,no,No action required.
24.7,83.8,52.1,431.1,578.7,106.1,0,137.6,2.1.25 01:40,0,no,no,No action required.
20.5,82.7,71.4,358.7,650.9,74.3,1,72.8,2.1.25 01:41,1,"High Moisture Level, Motion Detected","Risk of spoilage, risk of pests","Investigate leaks and dry area., Check premises immediately."
24.1,32,45.2,400.3,639.1,3.9,0,391.4,2.1.25 01:42,2,"Low Humidity, Very Low Light Level","Risk of over-drying and aroma loss, Risk of hidden defects and inspection difficulty","Reduce dehumidifier usage and slightly increase ambient humidity., Enable controlled low-intensity inspection lighting periodically."
22.5,65.6,31.8,517.5,321.7,45.4,0,4,2.1.25 01:43,2,"Low Moisture Level, Low CO₂ Level","Risk of excessive dryness and weight loss, Risk of excessive ventilation and energy wastage","Balance humidity levels and avoid direct airflow on cinnamon stock., Reduce ventilation intensity and maintain balanced airflow."
23.1,67.1,54,560.4,771,112.4,1,356.9,2.1.25 01:44,1,Motion Detected,risk of pests,Check premises immediately.
23.8,74.8,51.1,300.3,660.3,59.3,0,478.7,2.1.25 01:45,0,no,no,No action required.
21.3,65.1,53.7,179.5,748.2,50.7,0,150.8,2.1.25 01:46,2,Very Low Air Quality Reading,Risk of sensor malfunction or false safety indication,"Inspect, clean, and recalibrate air quality sensors."
23.9,73.7,51.5,461.2,773.4,80.5,0,194.6,2.1.25 01:47,0,no,no,No action required.
23.1,33.7,34.1,336.6,241.9,43.3,0,218.1,2.1.25 01:48,2,"Low Humidity, Low Moisture Level, Low CO₂ Level","Risk of over-drying and aroma loss, Risk of excessive dryness and weight loss, Risk of excessive ventilation and energy wastage","Reduce dehumidifier usage and slightly increase ambient humidity., Balance humidity levels and avoid direct airflow on cinnamon stock., Reduce ventilation intensity and maintain balanced airflow."
20.6,73.9,49.2,556.8,755.7,118.3,0,27.2,2.1.25 01:49,0,no,no,No action required.
21.2,67.4,45,318.4,688.3,93.2,0,248.6,2.1.25 01:50,0,no,no,No action required.
24.9,77.4,54.1,635.7,424.8,37.5,1,364.2,2.1.25 01:51,1,"Poor Air Quality, Motion Detected","risk of Possible dust or smoke, risk of pests","Ventilate and check air filters., Check premises immediately."
20.5,97.2,46.8,403.4,1274.1,39.7,0,153.5,2.1.25 01:52,1,"High Humidity, High CO₂ Level","Risk of mold, risk of Poor ventilation","Activate dehumidifier., Improve airflow/ventilation."
20,69.4,32.4,514.8,738.2,11.3,0,273.2,2.1.25 01:53,2,"Low Moisture Level, Very Low Light Level","Risk of excessive dryness and weight loss, Risk of hidden defects and inspection difficulty","Balance humidity levels and avoid direct airflow on cinnamon stock., Enable controlled low-intensity inspection lighting periodically."
22.2,71.3,53.6,382.8,654.9,106.8,0,437.9,2.1.25 01:54,0,no,no,No action required.
24.3,71.7,47.6,418.2,546.2,21.1,0,106.7,2.1.25 01:55,0,no,no,No action required.
23.3,70.9,54.7,510.9,671.3,29,0,106.4,2.1.25 01:56,0,no,no,No action required.
22.6,74,54.2,526.2,450.9,134,0,333.4,2.1.25 01:57,0,no,no,No action required.
24.2,52.6,48,342,732.5,17.8,0,95.7,2.1.25 01:58,2,"Low Humidity, Very Low Light Level","Risk of over-drying and aroma loss, Risk of hidden defects and inspection difficulty","Reduce dehumidifier usage and slightly increase ambient humidity., Enable controlled low-intensity inspection lighting periodically."
24.1,89.7,47.2,391.9,545.2,446,0,334.6,2.1.25 01:59,1,"High Humidity, Unexpected Light Level","Risk of mold, Risk-Color may change","Activate dehumidifier., Cover cinnamon stock with opaque sheets"
22.3,40.8,38.4,539.1,653.8,8.7,0,354.9,2.1.25 02:00,2,"Low Humidity, Low Moisture Level, Very Low Light Level","Risk of over-drying and aroma loss, Risk of excessive dryness and weight loss, Risk of hidden defects and inspection difficulty","Reduce dehumidifier usage and slightly increase ambient humidity., Balance humidity levels and avoid direct airflow on cinnamon stock., Enable controlled low-intensity inspection lighting periodically."
24.5,81.6,54.9,335.6,714,479.3,0,399.8,2.1.25 02:01,1,Unexpected Light Level,Risk-Color may change,Cover cinnamon stock with opaque sheets
21.7,75.9,49.1,364.8,630.2,134.6,0,71.5,2.1.25 02:02,0,no,no,No action required.
24,80.4,50.4,306.3,712.9,103.6,0,376.7,2.1.25 02:03,0,no,no,No action required.
22.9,66.6,47.8,498.2,441.2,91,0,115.4,2.1.25 02:04,0,no,no,No action required.
19.7,83.4,46.4,265.3,477.3,22.2,0,47.7,2.1.25 02:05,2,"Low Temperature, Very Low Air Quality Reading","Risk of condensation during temperature fluctuation, Risk of sensor malfunction or false safety indication","Stabilize temperature gradually and improve storage insulation., Inspect, clean, and recalibrate air quality sensors."
21.4,68.6,53.6,134.2,701.3,77.5,0,340.6,2.1.25 02:06,2,Very Low Air Quality Reading,Risk of sensor malfunction or false safety indication,"Inspect, clean, and recalibrate air quality sensors."
16.2,70.5,31.6,431.3,798,104.9,0,347.2,2.1.25 02:07,2,"Low Moisture Level, Low Temperature","Risk of excessive dryness and weight loss, Risk of condensation during temperature fluctuation","Balance humidity levels and avoid direct airflow on cinnamon stock., Stabilize temperature gradually and improve storage insulation."
19.1,76.1,52.9,453.2,725.5,18.8,0,297.3,2.1.25 02:08,2,"Low Temperature, Very Low Light Level","Risk of condensation during temperature fluctuation, Risk of hidden defects and inspection difficulty","Stabilize temperature gradually and improve storage insulation., Enable controlled low-intensity inspection lighting periodically."
24.2,72.6,50.9,501.8,609.8,56.4,0,127.5,2.1.25 02:09,0,no,no,No action required.
23.2,82.6,45.5,362.3,496.9,109.7,0,274.5,2.1.25 02:10,0,no,no,No action required.
20,75.8,53.6,444.8,657.7,143.9,0,398.4,2.1.25 02:11,0,no,no,No action required.
21.4,84.3,47.5,552.8,534.7,66.3,0,351.8,2.1.25 02:12,0,no,no,No action required.
20.5,67.3,48.6,540.6,396.3,139.6,0,8.7,2.1.25 02:13,2,Low CO₂ Level,Risk of excessive ventilation and energy wastage,Reduce ventilation intensity and maintain balanced airflow.
22.2,44.3,52,497.5,609.4,103.1,0,87.4,2.1.25 02:14,2,Low Humidity,Risk of over-drying and aroma loss,Reduce dehumidifier usage and slightly increase ambient humidity.
24.9,81.3,47.7,576.4,749.7,124.6,0,116.1,2.1.25 02:15,0,no,no,No action required.
22.3,64.9,52.2,486.1,639.9,32.8,0,117.7,2.1.25 02:16,0,no,no,No action required.
25,73.4,47.9,404.9,556.9,115,0,199.9,2.1.25 02:17,0,no,no,No action required.
19.9,82.7,36,265.7,683.7,41.5,0,65.3,2.1.25 02:18,2,"Low Moisture Level, Low Temperature, Very Low Air Quality Reading","Risk of excessive dryness and weight loss, Risk of condensation during temperature fluctuation, Risk of sensor malfunction or false safety indication","Balance humidity levels and avoid direct airflow on cinnamon stock., Stabilize temperature gradually and improve storage insulation., Inspect, clean, and recalibrate air quality sensors."
12,78.3,54.1,373.2,768,4.3,0,19.6,2.1.25 02:19,2,"Low Temperature, Very Low Light Level","Risk of condensation during temperature fluctuation, Risk of hidden defects and inspection difficulty","Stabilize temperature gradually and improve storage insulation., Enable controlled low-intensity inspection lighting periodically."
20.6,79.1,53.1,422.4,661.6,141.1,0,442.4,2.1.25 02:20,0,no,no,No action required.
28.2,78.4,47.8,340.6,698.8,210.5,0,73.2,2.1.25 02:21,1,"High Temperature, Unexpected Light Level","Risk of product degradation and Color may change, Risk-Color may change","Increase ventilation/cooling., Cover cinnamon stock with opaque sheets"
24.7,94.7,51.1,349.4,624.8,447.3,1,379.4,2.1.25 02:22,1,"High Humidity, Motion Detected, Unexpected Light Level","Risk of mold, risk of pests, Risk-Color may change","Activate dehumidifier., Check premises immediately., Cover cinnamon stock with opaque sheets"
23.7,64.2,52.1,418.7,495.5,149.8,0,460.2,2.1.25 02:23,0,no,no,No action required.
22,49.3,43.8,586.3,397.7,9,0,329.9,2.1.25 02:24,2,"Low Humidity, Low Moisture Level, Low CO₂ Level, Very Low Light Level","Risk of over-drying and aroma loss, Risk of excessive dryness and weight loss, Risk of excessive ventilation and energy wastage, Risk of hidden defects and inspection difficulty","Reduce dehumidifier usage and slightly increase ambient humidity., Balance humidity levels and avoid direct airflow on cinnamon stock., Reduce ventilation intensity and maintain balanced airflow., Enable controlled low-intensity inspection lighting periodically."
14,79.8,49.3,198.8,304.9,1.7,0,131.1,2.1.25 02:25,2,"Low Temperature, Very Low Air Quality Reading, Low CO₂ Level, Very Low Light Level","Risk of condensation during temperature fluctuation, Risk of sensor malfunction or false safety indication, Risk of excessive ventilation and energy wastage, Risk of hidden defects and inspection difficulty","Stabilize temperature gradually and improve storage insulation., Inspect, clean, and recalibrate air quality sensors., Reduce ventilation intensity and maintain balanced airflow., Enable controlled low-intensity inspection lighting periodically."
17.9,79.9,45.1,442.2,569.2,66.5,0,347.9,2.1.25 02:26,2,Low Temperature,Risk of condensation during temperature fluctuation,Stabilize temperature gradually and improve storage insulation.
21.6,79.9,51.1,531.6,1304.5,121.6,0,473.8,2.1.25 02:27,1,High CO₂ Level,risk of Poor ventilation,Improve airflow/ventilation.
23,79.1,53.9,328.7,628.5,106.8,0,279.1,2.1.25 02:28,0,no,no,No action required.
23.9,76.1,50.9,525.7,618.5,45.3,0,174.8,2.1.25 02:29,0,no,no,No action required.
24,71.1,48.1,564.2,645.6,60.5,0,491.4,2.1.25 02:30,0,no,no,No action required.
21.1,63.4,47.4,558.7,719.2,90.8,0,89.9,2.1.25 02:31,0,no,no,No action required.
20.4,73.5,69.2,415.6,722.3,99.7,1,347,2.1.25 02:32,1,"High Moisture Level, Motion Detected","Risk of spoilage, risk of pests","Investigate leaks and dry area., Check premises immediately."
23.2,77.5,31.4,514.6,549.8,137.6,0,111.9,2.1.25 02:33,2,Low Moisture Level,Risk of excessive dryness and weight loss,Balance humidity levels and avoid direct airflow on cinnamon stock.
21.2,87,46.8,640.2,522.9,126.7,0,221.1,2.1.25 02:34,1,"High Humidity, Poor Air Quality","Risk of mold, risk of Possible dust or smoke","Activate dehumidifier., Ventilate and check air filters."
23.9,68.1,52.9,524.8,540.4,51,0,490.6,2.1.25 02:35,0,no,no,No action required.
24.9,82.8,48,335,777.5,173.6,0,328.7,2.1.25 02:36,1,Unexpected Light Level,Risk-Color may change,Cover cinnamon stock with opaque sheets
22.9,83,53.1,355.7,423.5,110.1,0,338.2,2.1.25 02:37,0,no,no,No action required.
22.9,82.5,47.8,740.5,441.6,278,0,379.1,2.1.25 02:38,1,"Poor Air Quality, Unexpected Light Level","risk of Possible dust or smoke, Risk-Color may change","Ventilate and check air filters., Cover cinnamon stock with opaque sheets"
22.4,71.8,51.1,354.7,589.8,92.3,0,137,2.1.25 02:39,0,no,no,No action required.
23.2,69.5,47.2,744,640.2,69.3,1,87.8,2.1.25 02:40,1,"Poor Air Quality, Motion Detected","risk of Possible dust or smoke, risk of pests","Ventilate and check air filters., Check premises immediately."
20.9,78.7,53.1,511,473.1,76.1,0,380.2,2.1.25 02:41,0,no,no,No action required.
24.7,77.5,50.4,791.6,1193.8,54.2,0,295.9,2.1.25 02:42,1,"Poor Air Quality, High CO₂ Level","risk of Possible dust or smoke, risk of Poor ventilation","Ventilate and check air filters., Improve airflow/ventilation."
24.4,65.3,52.8,487.9,251.9,135.9,0,283.8,2.1.25 02:43,2,Low CO₂ Level,Risk of excessive ventilation and energy wastage,Reduce ventilation intensity and maintain balanced airflow.
21.3,70.8,54.5,328.1,675.8,121.9,0,122.5,2.1.25 02:44,0,no,no,No action required.
23.7,68,34.7,262.9,595.8,107.9,0,68.8,2.1.25 02:45,2,"Low Moisture Level, Very Low Air Quality Reading","Risk of excessive dryness and weight loss, Risk of sensor malfunction or false safety indication","Balance humidity levels and avoid direct airflow on cinnamon stock., Inspect, clean, and recalibrate air quality sensors."
17.2,74.5,42.9,334.3,316.3,82.1,0,460.9,2.1.25 02:46,2,"Low Moisture Level, Low Temperature, Low CO₂ Level","Risk of excessive dryness and weight loss, Risk of condensation during temperature fluctuation, Risk of excessive ventilation and energy wastage","Balance humidity levels and avoid direct airflow on cinnamon stock., Stabilize temperature gradually and improve storage insulation., Reduce ventilation intensity and maintain balanced airflow."
23.7,69.9,53,479.3,438.4,108.8,0,23.3,2.1.25 02:47,0,no,no,No action required.
24.1,80.3,50.2,307.7,766.5,77,0,111.8,2.1.25 02:48,0,no,no,No action required.
35.8,62.9,45.3,554.6,427.8,365.3,1,350.8,2.1.25 02:49,1,"High Temperature, Motion Detected, Unexpected Light Level","Risk of product degradation and Color may change, risk of pests, Risk-Color may change","Increase ventilation/cooling., Check premises immediately., Cover cinnamon stock with opaque sheets"
22.2,80.9,46.6,340.1,637,79.8,0,114.9,2.1.25 02:50,0,no,no,No action required.
23.5,63.9,48.8,544.9,702.1,82.5,0,255.6,2.1.25 02:51,0,no,no,No action required.
21,74.4,45,565.4,546.2,140.5,0,299.4,2.1.25 02:52,0,no,no,No action required.
22.8,74.2,52.5,586,426.8,104.6,0,206.5,2.1.25 02:53,0,no,no,No action required.
22,80.7,51.9,402.1,477.4,122.5,0,487.9,2.1.25 02:54,0,no,no,No action required.
33.2,71.4,59.6,529.6,585.8,78.3,0,110,2.1.25 02:55,1,"High Moisture Level, High Temperature","Risk of spoilage, Risk of product degradation and Color may change","Investigate leaks and dry area., Increase ventilation/cooling."
20.3,83,47.2,502.3,704.3,112,0,51.7,2.1.25 02:56,0,no,no,No action required.
22.7,62.6,51.2,762.2,665.7,31.6,0,244.1,2.1.25 02:57,1,Poor Air Quality,risk of Possible dust or smoke,Ventilate and check air filters.
24.6,71.7,49.6,316.6,287.6,15.5,0,410,2.1.25 02:58,2,"Low CO₂ Level, Very Low Light Level","Risk of excessive ventilation and energy wastage, Risk of hidden defects and inspection difficulty","Reduce ventilation intensity and maintain balanced airflow., Enable controlled low-intensity inspection lighting periodically."
20.5,71.3,52,357.2,497.6,103.8,0,459.2,2.1.25 02:59,0,no,no,No action required.
22.9,62.9,36.1,315.4,794.1,6.9,0,255,2.1.25 03:00,2,"Low Moisture Level, Very Low Light Level","Risk of excessive dryness and weight loss, Risk of hidden defects and inspection difficulty","Balance humidity levels and avoid direct airflow on cinnamon stock., Enable controlled low-intensity inspection lighting periodically."
27.2,79.4,49.2,867.9,438.7,93.3,0,412.8,2.1.25 03:01,1,"High Temperature, Poor Air Quality","Risk of product degradation and Color may change, risk of Possible dust or smoke","Increase ventilation/cooling., Ventilate and check air filters."
23.2,63,46.8,364,409.9,51.6,0,421.3,2.1.25 03:02,0,no,no,No action required.
21.3,80.5,53.7,585.2,501.2,60.9,0,106,2.1.25 03:03,0,no,no,No action required.
23.3,78.4,54.9,447.6,763.6,79.6,0,72.7,2.1.25 03:04,0,no,no,No action required.
20.2,84.1,48.9,489.1,641.9,114.7,0,324.7,2.1.25 03:05,0,no,no,No action required.
22,85,51,487.7,569.4,56.3,0,292.6,2.1.25 03:06,0,no,no,No action required.
22.9,78.4,53.9,312.9,734.1,76.3,0,39.8,2.1.25 03:07,0,no,no,No action required.
13.4,59.2,51.8,322.8,322.5,17.7,0,360.1,2.1.25 03:08,2,"Low Humidity, Low Temperature, Low CO₂ Level, Very Low Light Level","Risk of over-drying and aroma loss, Risk of condensation during temperature fluctuation, Risk of excessive ventilation and energy wastage, Risk of hidden defects and inspection difficulty","Reduce dehumidifier usage and slightly increase ambient humidity., Stabilize temperature gradually and improve storage insulation., Reduce ventilation intensity and maintain balanced airflow., Enable controlled low-intensity inspection lighting periodically."
23,64.3,36.7,444.8,290.4,5.5,0,486.1,2.1.25 03:09,2,"Low Moisture Level, Low CO₂ Level, Very Low Light Level","Risk of excessive dryness and weight loss, Risk of excessive ventilation and energy wastage, Risk of hidden defects and inspection difficulty","Balance humidity levels and avoid direct airflow on cinnamon stock., Reduce ventilation intensity and maintain balanced airflow., Enable controlled low-intensity inspection lighting periodically."
20.2,72.4,38.2,564.7,637.1,25.2,0,253,2.1.25 03:10,2,Low Moisture Level,Risk of excessive dryness and weight loss,Balance humidity levels and avoid direct airflow on cinnamon stock.
22.1,68.5,46.9,495.1,660.3,47.2,0,200.4,2.1.25 03:11,0,no,no,No action required.
22,65.1,45.3,542.2,583.7,142.6,0,284.3,2.1.25 03:12,0,no,no,No action required.
24.3,69.7,54.3,401.8,425.8,87.5,0,451.2,2.1.25 03:13,0,no,no,No action required.
23.7,64.4,47.6,412.3,796.1,134.5,0,317.6,2.1.25 03:14,0,no,no,No action required.
21.2,61.2,54.6,575.5,447.7,125.3,0,19.4,2.1.25 03:15,0,no,no,No action required.
22.9,61.2,34.4,597.6,221.2,75.4,0,423.4,2.1.25 03:16,2,"Low Moisture Level, Low CO₂ Level","Risk of excessive dryness and weight loss, Risk of excessive ventilation and energy wastage","Balance humidity levels and avoid direct airflow on cinnamon stock., Reduce ventilation intensity and maintain balanced airflow."
20.6,98.8,79.6,817.3,1248.2,102.1,0,281.3,2.1.25 03:17,1,"High Humidity, High Moisture Level, Poor Air Quality, High CO₂ Level","Risk of mold, Risk of spoilage, risk of Possible dust or smoke, risk of Poor ventilation","Activate dehumidifier., Investigate leaks and dry area., Ventilate and check air filters., Improve airflow/ventilation."
24.7,43.9,46.3,306.7,407.5,86,0,361.9,2.1.25 03:18,2,Low Humidity,Risk of over-drying and aroma loss,Reduce dehumidifier usage and slightly increase ambient humidity.
20.2,90.1,50.2,868.7,406.2,142.2,0,216.2,2.1.25 03:19,1,"High Humidity, Poor Air Quality","Risk of mold, risk of Possible dust or smoke","Activate dehumidifier., Ventilate and check air filters."
18.2,36.9,39.9,327.7,272.5,132.6,0,34.9,2.1.25 03:20,2,"Low Humidity, Low Moisture Level, Low Temperature, Low CO₂ Level","Risk of over-drying and aroma loss, Risk of excessive dryness and weight loss, Risk of condensation during temperature fluctuation, Risk of excessive ventilation and energy wastage","Reduce dehumidifier usage and slightly increase ambient humidity., Balance humidity levels and avoid direct airflow on cinnamon stock., Stabilize temperature gradually and improve storage insulation., Reduce ventilation intensity and maintain balanced airflow."
13.6,65.7,32.4,331,338.4,12.5,0,363.6,2.1.25 03:21,2,"Low Moisture Level, Low Temperature, Low CO₂ Level, Very Low Light Level","Risk of excessive dryness and weight loss, Risk of condensation during temperature fluctuation, Risk of excessive ventilation and energy wastage, Risk of hidden defects and inspection difficulty","Balance humidity levels and avoid direct airflow on cinnamon stock., Stabilize temperature gradually and improve storage insulation., Reduce ventilation intensity and maintain balanced airflow., Enable controlled low-intensity inspection lighting periodically."
23.1,78.1,49.2,370.3,411.9,138.7,0,370.1,2.1.25 03:22,0,no,no,No action required.
21.6,63.1,69.5,825.1,630.1,123.3,0,249.4,2.1.25 03:23,1,"High Moisture Level, Poor Air Quality","Risk of spoilage, risk of Possible dust or smoke","Investigate leaks and dry area., Ventilate and check air filters."
15.7,82.6,54.6,570.1,360.5,81.7,0,210.4,2.1.25 03:24,2,"Low Temperature, Low CO₂ Level","Risk of condensation during temperature fluctuation, Risk of excessive ventilation and energy wastage","Stabilize temperature gradually and improve storage insulation., Reduce ventilation intensity and maintain balanced airflow."
34.3,64.4,48.8,451.5,479,134.5,1,24,2.1.25 03:25,1,"High Temperature, Motion Detected","Risk of product degradation and Color may change, risk of pests","Increase ventilation/cooling., Check premises immediately."
24,82.2,48.5,549.9,417.8,118.7,0,12.4,2.1.25 03:26,0,no,no,No action required.
20.7,67.6,49.1,302.9,426.2,3.6,0,188.8,2.1.25 03:27,2,Very Low Light Level,Risk of hidden defects and inspection difficulty,Enable controlled low-intensity inspection lighting periodically.
22.9,76.7,31,442.6,490.2,78.6,0,336.8,2.1.25 03:28,2,Low Moisture Level,Risk of excessive dryness and weight loss,Balance humidity levels and avoid direct airflow on cinnamon stock.
22.1,77.4,50.3,594,533.8,113.4,0,287.7,2.1.25 03:29,0,no,no,No action required.
22.9,64.3,48.9,575.9,616.6,331.5,1,494.6,2.1.25 03:30,1,"Motion Detected, Unexpected Light Level","risk of pests, Risk-Color may change","Check premises immediately., Cover cinnamon stock with opaque sheets"
22.2,61,54.9,170.4,645.5,103.9,0,271.7,2.1.25 03:31,2,Very Low Air Quality Reading,Risk of sensor malfunction or false safety indication,"Inspect, clean, and recalibrate air quality sensors."
20.9,79,51.3,462.3,1099,22.8,1,303.2,2.1.25 03:32,1,"High CO₂ Level, Motion Detected","risk of Poor ventilation, risk of pests","Improve airflow/ventilation., Check premises immediately."
22.7,66.3,51.8,758.8,1457.6,79.1,0,65,2.1.25 03:33,1,"Poor Air Quality, High CO₂ Level","risk of Possible dust or smoke, risk of Poor ventilation","Ventilate and check air filters., Improve airflow/ventilation."
22.5,91,52.2,423.5,587.5,205.8,1,312.9,2.1.25 03:34,1,"High Humidity, Motion Detected, Unexpected Light Level","Risk of mold, risk of pests, Risk-Color may change","Activate dehumidifier., Check premises immediately., Cover cinnamon stock with opaque sheets"
24.9,72.4,48.6,561.5,658.4,59.7,0,93.2,2.1.25 03:35,0,no,no,No action required.
24,73.3,46.4,336.7,700.5,93.5,0,445.8,2.1.25 03:36,0,no,no,No action required.
17.1,65.9,40.7,230.6,256.5,141.8,0,230.4,2.1.25 03:37,2,"Low Moisture Level, Low Temperature, Very Low Air Quality Reading, Low CO₂ Level","Risk of excessive dryness and weight loss, Risk of condensation during temperature fluctuation, Risk of sensor malfunction or false safety indication, Risk of excessive ventilation and energy wastage","Balance humidity levels and avoid direct airflow on cinnamon stock., Stabilize temperature gradually and improve storage insulation., Inspect, clean, and recalibrate air quality sensors., Reduce ventilation intensity and maintain balanced airflow."
22,82.1,46.5,298.3,667.8,72,0,436.5,2.1.25 03:38,2,Very Low Air Quality Reading,Risk of sensor malfunction or false safety indication,"Inspect, clean, and recalibrate air quality sensors."
23.9,70.9,52.4,535.6,743.1,9.6,0,214,2.1.25 03:39,2,Very Low Light Level,Risk of hidden defects and inspection difficulty,Enable controlled low-intensity inspection lighting periodically.
20.2,33,36,125.8,313,91.6,0,81.9,2.1.25 03:40,2,"Low Humidity, Low Moisture Level, Very Low Air Quality Reading, Low CO₂ Level","Risk of over-drying and aroma loss, Risk of excessive dryness and weight loss, Risk of sensor malfunction or false safety indication, Risk of excessive ventilation and energy wastage","Reduce dehumidifier usage and slightly increase ambient humidity., Balance humidity levels and avoid direct airflow on cinnamon stock., Inspect, clean, and recalibrate air quality sensors., Reduce ventilation intensity and maintain balanced airflow."
22.4,91.3,54.9,614.2,791.8,223.2,1,488.4,2.1.25 03:41,1,"High Humidity, Poor Air Quality, Motion Detected, Unexpected Light Level","Risk of mold, risk of Possible dust or smoke, risk of pests, Risk-Color may change","Activate dehumidifier., Ventilate and check air filters., Check premises immediately., Cover cinnamon stock with opaque sheets"
20,89.1,75,637.5,1366,392.9,1,457.2,2.1.25 03:42,1,"High Humidity, High Moisture Level, Poor Air Quality, High CO₂ Level, Motion Detected, Unexpected Light Level","Risk of mold, Risk of spoilage, risk of Possible dust or smoke, risk of Poor ventilation, risk of pests, Risk-Color may change","Activate dehumidifier., Investigate leaks and dry area., Ventilate and check air filters., Improve airflow/ventilation., Check premises immediately., Cover cinnamon stock with opaque sheets"
24.2,97.9,48.9,422.9,527.1,87.6,0,216.8,2.1.25 03:43,1,High Humidity,Risk of mold,Activate dehumidifier.
16.2,78.2,50.8,226.3,449.2,57.7,0,219.9,2.1.25 03:44,2,"Low Temperature, Very Low Air Quality Reading","Risk of condensation during temperature fluctuation, Risk of sensor malfunction or false safety indication","Stabilize temperature gradually and improve storage insulation., Inspect, clean, and recalibrate air quality sensors."
20.2,62.4,48,370.5,515.9,370.6,0,425,2.1.25 03:45,1,Unexpected Light Level,Risk-Color may change,Cover cinnamon stock with opaque sheets
23.9,69.7,47,476.1,717.4,23,0,392.7,2.1.25 03:46,0,no,no,No action required.
23.1,45.6,53.7,595,454.1,130.4,0,383.7,2.1.25 03:47,2,Low Humidity,Risk of over-drying and aroma loss,Reduce dehumidifier usage and slightly increase ambient humidity.
13,61.8,51.6,197.3,692.1,52,0,320.7,2.1.25 03:48,2,"Low Temperature, Very Low Air Quality Reading","Risk of condensation during temperature fluctuation, Risk of sensor malfunction or false safety indication","Stabilize temperature gradually and improve storage insulation., Inspect, clean, and recalibrate air quality sensors."
23.1,69.8,49.5,589.9,211.3,6.8,0,208.5,2.1.25 03:49,2,"Low CO₂ Level, Very Low Light Level","Risk of excessive ventilation and energy wastage, Risk of hidden defects and inspection difficulty","Reduce ventilation intensity and maintain balanced airflow., Enable controlled low-intensity inspection lighting periodically."
21.1,86.2,52.6,466.1,516.5,79.9,0,28.3,2.1.25 03:50,1,High Humidity,Risk of mold,Activate dehumidifier.
39.4,81,51.6,439.4,856.4,112.2,0,283.7,2.1.25 03:51,1,"High Temperature, High CO₂ Level","Risk of product degradation and Color may change, risk of Poor ventilation","Increase ventilation/cooling., Improve airflow/ventilation."
25,65.5,49.4,482.9,476.9,122.3,0,7.3,2.1.25 03:52,0,no,no,No action required.
20.4,70.6,54.1,411.8,648,143.5,0,93.7,2.1.25 03:53,0,no,no,No action required.
12.7,63.5,36.2,153.3,794.7,4.7,0,279.3,2.1.25 03:54,2,"Low Moisture Level, Low Temperature, Very Low Air Quality Reading, Very Low Light Level","Risk of excessive dryness and weight loss, Risk of condensation during temperature fluctuation, Risk of sensor malfunction or false safety indication, Risk of hidden defects and inspection difficulty","Balance humidity levels and avoid direct airflow on cinnamon stock., Stabilize temperature gradually and improve storage insulation., Inspect, clean, and recalibrate air quality sensors., Enable controlled low-intensity inspection lighting periodically."
23,66.5,50.4,489.1,445.2,124.7,0,427.2,2.1.25 03:55,0,no,no,No action required.
21.6,64.5,54.6,597.2,552.5,143.9,0,399,2.1.25 03:56,0,no,no,No action required.
22.5,65.3,51.2,421.9,705.8,140.6,0,388.6,2.1.25 03:57,0,no,no,No action required.
21.8,75.8,52.5,593.1,530.2,98.2,0,18.8,2.1.25 03:58,0,no,no,No action required.
20.8,68.2,50.4,517,737.6,88.5,0,58.1,2.1.25 03:59,0,no,no,No action required.
24.4,90.2,55.7,690.9,1137.3,140,1,425.8,2.1.25 04:00,1,"High Humidity, High Moisture Level, Poor Air Quality, High CO₂ Level, Motion Detected","Risk of mold, Risk of spoilage, risk of Possible dust or smoke, risk of Poor ventilation, risk of pests","Activate dehumidifier., Investigate leaks and dry area., Ventilate and check air filters., Improve airflow/ventilation., Check premises immediately."
20.3,64.4,45.1,324.8,727.4,236.7,0,499.8,2.1.25 04:01,1,Unexpected Light Level,Risk-Color may change,Cover cinnamon stock with opaque sheets
24.5,98.1,77.8,489.6,1324.4,86.5,0,28.9,2.1.25 04:02,1,"High Humidity, High Moisture Level, High CO₂ Level","Risk of mold, Risk of spoilage, risk of Poor ventilation","Activate dehumidifier., Investigate leaks and dry area., Improve airflow/ventilation."
24.5,65.2,47.9,524.6,664.6,55.8,0,176.8,2.1.25 04:03,0,no,no,No action required.
20.3,74.2,46.2,325.7,735.3,137.2,0,182.5,2.1.25 04:04,0,no,no,No action required.
35.3,77.3,52.8,303.8,755.3,372,0,464.5,2.1.25 04:05,1,"High Temperature, Unexpected Light Level","Risk of product degradation and Color may change, Risk-Color may change","Increase ventilation/cooling., Cover cinnamon stock with opaque sheets"
20.7,71.5,52.1,374.2,704.3,148.6,0,328,2.1.25 04:06,0,no,no,No action required.
31.4,88.9,54.3,611.6,642.7,248.1,0,240.2,2.1.25 04:07,1,"High Humidity, High Temperature, Poor Air Quality, Unexpected Light Level","Risk of mold, Risk of product degradation and Color may change, risk of Possible dust or smoke, Risk-Color may change","Activate dehumidifier., Increase ventilation/cooling., Ventilate and check air filters., Cover cinnamon stock with opaque sheets"
21.4,30,48.8,314.9,619.9,79.4,0,406.7,2.1.25 04:08,2,Low Humidity,Risk of over-drying and aroma loss,Reduce dehumidifier usage and slightly increase ambient humidity.
22.5,78.1,53.2,386.9,737.7,103.9,0,298.8,2.1.25 04:09,0,no,no,No action required.
20.3,65.5,54.7,345.7,533.5,73.1,0,255,2.1.25 04:10,0,no,no,No action required.
21.7,78.5,53.5,167.6,330.4,131,0,269.3,2.1.25 04:11,2,"Very Low Air Quality Reading, Low CO₂ Level","Risk of sensor malfunction or false safety indication, Risk of excessive ventilation and energy wastage","Inspect, clean, and recalibrate air quality sensors., Reduce ventilation intensity and maintain balanced airflow."
22.8,76.5,53.4,831.4,603.2,59.1,0,48.3,2.1.25 04:12,1,Poor Air Quality,risk of Possible dust or smoke,Ventilate and check air filters.
24.7,66.8,45.8,356.2,729.1,135.1,0,254.8,2.1.25 04:13,0,no,no,No action required.
35,65.7,52.5,570.7,757.2,220.1,1,381.5,2.1.25 04:14,1,"High Temperature, Motion Detected, Unexpected Light Level","Risk of product degradation and Color may change, risk of pests, Risk-Color may change","Increase ventilation/cooling., Check premises immediately., Cover cinnamon stock with opaque sheets"
23.7,65.4,48.2,567.7,738.9,88.4,0,211,2.1.25 04:15,0,no,no,No action required.
23.8,71.7,49.7,546.9,287.7,4.5,0,254.3,2.1.25 04:16,2,"Low CO₂ Level, Very Low Light Level","Risk of excessive ventilation and energy wastage, Risk of hidden defects and inspection difficulty","Reduce ventilation intensity and maintain balanced airflow., Enable controlled low-intensity inspection lighting periodically."
27.2,87.2,46.5,517.9,1286,70.8,1,14.2,2.1.25 04:17,1,"High Humidity, High Temperature, High CO₂ Level, Motion Detected","Risk of mold, Risk of product degradation and Color may change, risk of Poor ventilation, risk of pests","Activate dehumidifier., Increase ventilation/cooling., Improve airflow/ventilation., Check premises immediately."
39.9,82.5,48.9,371.3,748.9,93.4,0,128.2,2.1.25 04:18,1,High Temperature,Risk of product degradation and Color may change,Increase ventilation/cooling.
21.9,96.1,49.4,852.3,649.5,125.5,0,43,2.1.25 04:19,1,"High Humidity, Poor Air Quality","Risk of mold, risk of Possible dust or smoke","Activate dehumidifier., Ventilate and check air filters."
20.2,62.5,39.3,446.2,386.5,31,0,260.7,2.1.25 04:20,2,"Low Moisture Level, Low CO₂ Level","Risk of excessive dryness and weight loss, Risk of excessive ventilation and energy wastage","Balance humidity levels and avoid direct airflow on cinnamon stock., Reduce ventilation intensity and maintain balanced airflow."
30.4,97.5,55.1,572.5,1093.3,45.9,1,371.8,2.1.25 04:21,1,"High Humidity, High Moisture Level, High Temperature, High CO₂ Level, Motion Detected","Risk of mold, Risk of spoilage, Risk of product degradation and Color may change, risk of Poor ventilation, risk of pests","Activate dehumidifier., Investigate leaks and dry area., Increase ventilation/cooling., Improve airflow/ventilation., Check premises immediately."
36.7,74.9,46.6,890.2,467,387.5,0,462.2,2.1.25 04:22,1,"High Temperature, Poor Air Quality, Unexpected Light Level","Risk of product degradation and Color may change, risk of Possible dust or smoke, Risk-Color may change","Increase ventilation/cooling., Ventilate and check air filters., Cover cinnamon stock with opaque sheets"
24.9,84.3,49,532.1,517.1,74.8,0,197.2,2.1.25 04:23,0,no,no,No action required.
12.4,58.3,50.9,572.5,242.1,29.4,0,464.6,2.1.25 04:24,2,"Low Humidity, Low Temperature, Low CO₂ Level","Risk of over-drying and aroma loss, Risk of condensation during temperature fluctuation, Risk of excessive ventilation and energy wastage","Reduce dehumidifier usage and slightly increase ambient humidity., Stabilize temperature gradually and improve storage insulation., Reduce ventilation intensity and maintain balanced airflow."
24.7,72.7,52.2,524.7,534.8,101.1,0,356.7,2.1.25 04:25,0,no,no,No action required.
20.4,66.9,49.8,407.7,1292.1,344.6,0,88,2.1.25 04:26,1,"High CO₂ Level, Unexpected Light Level","risk of Poor ventilation, Risk-Color may change","Improve airflow/ventilation., Cover cinnamon stock with opaque sheets"
24.9,63.2,61.9,337.1,679.6,117.6,1,401,2.1.25 04:27,1,"High Moisture Level, Motion Detected","Risk of spoilage, risk of pests","Investigate leaks and dry area., Check premises immediately."
22,69,47.4,288.4,676.7,121.1,0,253.4,2.1.25 04:28,2,Very Low Air Quality Reading,Risk of sensor malfunction or false safety indication,"Inspect, clean, and recalibrate air quality sensors."
23.8,85.2,67.2,589.1,645.5,130.9,0,344.4,2.1.25 04:29,1,"High Humidity, High Moisture Level","Risk of mold, Risk of spoilage","Activate dehumidifier., Investigate leaks and dry area."
22.4,72.3,55.8,535.4,736.5,121.1,1,99.8,2.1.25 04:30,1,"High Moisture Level, Motion Detected","Risk of spoilage, risk of pests","Investigate leaks and dry area., Check premises immediately."
23.2,75.3,44.5,465.4,684.6,137.2,0,283.1,2.1.25 04:31,2,Low Moisture Level,Risk of excessive dryness and weight loss,Balance humidity levels and avoid direct airflow on cinnamon stock.
22,95.5,61.1,793.6,748.6,111.6,1,234.7,2.1.25 04:32,1,"High Humidity, High Moisture Level, Poor Air Quality, Motion Detected","Risk of mold, Risk of spoilage, risk of Possible dust or smoke, risk of pests","Activate dehumidifier., Investigate leaks and dry area., Ventilate and check air filters., Check premises immediately."
11.6,82.7,47.8,590.9,680.2,103.1,0,25,2.1.25 04:33,2,Low Temperature,Risk of condensation during temperature fluctuation,Stabilize temperature gradually and improve storage insulation.
36.3,68.7,60.4,453.4,628.8,164.3,1,367.5,2.1.25 04:34,1,"High Moisture Level, High Temperature, Motion Detected, Unexpected Light Level","Risk of spoilage, Risk of product degradation and Color may change, risk of pests, Risk-Color may change","Investigate leaks and dry area., Increase ventilation/cooling., Check premises immediately., Cover cinnamon stock with opaque sheets"
22.6,82.2,51,314.1,483.5,20.5,0,405.8,2.1.25 04:35,0,no,no,No action required.
24.4,71.9,53.7,347.3,798.4,29.9,0,130,2.1.25 04:36,0,no,no,No action required.
38.9,66.6,45.1,617.2,536.9,42.4,0,360.4,2.1.25 04:37,1,"High Temperature, Poor Air Quality","Risk of product degradation and Color may change, risk of Possible dust or smoke","Increase ventilation/cooling., Ventilate and check air filters."
23.2,71,50.8,576.7,658.6,147.5,0,353,2.1.25 04:38,0,no,no,No action required.
20.9,71.7,52.2,457.6,599.4,139.6,0,403.9,2.1.25 04:39,0,no,no,No action required.
24,70.2,47.2,358.6,772.3,105.7,0,40.6,2.1.25 04:40,0,no,no,No action required.
19.4,62.5,54.9,304.7,699.8,29.3,0,72.6,2.1.25 04:41,2,Low Temperature,Risk of condensation during temperature fluctuation,Stabilize temperature gradually and improve storage insulation.
24.1,80.7,48.5,557.2,655.1,53.3,0,89.2,2.1.25 04:42,0,no,no,No action required.
20.4,77.8,55.8,719.9,733.7,99.4,0,395.9,2.1.25 04:43,1,"High Moisture Level, Poor Air Quality","Risk of spoilage, risk of Possible dust or smoke","Investigate leaks and dry area., Ventilate and check air filters."
21.1,51.7,48.3,325.2,565.4,35.3,0,230.7,2.1.25 04:44,2,Low Humidity,Risk of over-drying and aroma loss,Reduce dehumidifier usage and slightly increase ambient humidity.
22.9,70.2,45.2,472.4,549.6,125.6,0,160.4,2.1.25 04:45,0,no,no,No action required.
21,58.5,41,446.6,780.8,44.8,0,4.2,2.1.25 04:46,2,"Low Humidity, Low Moisture Level","Risk of over-drying and aroma loss, Risk of excessive dryness and weight loss","Reduce dehumidifier usage and slightly increase ambient humidity., Balance humidity levels and avoid direct airflow on cinnamon stock."
20.6,67.1,46.5,392.9,579.2,122.8,0,406.1,2.1.25 04:47,0,no,no,No action required.
23.9,49.8,50.5,431,670.9,70,0,471.3,2.1.25 04:48,2,Low Humidity,Risk of over-drying and aroma loss,Reduce dehumidifier usage and slightly increase ambient humidity.
21.8,76,54.1,362.5,742.8,88,0,367.5,2.1.25 04:49,0,no,no,No action required.
22.4,62.6,53.5,455,770.2,42,1,418.3,2.1.25 04:50,1,Motion Detected,risk of pests,Check premises immediately.
21,64.4,47.4,392.3,508,114.3,0,185.2,2.1.25 04:51,0,no,no,No action required.
22.6,84.2,53.6,355,716,121.3,0,420.1,2.1.25 04:52,0,no,no,No action required.
32.7,69.2,54.7,859.5,951.9,140.4,0,1,2.1.25 04:53,1,"High Temperature, Poor Air Quality, High CO₂ Level","Risk of product degradation and Color may change, risk of Possible dust or smoke, risk of Poor ventilation","Increase ventilation/cooling., Ventilate and check air filters., Improve airflow/ventilation."
23.4,68.6,49.8,428,483.1,67.2,0,495.8,2.1.25 04:54,0,no,no,No action required.
21.9,72.3,47.4,525.4,519.7,127.7,0,50,2.1.25 04:55,0,no,no,No action required.
30.4,77.7,45.2,463.6,534.1,408.6,1,23.2,2.1.25 04:56,1,"High Temperature, Motion Detected, Unexpected Light Level","Risk of product degradation and Color may change, risk of pests, Risk-Color may change","Increase ventilation/cooling., Check premises immediately., Cover cinnamon stock with opaque sheets"
22.9,78.6,46.8,587.8,631.1,133.1,0,249.4,2.1.25 04:57,0,no,no,No action required.
23.1,77,51,187.5,276.6,148.8,0,498.1,2.1.25 04:58,2,"Very Low Air Quality Reading, Low CO₂ Level","Risk of sensor malfunction or false safety indication, Risk of excessive ventilation and energy wastage","Inspect, clean, and recalibrate air quality sensors., Reduce ventilation intensity and maintain balanced airflow."
23.4,74.2,45.1,466.4,763.3,113.6,0,71.7,2.1.25 04:59,0,no,no,No action required.
11.4,39.8,53.2,325.5,242.8,6.6,0,289.9,2.1.25 05:00,2,"Low Humidity, Low Temperature, Low CO₂ Level, Very Low Light Level","Risk of over-drying and aroma loss, Risk of condensation during temperature fluctuation, Risk of excessive ventilation and energy wastage, Risk of hidden defects and inspection difficulty","Reduce dehumidifier usage and slightly increase ambient humidity., Stabilize temperature gradually and improve storage insulation., Reduce ventilation intensity and maintain balanced airflow., Enable controlled low-intensity inspection lighting periodically."
38.3,65.8,59.4,303.6,635.9,80.9,1,179.2,2.1.25 05:01,1,"High Moisture Level, High Temperature, Motion Detected","Risk of spoilage, Risk of product degradation and Color may change, risk of pests","Investigate leaks and dry area., Increase ventilation/cooling., Check premises immediately."
20.6,63.5,51,505,418.7,30.3,0,148.5,2.1.25 05:02,0,no,no,No action required.
12,64.9,52.7,455.2,743.2,20.6,0,345.9,2.1.25 05:03,2,Low Temperature,Risk of condensation during temperature fluctuation,Stabilize temperature gradually and improve storage insulation.
19.2,74.9,53.8,561.3,704.2,120.2,0,96,2.1.25 05:04,2,Low Temperature,Risk of condensation during temperature fluctuation,Stabilize temperature gradually and improve storage insulation.
23.1,73.6,49.9,351.2,728.7,95.6,0,179.3,2.1.25 05:05,0,no,no,No action required.
23.3,61.6,74.5,614,860.7,136.1,0,165,2.1.25 05:06,1,"High Moisture Level, Poor Air Quality, High CO₂ Level","Risk of spoilage, risk of Possible dust or smoke, risk of Poor ventilation","Investigate leaks and dry area., Ventilate and check air filters., Improve airflow/ventilation."
22.2,83.6,51.5,388.4,602.8,40.2,0,255.4,2.1.25 05:07,0,no,no,No action required.
16.6,74,54.7,178.3,313.9,29.5,0,189.3,2.1.25 05:08,2,"Low Temperature, Very Low Air Quality Reading, Low CO₂ Level","Risk of condensation during temperature fluctuation, Risk of sensor malfunction or false safety indication, Risk of excessive ventilation and energy wastage","Stabilize temperature gradually and improve storage insulation., Inspect, clean, and recalibrate air quality sensors., Reduce ventilation intensity and maintain balanced airflow."
22.2,62.7,45.3,351.9,1245.6,138.8,0,68.4,2.1.25 05:09,1,High CO₂ Level,risk of Poor ventilation,Improve airflow/ventilation.
23.7,83.3,49.6,565,444.3,99.4,0,245.3,2.1.25 05:10,0,no,no,No action required.
21.5,73.6,46.2,355.2,545.5,118.1,0,66.3,2.1.25 05:11,0,no,no,No action required.
24.6,69.7,53,120.7,766.6,92.2,0,348,2.1.25 05:12,2,Very Low Air Quality Reading,Risk of sensor malfunction or false safety indication,"Inspect, clean, and recalibrate air quality sensors."
14.5,45.9,38.1,362.5,489.5,106.6,0,472.5,2.1.25 05:13,2,"Low Humidity, Low Moisture Level, Low Temperature","Risk of over-drying and aroma loss, Risk of excessive dryness and weight loss, Risk of condensation during temperature fluctuation","Reduce dehumidifier usage and slightly increase ambient humidity., Balance humidity levels and avoid direct airflow on cinnamon stock., Stabilize temperature gradually and improve storage insulation."
39,91,52.1,399.3,697.6,70.3,0,183.2,2.1.25 05:14,1,"High Humidity, High Temperature","Risk of mold, Risk of product degradation and Color may change","Activate dehumidifier., Increase ventilation/cooling."
21,65.4,52.5,735.1,456.5,82.4,0,382.1,2.1.25 05:15,1,Poor Air Quality,risk of Possible dust or smoke,Ventilate and check air filters.
22.9,30.5,54.6,210.5,650.4,103.7,0,159,2.1.25 05:16,2,"Low Humidity, Very Low Air Quality Reading","Risk of over-drying and aroma loss, Risk of sensor malfunction or false safety indication","Reduce dehumidifier usage and slightly increase ambient humidity., Inspect, clean, and recalibrate air quality sensors."
13.6,65,33,156.7,774.8,91.4,0,405.1,2.1.25 05:17,2,"Low Moisture Level, Low Temperature, Very Low Air Quality Reading","Risk of excessive dryness and weight loss, Risk of condensation during temperature fluctuation, Risk of sensor malfunction or false safety indication","Balance humidity levels and avoid direct airflow on cinnamon stock., Stabilize temperature gradually and improve storage insulation., Inspect, clean, and recalibrate air quality sensors."
21.1,38.8,52.3,117.6,300.6,71.2,0,89.4,2.1.25 05:18,2,"Low Humidity, Very Low Air Quality Reading, Low CO₂ Level","Risk of over-drying and aroma loss, Risk of sensor malfunction or false safety indication, Risk of excessive ventilation and energy wastage","Reduce dehumidifier usage and slightly increase ambient humidity., Inspect, clean, and recalibrate air quality sensors., Reduce ventilation intensity and maintain balanced airflow."
20.9,60.7,48.4,284.7,706.5,83.2,0,371.8,2.1.25 05:19,2,Very Low Air Quality Reading,Risk of sensor malfunction or false safety indication,"Inspect, clean, and recalibrate air quality sensors."
21.1,61.9,47.5,554.7,509.3,98,0,90.4,2.1.25 05:20,0,no,no,No action required.
32.2,71.9,50.3,329.7,622.8,310.2,0,259.2,2.1.25 05:21,1,"High Temperature, Unexpected Light Level","Risk of product degradation and Color may change, Risk-Color may change","Increase ventilation/cooling., Cover cinnamon stock with opaque sheets"
20.8,83.1,50.8,535.1,510.1,60.4,0,446.5,2.1.25 05:22,0,no,no,No action required.
23.8,71.7,48.7,554.8,479.1,123.5,0,51.4,2.1.25 05:23,0,no,no,No action required.
29.2,65.9,53.6,313.7,740.5,242.6,0,67.6,2.1.25 05:24,1,"High Temperature, Unexpected Light Level","Risk of product degradation and Color may change, Risk-Color may change","Increase ventilation/cooling., Cover cinnamon stock with opaque sheets"
23,55.5,33.4,476.4,665.9,29.5,0,356.4,2.1.25 05:25,2,"Low Humidity, Low Moisture Level","Risk of over-drying and aroma loss, Risk of excessive dryness and weight loss","Reduce dehumidifier usage and slightly increase ambient humidity., Balance humidity levels and avoid direct airflow on cinnamon stock."
23.8,32.4,50.4,437.3,461.3,109.1,0,75.5,2.1.25 05:26,2,Low Humidity,Risk of over-drying and aroma loss,Reduce dehumidifier usage and slightly increase ambient humidity.
20.8,96.9,51.7,721.2,1215.2,414.9,0,366,2.1.25 05:27,1,"High Humidity, Poor Air Quality, High CO₂ Level, Unexpected Light Level","Risk of mold, risk of Possible dust or smoke, risk of Poor ventilation, Risk-Color may change","Activate dehumidifier., Ventilate and check air filters., Improve airflow/ventilation., Cover cinnamon stock with opaque sheets"
23.4,80.8,33.5,407.7,732,120.8,0,370.9,2.1.25 05:28,2,Low Moisture Level,Risk of excessive dryness and weight loss,Balance humidity levels and avoid direct airflow on cinnamon stock.
20.8,82,40.2,419.6,318.4,65.1,0,130.1,2.1.25 05:29,2,"Low Moisture Level, Low CO₂ Level","Risk of excessive dryness and weight loss, Risk of excessive ventilation and energy wastage","Balance humidity levels and avoid direct airflow on cinnamon stock., Reduce ventilation intensity and maintain balanced airflow."
23.9,64.7,52.3,344.4,538.2,147.8,0,359.3,2.1.25 05:30,0,no,no,No action required.
20,80.3,50.7,463.9,483,98.1,0,310.8,2.1.25 05:31,0,no,no,No action required.
28.5,81.7,47.2,597.2,1406,36.8,0,170,2.1.25 05:32,1,"High Temperature, High CO₂ Level","Risk of product degradation and Color may change, risk of Poor ventilation","Increase ventilation/cooling., Improve airflow/ventilation."
23.3,73,54.3,329.8,594.2,56.4,0,44.9,2.1.25 05:33,0,no,no,No action required.
25,65.1,54.6,457.8,306.6,139.4,0,435,2.1.25 05:34,2,Low CO₂ Level,Risk of excessive ventilation and energy wastage,Reduce ventilation intensity and maintain balanced airflow.
11,49.7,48.7,488.5,647.8,82.8,0,35.6,2.1.25 05:35,2,"Low Humidity, Low Temperature","Risk of over-drying and aroma loss, Risk of condensation during temperature fluctuation","Reduce dehumidifier usage and slightly increase ambient humidity., Stabilize temperature gradually and improve storage insulation."
22.7,74,46.9,582.9,637.5,100.6,0,411.1,2.1.25 05:36,0,no,no,No action required.
21.3,83.2,51.1,536.4,603.4,66.6,0,234.5,2.1.25 05:37,0,no,no,No action required.
22.6,64.7,46.2,505.4,205.5,2.2,0,24.7,2.1.25 05:38,2,"Low CO₂ Level, Very Low Light Level","Risk of excessive ventilation and energy wastage, Risk of hidden defects and inspection difficulty","Reduce ventilation intensity and maintain balanced airflow., Enable controlled low-intensity inspection lighting periodically."
23.2,84.3,48.3,369.5,434.7,137.3,0,243.3,2.1.25 05:39,0,no,no,No action required.
36.6,85.6,53,483,738.9,27.7,0,62.3,2.1.25 05:40,1,"High Humidity, High Temperature","Risk of mold, Risk of product degradation and Color may change","Activate dehumidifier., Increase ventilation/cooling."
24.3,78.2,46.1,571.1,726,108,0,157.9,2.1.25 05:41,0,no,no,No action required.
20.1,72.9,50.8,580.7,442.6,95.7,0,189.6,2.1.25 05:42,0,no,no,No action required.
32.6,66.6,52.5,417.7,1310.8,119.7,0,367.8,2.1.25 05:43,1,"High Temperature, High CO₂ Level","Risk of product degradation and Color may change, risk of Poor ventilation","Increase ventilation/cooling., Improve airflow/ventilation."
26.5,84,59.2,412.4,1367.9,50.9,0,120.4,2.1.25 05:44,1,"High Moisture Level, High Temperature, High CO₂ Level","Risk of spoilage, Risk of product degradation and Color may change, risk of Poor ventilation","Investigate leaks and dry area., Increase ventilation/cooling., Improve airflow/ventilation."
24.2,79.8,46.6,328.4,472.1,24.7,0,28.9,2.1.25 05:45,0,no,no,No action required.
24.1,73,49.4,347.8,758.5,117.7,0,435.8,2.1.25 05:46,0,no,no,No action required.
20.1,90.1,67.9,638.6,657.4,247,0,394.1,2.1.25 05:47,1,"High Humidity, High Moisture Level, Poor Air Quality, Unexpected Light Level","Risk of mold, Risk of spoilage, risk of Possible dust or smoke, Risk-Color may change","Activate dehumidifier., Investigate leaks and dry area., Ventilate and check air filters., Cover cinnamon stock with opaque sheets"
13.9,53.9,51.1,525.9,503.7,59.4,0,102.8,2.1.25 05:48,2,"Low Humidity, Low Temperature","Risk of over-drying and aroma loss, Risk of condensation during temperature fluctuation","Reduce dehumidifier usage and slightly increase ambient humidity., Stabilize temperature gradually and improve storage insulation."
22.3,63.2,51.9,383,571.7,9.6,0,24.2,2.1.25 05:49,2,Very Low Light Level,Risk of hidden defects and inspection difficulty,Enable controlled low-intensity inspection lighting periodically.
24.6,74.4,49,165.5,632.9,144.2,0,355.6,2.1.25 05:50,2,Very Low Air Quality Reading,Risk of sensor malfunction or false safety indication,"Inspect, clean, and recalibrate air quality sensors."
14.3,80.2,53.3,370.3,362.6,59.8,0,81.4,2.1.25 05:51,2,"Low Temperature, Low CO₂ Level","Risk of condensation during temperature fluctuation, Risk of excessive ventilation and energy wastage","Stabilize temperature gradually and improve storage insulation., Reduce ventilation intensity and maintain balanced airflow."
36.3,74.5,49.2,303.3,580.8,119.1,1,495.7,2.1.25 05:52,1,"High Temperature, Motion Detected","Risk of product degradation and Color may change, risk of pests","Increase ventilation/cooling., Check premises immediately."
23.9,69.1,45.7,493.5,573.8,26.1,1,446.7,2.1.25 05:53,1,Motion Detected,risk of pests,Check premises immediately.
14.4,51.8,47.4,434.6,488.4,69.3,0,241,2.1.25 05:54,2,"Low Humidity, Low Temperature","Risk of over-drying and aroma loss, Risk of condensation during temperature fluctuation","Reduce dehumidifier usage and slightly increase ambient humidity., Stabilize temperature gradually and improve storage insulation."
24.9,36.9,45.3,354.2,250.4,111.6,0,359.5,2.1.25 05:55,2,"Low Humidity, Low CO₂ Level","Risk of over-drying and aroma loss, Risk of excessive ventilation and energy wastage","Reduce dehumidifier usage and slightly increase ambient humidity., Reduce ventilation intensity and maintain balanced airflow."
20.7,74.3,45.8,579.8,593.8,123.4,0,321,2.1.25 05:56,0,no,no,No action required.
22.4,82.9,50.2,460.5,427.2,83.9,0,115.7,2.1.25 05:57,0,no,no,No action required.
15.1,40.6,34.8,166.7,328.8,31.6,0,371.6,2.1.25 05:58,2,"Low Humidity, Low Moisture Level, Low Temperature, Very Low Air Quality Reading, Low CO₂ Level","Risk of over-drying and aroma loss, Risk of excessive dryness and weight loss, Risk of condensation during temperature fluctuation, Risk of sensor malfunction or false safety indication, Risk of excessive ventilation and energy wastage","Reduce dehumidifier usage and slightly increase ambient humidity., Balance humidity levels and avoid direct airflow on cinnamon stock., Stabilize temperature gradually and improve storage insulation., Inspect, clean, and recalibrate air quality sensors., Reduce ventilation intensity and maintain balanced airflow."
31.3,65.5,47.5,799.2,472.3,292,1,492.8,2.1.25 05:59,1,"High Temperature, Poor Air Quality, Motion Detected, Unexpected Light Level","Risk of product degradation and Color may change, risk of Possible dust or smoke, risk of pests, Risk-Color may change","Increase ventilation/cooling., Ventilate and check air filters., Check premises immediately., Cover cinnamon stock with opaque sheets"
22.2,84.3,51.8,230.4,485,9.1,0,22.1,2.1.25 06:00,2,"Very Low Air Quality Reading, Very Low Light Level","Risk of sensor malfunction or false safety indication, Risk of hidden defects and inspection difficulty","Inspect, clean, and recalibrate air quality sensors., Enable controlled low-intensity inspection lighting periodically."
20.1,71.4,48.9,525,270.6,115.5,0,350.2,2.1.25 06:01,2,Low CO₂ Level,Risk of excessive ventilation and energy wastage,Reduce ventilation intensity and maintain balanced airflow.
20.1,67.2,75,476.9,441,128.9,1,105.4,2.1.25 06:02,1,"High Moisture Level, Motion Detected","Risk of spoilage, risk of pests","Investigate leaks and dry area., Check premises immediately."
24.1,51.8,48.5,482.6,572.6,15.5,0,33.5,2.1.25 06:03,2,"Low Humidity, Very Low Light Level","Risk of over-drying and aroma loss, Risk of hidden defects and inspection difficulty","Reduce dehumidifier usage and slightly increase ambient humidity., Enable controlled low-intensity inspection lighting periodically."
21.8,87.1,54.2,401.1,522.8,73.4,0,215.2,2.1.25 06:04,1,High Humidity,Risk of mold,Activate dehumidifier.
11.1,56.3,43.3,500.2,508.8,78.7,0,26.8,2.1.25 06:05,2,"Low Humidity, Low Moisture Level, Low Temperature","Risk of over-drying and aroma loss, Risk of excessive dryness and weight loss, Risk of condensation during temperature fluctuation","Reduce dehumidifier usage and slightly increase ambient humidity., Balance humidity levels and avoid direct airflow on cinnamon stock., Stabilize temperature gradually and improve storage insulation."
20.6,84.3,46.8,455.2,772.7,124.7,0,27.5,2.1.25 06:06,0,no,no,No action required.
22.3,77.6,46.8,173.5,405.8,10.2,0,205.1,2.1.25 06:07,2,"Very Low Air Quality Reading, Very Low Light Level","Risk of sensor malfunction or false safety indication, Risk of hidden defects and inspection difficulty","Inspect, clean, and recalibrate air quality sensors., Enable controlled low-intensity inspection lighting periodically."
20.5,40.8,53.7,189.2,297.3,103.3,0,176.5,2.1.25 06:08,2,"Low Humidity, Very Low Air Quality Reading, Low CO₂ Level","Risk of over-drying and aroma loss, Risk of sensor malfunction or false safety indication, Risk of excessive ventilation and energy wastage","Reduce dehumidifier usage and slightly increase ambient humidity., Inspect, clean, and recalibrate air quality sensors., Reduce ventilation intensity and maintain balanced airflow."
24.5,72.4,52.8,444.9,751.9,140.9,0,96,2.1.25 06:09,0,no,no,No action required.
22.2,72.2,46.8,402.3,572.6,33.2,0,424.7,2.1.25 06:10,0,no,no,No action required.
20.6,71.1,51.4,372,601.1,121.5,0,365.1,2.1.25 06:11,0,no,no,No action required.
24.1,82.9,45.2,587.3,715.2,85,0,17.2,2.1.25 06:12,0,no,no,No action required.
22,73,37.8,235.5,223.2,117.9,0,267.7,2.1.25 06:13,2,"Low Moisture Level, Very Low Air Quality Reading, Low CO₂ Level","Risk of excessive dryness and weight loss, Risk of sensor malfunction or false safety indication, Risk of excessive ventilation and energy wastage","Balance humidity levels and avoid direct airflow on cinnamon stock., Inspect, clean, and recalibrate air quality sensors., Reduce ventilation intensity and maintain balanced airflow."
22.5,84.8,51.8,557.3,610.2,58.2,0,458.5,2.1.25 06:14,0,no,no,No action required.
23.4,63.3,51.5,462.8,408,50.4,0,402.1,2.1.25 06:15,0,no,no,No action required.
17.8,75.8,46.2,396.1,512.9,7.6,0,411.2,2.1.25 06:16,2,"Low Temperature, Very Low Light Level","Risk of condensation during temperature fluctuation, Risk of hidden defects and inspection difficulty","Stabilize temperature gradually and improve storage insulation., Enable controlled low-intensity inspection lighting periodically."
22.4,62.9,48.3,229.2,228.5,68.5,0,110.2,2.1.25 06:17,2,"Very Low Air Quality Reading, Low CO₂ Level","Risk of sensor malfunction or false safety indication, Risk of excessive ventilation and energy wastage","Inspect, clean, and recalibrate air quality sensors., Reduce ventilation intensity and maintain balanced airflow."
23.8,83.8,47.7,427.8,439.9,45.4,0,336.4,2.1.25 06:18,0,no,no,No action required.
12,66.6,47.1,496.2,202.6,108.7,0,61.6,2.1.25 06:19,2,"Low Temperature, Low CO₂ Level","Risk of condensation during temperature fluctuation, Risk of excessive ventilation and energy wastage","Stabilize temperature gradually and improve storage insulation., Reduce ventilation intensity and maintain balanced airflow."
20.2,83.7,46.4,493.8,681,127.4,0,121.9,2.1.25 06:20,0,no,no,No action required.
30.5,71.2,54.1,850.8,928.4,86.3,0,487.8,2.1.25 06:21,1,"High Temperature, Poor Air Quality, High CO₂ Level","Risk of product degradation and Color may change, risk of Possible dust or smoke, risk of Poor ventilation","Increase ventilation/cooling., Ventilate and check air filters., Improve airflow/ventilation."
21.3,67.2,41.8,481.9,786.5,11.8,0,489.1,2.1.25 06:22,2,"Low Moisture Level, Very Low Light Level","Risk of excessive dryness and weight loss, Risk of hidden defects and inspection difficulty","Balance humidity levels and avoid direct airflow on cinnamon stock., Enable controlled low-intensity inspection lighting periodically."
20.7,61.1,47,556.7,746.3,83,0,123.7,2.1.25 06:23,0,no,no,No action required.
31.6,77.8,77.2,363.7,580.3,136.7,0,379.6,2.1.25 06:24,1,"High Moisture Level, High Temperature","Risk of spoilage, Risk of product degradation and Color may change","Investigate leaks and dry area., Increase ventilation/cooling."
24.8,72.8,52.1,465.6,498.9,119.5,0,409.4,2.1.25 06:25,0,no,no,No action required.
20.4,79.5,52.4,479.6,228.3,143,0,431.4,2.1.25 06:26,2,Low CO₂ Level,Risk of excessive ventilation and energy wastage,Reduce ventilation intensity and maintain balanced airflow.
24.2,85.1,47.3,612.3,805.7,105.6,0,497.8,2.1.25 06:27,1,"High Humidity, Poor Air Quality, High CO₂ Level","Risk of mold, risk of Possible dust or smoke, risk of Poor ventilation","Activate dehumidifier., Ventilate and check air filters., Improve airflow/ventilation."
24.1,80.9,49.1,511.4,526.6,147.1,0,472.4,2.1.25 06:28,0,no,no,No action required.
24.8,57.2,42.8,521.7,262.6,52.4,0,39.2,2.1.25 06:29,2,"Low Humidity, Low Moisture Level, Low CO₂ Level","Risk of over-drying and aroma loss, Risk of excessive dryness and weight loss, Risk of excessive ventilation and energy wastage","Reduce dehumidifier usage and slightly increase ambient humidity., Balance humidity levels and avoid direct airflow on cinnamon stock., Reduce ventilation intensity and maintain balanced airflow."
21.5,68.2,40.6,322,763.3,119,0,495.3,2.1.25 06:30,2,Low Moisture Level,Risk of excessive dryness and weight loss,Balance humidity levels and avoid direct airflow on cinnamon stock.
20.7,69.6,49.9,419.5,727.1,276.1,1,64.9,2.1.25 06:31,1,"Motion Detected, Unexpected Light Level","risk of pests, Risk-Color may change","Check premises immediately., Cover cinnamon stock with opaque sheets"
21,77,51.5,482.9,778,127.9,0,238.2,2.1.25 06:32,0,no,no,No action required.
16.5,59.1,46.8,346.2,320.8,17.8,0,320,2.1.25 06:33,2,"Low Humidity, Low Temperature, Low CO₂ Level, Very Low Light Level","Risk of over-drying and aroma loss, Risk of condensation during temperature fluctuation, Risk of excessive ventilation and energy wastage, Risk of hidden defects and inspection difficulty","Reduce dehumidifier usage and slightly increase ambient humidity., Stabilize temperature gradually and improve storage insulation., Reduce ventilation intensity and maintain balanced airflow., Enable controlled low-intensity inspection lighting periodically."
21.8,79.9,46.6,515.9,530.1,494.8,1,438.7,2.1.25 06:34,1,"Motion Detected, Unexpected Light Level","risk of pests, Risk-Color may change","Check premises immediately., Cover cinnamon stock with opaque sheets"
22.6,60.8,42.4,347.8,530.3,30.5,0,488.9,2.1.25 06:35,2,Low Moisture Level,Risk of excessive dryness and weight loss,Balance humidity levels and avoid direct airflow on cinnamon stock.
21.2,74.2,52.8,568.4,657.5,37.8,0,470.9,2.1.25 06:36,0,no,no,No action required.
24.7,74.9,48.5,406.6,683,101.4,0,83.3,2.1.25 06:37,0,no,no,No action required.
35.2,83.6,46.4,473.6,1179.7,217.3,1,260.4,2.1.25 06:38,1,"High Temperature, High CO₂ Level, Motion Detected, Unexpected Light Level","Risk of product degradation and Color may change, risk of Poor ventilation, risk of pests, Risk-Color may change","Increase ventilation/cooling., Improve airflow/ventilation., Check premises immediately., Cover cinnamon stock with opaque sheets"
27.6,84.2,51.9,307.4,727.3,147.8,0,8.9,2.1.25 06:39,1,High Temperature,Risk of product degradation and Color may change,Increase ventilation/cooling.
20.6,54.9,37.6,230.8,726.6,80.1,0,320.2,2.1.25 06:40,2,"Low Humidity, Low Moisture Level, Very Low Air Quality Reading","Risk of over-drying and aroma loss, Risk of excessive dryness and weight loss, Risk of sensor malfunction or false safety indication","Reduce dehumidifier usage and slightly increase ambient humidity., Balance humidity levels and avoid direct airflow on cinnamon stock., Inspect, clean, and recalibrate air quality sensors."
37.3,77.6,60.2,437.7,465.6,79,1,256.6,2.1.25 06:41,1,"High Moisture Level, High Temperature, Motion Detected","Risk of spoilage, Risk of product degradation and Color may change, risk of pests","Investigate leaks and dry area., Increase ventilation/cooling., Check premises immediately."
21.7,83.7,45.6,589.4,756,59.8,0,393.1,2.1.25 06:42,0,no,no,No action required.
23.9,70.2,54.2,479,934,62.7,0,280.8,2.1.25 06:43,1,High CO₂ Level,risk of Poor ventilation,Improve airflow/ventilation.
23.4,72.8,51,589.7,541.8,89.3,0,213.4,2.1.25 06:44,0,no,no,No action required.
24.2,80.6,78.5,325.3,640.8,34.9,0,71.4,2.1.25 06:45,1,High Moisture Level,Risk of spoilage,Investigate leaks and dry area.
22.4,72.4,53.1,485.2,668.3,77.1,0,182.1,2.1.25 06:46,0,no,no,No action required.
22.8,79.9,48,491,560.5,111.1,0,400.3,2.1.25 06:47,0,no,no,No action required.
23.4,62.8,50.3,484.1,679.6,438.3,0,239.2,2.1.25 06:48,1,Unexpected Light Level,Risk-Color may change,Cover cinnamon stock with opaque sheets
21.2,60.2,48.6,528.7,770,40.4,0,267.9,2.1.25 06:49,0,no,no,No action required.
23.9,69.2,49.8,478.5,432.5,136.3,0,71.4,2.1.25 06:50,0,no,no,No action required.
21.4,70.8,52.4,409.6,318.1,147.4,0,39.7,2.1.25 06:51,2,Low CO₂ Level,Risk of excessive ventilation and energy wastage,Reduce ventilation intensity and maintain balanced airflow.
23.6,58.7,38.1,251,255.8,19.1,0,203.4,2.1.25 06:52,2,"Low Humidity, Low Moisture Level, Very Low Air Quality Reading, Low CO₂ Level, Very Low Light Level","Risk of over-drying and aroma loss, Risk of excessive dryness and weight loss, Risk of sensor malfunction or false safety indication, Risk of excessive ventilation and energy wastage, Risk of hidden defects and inspection difficulty","Reduce dehumidifier usage and slightly increase ambient humidity., Balance humidity levels and avoid direct airflow on cinnamon stock., Inspect, clean, and recalibrate air quality sensors., Reduce ventilation intensity and maintain balanced airflow., Enable controlled low-intensity inspection lighting periodically."
20.6,65.9,48.5,586.3,696.3,102.2,0,246.3,2.1.25 06:53,0,no,no,No action required.
24.3,71.9,51.5,367,519,135,0,126.7,2.1.25 06:54,0,no,no,No action required.
30.6,72.6,53.4,351.2,1381.9,335.7,0,263.2,2.1.25 06:55,1,"High Temperature, High CO₂ Level, Unexpected Light Level","Risk of product degradation and Color may change, risk of Poor ventilation, Risk-Color may change","Increase ventilation/cooling., Improve airflow/ventilation., Cover cinnamon stock with opaque sheets"
22.7,73.9,50.8,546.9,697.6,69.1,0,192.2,2.1.25 06:56,0,no,no,No action required.
37.7,91.8,75.6,538.3,475.7,125.1,1,433,2.1.25 06:57,1,"High Humidity, High Moisture Level, High Temperature, Motion Detected","Risk of mold, Risk of spoilage, Risk of product degradation and Color may change, risk of pests","Activate dehumidifier., Investigate leaks and dry area., Increase ventilation/cooling., Check premises immediately."
24.2,74.3,51.5,449.5,549.6,132.6,0,480.6,2.1.25 06:58,0,no,no,No action required.
21.4,73.8,54.5,400.4,537.7,41,0,375.3,2.1.25 06:59,0,no,no,No action required.
21,60.8,53.6,550.5,700.3,30.6,0,415.7,2.1.25 07:00,0,no,no,No action required.
22,74.6,45.7,510,523.9,141,0,33.1,2.1.25 07:01,0,no,no,No action required.
24.3,61.9,51.2,402,784.9,84,0,348,2.1.25 07:02,0,no,no,No action required.
23.1,88.3,54.7,561.4,444.8,483.2,1,240.8,2.1.25 07:03,1,"High Humidity, Motion Detected, Unexpected Light Level","Risk of mold, risk of pests, Risk-Color may change","Activate dehumidifier., Check premises immediately., Cover cinnamon stock with opaque sheets"
35.2,74.1,53.8,687.1,746.7,238.9,1,239.2,2.1.25 07:04,1,"High Temperature, Poor Air Quality, Motion Detected, Unexpected Light Level","Risk of product degradation and Color may change, risk of Possible dust or smoke, risk of pests, Risk-Color may change","Increase ventilation/cooling., Ventilate and check air filters., Check premises immediately., Cover cinnamon stock with opaque sheets"
24.7,65.6,49,417.6,489.8,92,0,363.7,2.1.25 07:05,0,no,no,No action required.
21.4,65.8,46.1,540.8,680.5,119,1,422.4,2.1.25 07:06,1,Motion Detected,risk of pests,Check premises immediately.
20,69,50.4,587.1,625.7,102.2,0,207.1,2.1.25 07:07,0,no,no,No action required.
22.6,65.9,56.6,655.3,540.7,314.7,0,189.8,2.1.25 07:08,1,"High Moisture Level, Poor Air Quality, Unexpected Light Level","Risk of spoilage, risk of Possible dust or smoke, Risk-Color may change","Investigate leaks and dry area., Ventilate and check air filters., Cover cinnamon stock with opaque sheets"
23.2,67.2,46.5,524.8,1098.1,134.3,0,187.1,2.1.25 07:09,1,High CO₂ Level,risk of Poor ventilation,Improve airflow/ventilation.
31,84.9,60,522.6,1483.1,219.3,0,232.6,2.1.25 07:10,1,"High Moisture Level, High Temperature, High CO₂ Level, Unexpected Light Level","Risk of spoilage, Risk of product degradation and Color may change, risk of Poor ventilation, Risk-Color may change","Investigate leaks and dry area., Increase ventilation/cooling., Improve airflow/ventilation., Cover cinnamon stock with opaque sheets"
11.3,63.4,49.7,332.7,531.5,126,0,408.5,2.1.25 07:11,2,Low Temperature,Risk of condensation during temperature fluctuation,Stabilize temperature gradually and improve storage insulation.
22.5,46.7,31.1,526,306.8,33.3,0,41.8,2.1.25 07:12,2,"Low Humidity, Low Moisture Level, Low CO₂ Level","Risk of over-drying and aroma loss, Risk of excessive dryness and weight loss, Risk of excessive ventilation and energy wastage","Reduce dehumidifier usage and slightly increase ambient humidity., Balance humidity levels and avoid direct airflow on cinnamon stock., Reduce ventilation intensity and maintain balanced airflow."
23.3,63.3,47.5,710.6,402.3,488.4,0,222.4,2.1.25 07:13,1,"Poor Air Quality, Unexpected Light Level","risk of Possible dust or smoke, Risk-Color may change","Ventilate and check air filters., Cover cinnamon stock with opaque sheets"
24.8,81.6,53,559.3,657.8,132.1,0,384.6,2.1.25 07:14,0,no,no,No action required.
35.2,98.6,52.9,323.7,747.3,21.7,1,123.2,2.1.25 07:15,1,"High Humidity, High Temperature, Motion Detected","Risk of mold, Risk of product degradation and Color may change, risk of pests","Activate dehumidifier., Increase ventilation/cooling., Check premises immediately."
23.9,70.8,45.3,302.9,711.5,104.7,0,495.8,2.1.25 07:16,0,no,no,No action required.
22.6,63.6,48.4,641.1,1004.7,96.2,0,166.6,2.1.25 07:17,1,"Poor Air Quality, High CO₂ Level","risk of Possible dust or smoke, risk of Poor ventilation","Ventilate and check air filters., Improve airflow/ventilation."
28.6,66.8,50.3,889.3,478,80.4,1,111.3,2.1.25 07:18,1,"High Temperature, Poor Air Quality, Motion Detected","Risk of product degradation and Color may change, risk of Possible dust or smoke, risk of pests","Increase ventilation/cooling., Ventilate and check air filters., Check premises immediately."
21.3,80.5,49.5,539.8,580,95,0,228.8,2.1.25 07:19,0,no,no,No action required.
24.5,76.6,48.3,789.3,642,24.1,0,358.7,2.1.25 07:20,1,Poor Air Quality,risk of Possible dust or smoke,Ventilate and check air filters.
24,84.3,54.5,487.7,786,61.1,0,483.8,2.1.25 07:21,0,no,no,No action required.
25,80,47.9,436.3,434.7,54.8,0,280.2,2.1.25 07:22,0,no,no,No action required.
24.9,61.9,49.6,414,748.8,147.8,0,260.6,2.1.25 07:23,0,no,no,No action required.
20.7,63.9,50.4,577.6,524.3,31.5,0,265.2,2.1.25 07:24,0,no,no,No action required.
24,75,54.8,559.8,441.2,59.7,0,398,2.1.25 07:25,0,no,no,No action required.
28.8,62.7,45,341.8,441.8,351.6,1,312.5,2.1.25 07:26,1,"High Temperature, Motion Detected, Unexpected Light Level","Risk of product degradation and Color may change, risk of pests, Risk-Color may change","Increase ventilation/cooling., Check premises immediately., Cover cinnamon stock with opaque sheets"
22.1,78.4,69.8,610.9,637.2,182,0,405.6,2.1.25 07:27,1,"High Moisture Level, Poor Air Quality, Unexpected Light Level","Risk of spoilage, risk of Possible dust or smoke, Risk-Color may change","Investigate leaks and dry area., Ventilate and check air filters., Cover cinnamon stock with opaque sheets"
34.6,85.3,60.6,648.7,1210.8,214.6,0,342.3,2.1.25 07:28,1,"High Humidity, High Moisture Level, High Temperature, Poor Air Quality, High CO₂ Level, Unexpected Light Level","Risk of mold, Risk of spoilage, Risk of product degradation and Color may change, risk of Possible dust or smoke, risk of Poor ventilation, Risk-Color may change","Activate dehumidifier., Investigate leaks and dry area., Increase ventilation/cooling., Ventilate and check air filters., Improve airflow/ventilation., Cover cinnamon stock with opaque sheets"
16.8,60.3,35.4,371.5,442,120.1,0,179.7,2.1.25 07:29,2,"Low Moisture Level, Low Temperature","Risk of excessive dryness and weight loss, Risk of condensation during temperature fluctuation","Balance humidity levels and avoid direct airflow on cinnamon stock., Stabilize temperature gradually and improve storage insulation."
23.5,82,45,349.1,727.5,54.1,0,279,2.1.25 07:30,0,no,no,No action required.
20.8,65.6,50.8,452.5,461.7,77.7,0,297.7,2.1.25 07:31,0,no,no,No action required.
26.1,76,73.2,318.3,607,100.1,0,356.1,2.1.25 07:32,1,"High Moisture Level, High Temperature","Risk of spoilage, Risk of product degradation and Color may change","Investigate leaks and dry area., Increase ventilation/cooling."
23,82,48.3,501.4,712.8,130.1,0,361.3,2.1.25 07:33,0,no,no,No action required.
21.3,68.2,51.3,550.7,599.4,92.4,0,267.4,2.1.25 07:34,0,no,no,No action required.
20.1,73.4,49.1,498.2,668.2,92.6,0,450.7,2.1.25 07:35,0,no,no,No action required.
22,68.2,50,845.6,495.4,87.2,0,340.6,2.1.25 07:36,1,Poor Air Quality,risk of Possible dust or smoke,Ventilate and check air filters.
22.1,69.1,48.2,570.3,646.2,114.9,0,343.7,2.1.25 07:37,0,no,no,No action required.
24.5,79.6,49.7,455,795.8,121.7,0,434.9,2.1.25 07:38,0,no,no,No action required.
20.4,76.9,51.2,466.2,431.9,82.5,0,104.1,2.1.25 07:39,0,no,no,No action required.
22,67.1,51.5,553.3,710.6,135.2,0,104.5,2.1.25 07:40,0,no,no,No action required.
11.1,48.6,47,431.3,582.9,21.9,0,161.6,2.1.25 07:41,2,"Low Humidity, Low Temperature","Risk of over-drying and aroma loss, Risk of condensation during temperature fluctuation","Reduce dehumidifier usage and slightly increase ambient humidity., Stabilize temperature gradually and improve storage insulation."
20,47.2,41.5,163.3,262.3,144.6,0,389.3,2.1.25 07:42,2,"Low Humidity, Low Moisture Level, Very Low Air Quality Reading, Low CO₂ Level","Risk of over-drying and aroma loss, Risk of excessive dryness and weight loss, Risk of sensor malfunction or false safety indication, Risk of excessive ventilation and energy wastage","Reduce dehumidifier usage and slightly increase ambient humidity., Balance humidity levels and avoid direct airflow on cinnamon stock., Inspect, clean, and recalibrate air quality sensors., Reduce ventilation intensity and maintain balanced airflow."
21.1,62.7,49,448.3,746.1,53.9,0,1.8,2.1.25 07:43,0,no,no,No action required.
21.7,61.7,50.2,360.8,402.5,105.9,0,498.9,2.1.25 07:44,0,no,no,No action required.
21.7,81.9,49.9,661.3,411.2,104.1,0,5.9,2.1.25 07:45,1,Poor Air Quality,risk of Possible dust or smoke,Ventilate and check air filters.
23.6,52.9,34,264.2,615.8,32.4,0,383.9,2.1.25 07:46,2,"Low Humidity, Low Moisture Level, Very Low Air Quality Reading","Risk of over-drying and aroma loss, Risk of excessive dryness and weight loss, Risk of sensor malfunction or false safety indication","Reduce dehumidifier usage and slightly increase ambient humidity., Balance humidity levels and avoid direct airflow on cinnamon stock., Inspect, clean, and recalibrate air quality sensors."
24.7,87.4,63.6,832.9,642.5,136.7,0,325.5,2.1.25 07:47,1,"High Humidity, High Moisture Level, Poor Air Quality","Risk of mold, Risk of spoilage, risk of Possible dust or smoke","Activate dehumidifier., Investigate leaks and dry area., Ventilate and check air filters."
24.4,82.3,53.9,543.8,656,132.4,0,77.7,2.1.25 07:48,0,no,no,No action required.
22.6,71.3,51.8,496.5,515.6,40.7,0,197,2.1.25 07:49,0,no,no,No action required.
22.2,65.2,52.6,377.9,461.9,15.6,0,376.1,2.1.25 07:50,2,Very Low Light Level,Risk of hidden defects and inspection difficulty,Enable controlled low-intensity inspection lighting periodically.
21.9,80.6,40.9,343.3,397.4,38.9,0,480,2.1.25 07:51,2,"Low Moisture Level, Low CO₂ Level","Risk of excessive dryness and weight loss, Risk of excessive ventilation and energy wastage","Balance humidity levels and avoid direct airflow on cinnamon stock., Reduce ventilation intensity and maintain balanced airflow."
24.6,63.4,48.4,370.4,343.5,148.8,0,247.6,2.1.25 07:52,2,Low CO₂ Level,Risk of excessive ventilation and energy wastage,Reduce ventilation intensity and maintain balanced airflow.
24.4,64,54.9,339.2,358.8,10.9,0,114.8,2.1.25 07:53,2,"Low CO₂ Level, Very Low Light Level","Risk of excessive ventilation and energy wastage, Risk of hidden defects and inspection difficulty","Reduce ventilation intensity and maintain balanced airflow., Enable controlled low-intensity inspection lighting periodically."
22.5,85.5,65.1,325.9,416.1,135.8,1,89.3,2.1.25 07:54,1,"High Humidity, High Moisture Level, Motion Detected","Risk of mold, Risk of spoilage, risk of pests","Activate dehumidifier., Investigate leaks and dry area., Check premises immediately."
23.4,66.4,50.2,398,629.3,92.1,0,403.8,2.1.25 07:55,0,no,no,No action required.
33.3,95.6,54,491.8,1035.9,431,0,388,2.1.25 07:56,1,"High Humidity, High Temperature, High CO₂ Level, Unexpected Light Level","Risk of mold, Risk of product degradation and Color may change, risk of Poor ventilation, Risk-Color may change","Activate dehumidifier., Increase ventilation/cooling., Improve airflow/ventilation., Cover cinnamon stock with opaque sheets"
22.3,44.7,45.9,518.3,669.2,53.6,0,171.8,2.1.25 07:57,2,Low Humidity,Risk of over-drying and aroma loss,Reduce dehumidifier usage and slightly increase ambient humidity.
11.3,75,53,369.6,477.6,0.3,0,374.8,2.1.25 07:58,2,"Low Temperature, Very Low Light Level","Risk of condensation during temperature fluctuation, Risk of hidden defects and inspection difficulty","Stabilize temperature gradually and improve storage insulation., Enable controlled low-intensity inspection lighting periodically."
21.9,61,47.8,590.9,492.2,29.9,0,462.6,2.1.25 07:59,0,no,no,No action required.
34.5,87.3,45.7,476.9,496.4,109.5,1,296.7,2.1.25 08:00,1,"High Humidity, High Temperature, Motion Detected","Risk of mold, Risk of product degradation and Color may change, risk of pests","Activate dehumidifier., Increase ventilation/cooling., Check premises immediately."
23.2,84.1,52.9,456.6,540.8,107.9,0,127.9,2.1.25 08:01,0,no,no,No action required.
21.5,71,54.5,401.6,667.7,85.2,0,194.8,2.1.25 08:02,0,no,no,No action required.
24.9,60.4,52.6,428.9,772.7,73.1,0,478.7,2.1.25 08:03,0,no,no,No action required.
23.4,84.2,45.1,539.6,545.6,35.6,0,61,2.1.25 08:04,0,no,no,No action required.
20.8,46.5,54.4,454.8,306.3,9.2,0,294.5,2.1.25 08:05,2,"Low Humidity, Low CO₂ Level, Very Low Light Level","Risk of over-drying and aroma loss, Risk of excessive ventilation and energy wastage, Risk of hidden defects and inspection difficulty","Reduce dehumidifier usage and slightly increase ambient humidity., Reduce ventilation intensity and maintain balanced airflow., Enable controlled low-intensity inspection lighting periodically."
20.6,82.1,48.8,811.2,470.5,48.6,0,184.2,2.1.25 08:06,1,Poor Air Quality,risk of Possible dust or smoke,Ventilate and check air filters.
20.7,63.7,53.4,403.9,776,138,0,399.9,2.1.25 08:07,0,no,no,No action required.
34.2,65.4,53.5,609.9,670.4,57.5,1,281.2,2.1.25 08:08,1,"High Temperature, Poor Air Quality, Motion Detected","Risk of product degradation and Color may change, risk of Possible dust or smoke, risk of pests","Increase ventilation/cooling., Ventilate and check air filters., Check premises immediately."
30.4,73.9,52.3,860.6,557.2,290.1,1,76.8,2.1.25 08:09,1,"High Temperature, Poor Air Quality, Motion Detected, Unexpected Light Level","Risk of product degradation and Color may change, risk of Possible dust or smoke, risk of pests, Risk-Color may change","Increase ventilation/cooling., Ventilate and check air filters., Check premises immediately., Cover cinnamon stock with opaque sheets"
20.2,64.5,53.1,559.3,373.8,122.7,0,177.2,2.1.25 08:10,2,Low CO₂ Level,Risk of excessive ventilation and energy wastage,Reduce ventilation intensity and maintain balanced airflow.
28.7,73,47.7,560.3,474.6,107.8,0,190.6,2.1.25 08:11,1,High Temperature,Risk of product degradation and Color may change,Increase ventilation/cooling.
20.6,67.7,49.5,558,698.5,112.2,0,126.4,2.1.25 08:12,0,no,no,No action required.
20.7,60.4,47,371.3,1091,128.2,0,227.6,2.1.25 08:13,1,High CO₂ Level,risk of Poor ventilation,Improve airflow/ventilation.
21.1,64.7,48.4,681.7,630.2,55.3,0,59.4,2.1.25 08:14,1,Poor Air Quality,risk of Possible dust or smoke,Ventilate and check air filters.
21.1,36.3,54.4,578.9,212.1,88.5,0,50.3,2.1.25 08:15,2,"Low Humidity, Low CO₂ Level","Risk of over-drying and aroma loss, Risk of excessive ventilation and energy wastage","Reduce dehumidifier usage and slightly increase ambient humidity., Reduce ventilation intensity and maintain balanced airflow."
24.7,33.7,53.9,103.9,480.9,34.4,0,60.3,2.1.25 08:16,2,"Low Humidity, Very Low Air Quality Reading","Risk of over-drying and aroma loss, Risk of sensor malfunction or false safety indication","Reduce dehumidifier usage and slightly increase ambient humidity., Inspect, clean, and recalibrate air quality sensors."
23.1,67.5,54.4,557.9,430.5,134.7,0,324.2,2.1.25 08:17,0,no,no,No action required.
20.8,81.2,38.1,112.5,513.8,100.7,0,444.4,2.1.25 08:18,2,"Low Moisture Level, Very Low Air Quality Reading","Risk of excessive dryness and weight loss, Risk of sensor malfunction or false safety indication","Balance humidity levels and avoid direct airflow on cinnamon stock., Inspect, clean, and recalibrate air quality sensors."
20.1,74.7,48,790.3,957.3,161.2,0,110.4,2.1.25 08:19,1,"Poor Air Quality, High CO₂ Level, Unexpected Light Level","risk of Possible dust or smoke, risk of Poor ventilation, Risk-Color may change","Ventilate and check air filters., Improve airflow/ventilation., Cover cinnamon stock with opaque sheets"
24.6,91.6,54.6,328.3,752.2,102.6,0,254.9,2.1.25 08:20,1,High Humidity,Risk of mold,Activate dehumidifier.
24.4,97.3,71.6,551.2,657.1,352.2,0,446.3,2.1.25 08:21,1,"High Humidity, High Moisture Level, Unexpected Light Level","Risk of mold, Risk of spoilage, Risk-Color may change","Activate dehumidifier., Investigate leaks and dry area., Cover cinnamon stock with opaque sheets"
18.2,34,31.4,188.5,624.7,12.1,0,443.6,2.1.25 08:22,2,"Low Humidity, Low Moisture Level, Low Temperature, Very Low Air Quality Reading, Very Low Light Level","Risk of over-drying and aroma loss, Risk of excessive dryness and weight loss, Risk of condensation during temperature fluctuation, Risk of sensor malfunction or false safety indication, Risk of hidden defects and inspection difficulty","Reduce dehumidifier usage and slightly increase ambient humidity., Balance humidity levels and avoid direct airflow on cinnamon stock., Stabilize temperature gradually and improve storage insulation., Inspect, clean, and recalibrate air quality sensors., Enable controlled low-intensity inspection lighting periodically."
23.3,72.5,47,552.2,737.4,102.7,0,481.3,2.1.25 08:23,0,no,no,No action required.
18.3,68.9,50.5,130.9,560.1,19.7,0,170,2.1.25 08:24,2,"Low Temperature, Very Low Air Quality Reading, Very Low Light Level","Risk of condensation during temperature fluctuation, Risk of sensor malfunction or false safety indication, Risk of hidden defects and inspection difficulty","Stabilize temperature gradually and improve storage insulation., Inspect, clean, and recalibrate air quality sensors., Enable controlled low-intensity inspection lighting periodically."
24.8,68.4,47.4,520.8,356.5,133.5,0,89,2.1.25 08:25,2,Low CO₂ Level,Risk of excessive ventilation and energy wastage,Reduce ventilation intensity and maintain balanced airflow.
20.3,94.3,56.8,844.7,1070.5,277.9,1,286.2,2.1.25 08:26,1,"High Humidity, High Moisture Level, Poor Air Quality, High CO₂ Level, Motion Detected, Unexpected Light Level","Risk of mold, Risk of spoilage, risk of Possible dust or smoke, risk of Poor ventilation, risk of pests, Risk-Color may change","Activate dehumidifier., Investigate leaks and dry area., Ventilate and check air filters., Improve airflow/ventilation., Check premises immediately., Cover cinnamon stock with opaque sheets"
21.8,75.8,48.6,321.6,624.2,4.7,0,349.8,2.1.25 08:27,2,Very Low Light Level,Risk of hidden defects and inspection difficulty,Enable controlled low-intensity inspection lighting periodically.
24.7,73.9,53.9,573,520.8,21.8,0,402.6,2.1.25 08:28,0,no,no,No action required.
24.1,71.1,79.7,396.5,553,143.7,0,413.3,2.1.25 08:29,1,High Moisture Level,Risk of spoilage,Investigate leaks and dry area.
22.6,38,50.6,544.9,505.9,21.5,0,408.8,2.1.25 08:30,2,Low Humidity,Risk of over-drying and aroma loss,Reduce dehumidifier usage and slightly increase ambient humidity.
23,75.4,49,411.7,674.8,26.9,0,276.3,2.1.25 08:31,0,no,no,No action required.
21,73.4,54.7,382.7,724.1,140,0,139.1,2.1.25 08:32,0,no,no,No action required.
21.3,64.9,47.7,488.7,666.2,65.4,0,338.2,2.1.25 08:33,0,no,no,No action required.
24.8,76.7,47.9,456.9,447.1,95.9,0,326.7,2.1.25 08:34,0,no,no,No action required.
22.8,70.6,50.5,499.1,532,130.4,0,156.6,2.1.25 08:35,0,no,no,No action required.
22.7,83,49.6,514.8,780.9,115.2,0,369.1,2.1.25 08:36,0,no,no,No action required.
20.1,77.1,46.9,532.8,683.7,46,0,232.7,2.1.25 08:37,0,no,no,No action required.
23.7,84.3,47.7,301.2,697,109.5,0,99.4,2.1.25 08:38,0,no,no,No action required.
23.3,73.8,50.6,815.7,626.2,483.8,0,122.4,2.1.25 08:39,1,"Poor Air Quality, Unexpected Light Level","risk of Possible dust or smoke, Risk-Color may change","Ventilate and check air filters., Cover cinnamon stock with opaque sheets"
20.4,75.3,54.8,401,682.1,0.2,0,88.4,2.1.25 08:40,2,Very Low Light Level,Risk of hidden defects and inspection difficulty,Enable controlled low-intensity inspection lighting periodically.
22.4,60.8,54.1,582.1,709.4,145.5,0,420.5,2.1.25 08:41,0,no,no,No action required.
18.1,81.4,50.9,141.5,430.8,145.8,0,313.7,2.1.25 08:42,2,"Low Temperature, Very Low Air Quality Reading","Risk of condensation during temperature fluctuation, Risk of sensor malfunction or false safety indication","Stabilize temperature gradually and improve storage insulation., Inspect, clean, and recalibrate air quality sensors."
21.8,82.6,46.7,402.5,727.6,20.1,0,263.9,2.1.25 08:43,0,no,no,No action required.
23.1,62.2,51.5,442.9,654.3,87.8,1,264.9,2.1.25 08:44,1,Motion Detected,risk of pests,Check premises immediately.
23.8,78.1,54.6,399.3,650.5,120.1,0,400.4,2.1.25 08:45,0,no,no,No action required.
21.2,35.1,31.3,271.2,478.9,83.1,0,499.5,2.1.25 08:46,2,"Low Humidity, Low Moisture Level, Very Low Air Quality Reading","Risk of over-drying and aroma loss, Risk of excessive dryness and weight loss, Risk of sensor malfunction or false safety indication","Reduce dehumidifier usage and slightly increase ambient humidity., Balance humidity levels and avoid direct airflow on cinnamon stock., Inspect, clean, and recalibrate air quality sensors."
12.4,82.1,50.1,384.5,434.6,104.4,0,50.4,2.1.25 08:47,2,Low Temperature,Risk of condensation during temperature fluctuation,Stabilize temperature gradually and improve storage insulation.
23.4,97.6,49.4,860.2,657.7,496.6,0,228.3,2.1.25 08:48,1,"High Humidity, Poor Air Quality, Unexpected Light Level","Risk of mold, risk of Possible dust or smoke, Risk-Color may change","Activate dehumidifier., Ventilate and check air filters., Cover cinnamon stock with opaque sheets"
22.4,82.9,45.8,336.5,514.7,63.6,0,239.6,2.1.25 08:49,0,no,no,No action required.
23.3,67.5,48.8,363.2,446.3,31.8,0,59.5,2.1.25 08:50,0,no,no,No action required.
22.8,90.6,47.4,695,702.7,63.2,1,125.3,2.1.25 08:51,1,"High Humidity, Poor Air Quality, Motion Detected","Risk of mold, risk of Possible dust or smoke, risk of pests","Activate dehumidifier., Ventilate and check air filters., Check premises immediately."
22.9,65.6,45.4,427.2,787.5,117.3,0,307.6,2.1.25 08:52,0,no,no,No action required.
20.9,61.7,54.5,330.9,525.3,121,0,91.5,2.1.25 08:53,0,no,no,No action required.
20.1,72.3,45.8,424.1,683.6,65.2,0,183.9,2.1.25 08:54,0,no,no,No action required.
20.9,61.3,51,546.9,865.9,85.4,0,23.8,2.1.25 08:55,1,High CO₂ Level,risk of Poor ventilation,Improve airflow/ventilation.
23.6,62.7,54.3,486.3,453.7,133,0,10.2,2.1.25 08:56,0,no,no,No action required.
24.5,83.6,48.7,312.6,558.4,139.5,0,344.4,2.1.25 08:57,0,no,no,No action required.
21.8,81.4,54.2,412.7,599.3,72.1,0,392.6,2.1.25 08:58,0,no,no,No action required.
22.8,78.3,50.5,321.4,597.6,6.4,0,303.4,2.1.25 08:59,2,Very Low Light Level,Risk of hidden defects and inspection difficulty,Enable controlled low-intensity inspection lighting periodically.
23.7,76.8,49.2,529.2,664.8,84.7,0,156.7,2.1.25 09:00,0,no,no,No action required.
30.7,79.5,45.2,414.6,489.2,73.1,0,349.6,2.1.25 09:01,1,High Temperature,Risk of product degradation and Color may change,Increase ventilation/cooling.
21.7,77.9,46.2,444.7,661.3,29.4,0,420.5,2.1.25 09:02,0,no,no,No action required.
22.5,81.3,51.4,582.1,356,41.8,0,176.9,2.1.25 09:03,2,Low CO₂ Level,Risk of excessive ventilation and energy wastage,Reduce ventilation intensity and maintain balanced airflow.
21.7,75.8,49.2,362,496.3,54.7,0,295.6,2.1.25 09:04,0,no,no,No action required.
35.2,62.5,49.8,758.2,403.4,146.1,1,18.3,2.1.25 09:05,1,"High Temperature, Poor Air Quality, Motion Detected","Risk of product degradation and Color may change, risk of Possible dust or smoke, risk of pests","Increase ventilation/cooling., Ventilate and check air filters., Check premises immediately."
18.3,46.2,47.7,493.4,312.3,41.6,0,189.3,2.1.25 09:06,2,"Low Humidity, Low Temperature, Low CO₂ Level","Risk of over-drying and aroma loss, Risk of condensation during temperature fluctuation, Risk of excessive ventilation and energy wastage","Reduce dehumidifier usage and slightly increase ambient humidity., Stabilize temperature gradually and improve storage insulation., Reduce ventilation intensity and maintain balanced airflow."
23.2,67.6,46.7,597.1,474,74.4,0,382.5,2.1.25 09:07,0,no,no,No action required.
20.9,78.3,53.6,183.3,555.9,5.5,0,62.6,2.1.25 09:08,2,"Very Low Air Quality Reading, Very Low Light Level","Risk of sensor malfunction or false safety indication, Risk of hidden defects and inspection difficulty","Inspect, clean, and recalibrate air quality sensors., Enable controlled low-intensity inspection lighting periodically."
23.1,63.4,55.2,564.4,1445.3,487.5,0,490.4,2.1.25 09:09,1,"High Moisture Level, High CO₂ Level, Unexpected Light Level","Risk of spoilage, risk of Poor ventilation, Risk-Color may change","Investigate leaks and dry area., Improve airflow/ventilation., Cover cinnamon stock with opaque sheets"
21.1,67.4,66.5,445,677.4,20.2,1,288.9,2.1.25 09:10,1,"High Moisture Level, Motion Detected","Risk of spoilage, risk of pests","Investigate leaks and dry area., Check premises immediately."
22.9,65.3,46.2,323.8,734.6,32.7,0,357.4,2.1.25 09:11,0,no,no,No action required.
22.3,73.8,47.8,394.4,715.3,123.5,0,88.5,2.1.25 09:12,0,no,no,No action required.
21.4,69.8,45.4,370.3,780.9,64.7,0,176.3,2.1.25 09:13,0,no,no,No action required.
22.4,64.6,50.7,592.7,456.4,85.6,0,424.6,2.1.25 09:14,0,no,no,No action required.
23.5,81.1,52.2,453.8,627.9,100.2,0,496.1,2.1.25 09:15,0,no,no,No action required.
20.9,64,50.1,594.1,433.1,131.8,0,240.9,2.1.25 09:16,0,no,no,No action required.
22.5,65.7,48.5,384.5,663.8,63.2,0,151.5,2.1.25 09:17,0,no,no,No action required.
21.8,76.4,45.3,401.5,773.1,38.2,0,458.9,2.1.25 09:18,0,no,no,No action required.
21.9,72.6,48.2,428.7,980.8,203.6,1,121,2.1.25 09:19,1,"High CO₂ Level, Motion Detected, Unexpected Light Level","risk of Poor ventilation, risk of pests, Risk-Color may change","Improve airflow/ventilation., Check premises immediately., Cover cinnamon stock with opaque sheets"
21.8,66.7,55.8,808.7,614.3,349,1,188,2.1.25 09:20,1,"High Moisture Level, Poor Air Quality, Motion Detected, Unexpected Light Level","Risk of spoilage, risk of Possible dust or smoke, risk of pests, Risk-Color may change","Investigate leaks and dry area., Ventilate and check air filters., Check premises immediately., Cover cinnamon stock with opaque sheets"
21.5,60.5,47.6,339.7,774.1,29.1,0,194,2.1.25 09:21,0,no,no,No action required.
23.3,83.7,39.5,394.2,374.8,53.3,0,208.9,2.1.25 09:22,2,"Low Moisture Level, Low CO₂ Level","Risk of excessive dryness and weight loss, Risk of excessive ventilation and energy wastage","Balance humidity levels and avoid direct airflow on cinnamon stock., Reduce ventilation intensity and maintain balanced airflow."
22.2,83.7,50.5,722.5,592,283.4,1,6.8,2.1.25 09:23,1,"Poor Air Quality, Motion Detected, Unexpected Light Level","risk of Possible dust or smoke, risk of pests, Risk-Color may change","Ventilate and check air filters., Check premises immediately., Cover cinnamon stock with opaque sheets"
22,66.5,50.2,572.1,649.8,61.5,0,8.9,2.1.25 09:24,0,no,no,No action required.
15.5,74.3,52.3,120.8,711.5,10.1,0,60.8,2.1.25 09:25,2,"Low Temperature, Very Low Air Quality Reading, Very Low Light Level","Risk of condensation during temperature fluctuation, Risk of sensor malfunction or false safety indication, Risk of hidden defects and inspection difficulty","Stabilize temperature gradually and improve storage insulation., Inspect, clean, and recalibrate air quality sensors., Enable controlled low-intensity inspection lighting periodically."
20.5,62.6,53.6,489.7,831.5,474.9,1,135.3,2.1.25 09:26,1,"High CO₂ Level, Motion Detected, Unexpected Light Level","risk of Poor ventilation, risk of pests, Risk-Color may change","Improve airflow/ventilation., Check premises immediately., Cover cinnamon stock with opaque sheets"
21.2,68.6,49,112.6,664.1,18.2,0,305.9,2.1.25 09:27,2,"Very Low Air Quality Reading, Very Low Light Level","Risk of sensor malfunction or false safety indication, Risk of hidden defects and inspection difficulty","Inspect, clean, and recalibrate air quality sensors., Enable controlled low-intensity inspection lighting periodically."
23.7,78.7,45.4,512.3,510.6,50.5,0,218.2,2.1.25 09:28,0,no,no,No action required.
21.8,57.9,52.6,386.1,453,74.7,0,128.4,2.1.25 09:29,2,Low Humidity,Risk of over-drying and aroma loss,Reduce dehumidifier usage and slightly increase ambient humidity.
23.8,62.9,47.8,356.7,332.2,126.5,0,301.2,2.1.25 09:30,2,Low CO₂ Level,Risk of excessive ventilation and energy wastage,Reduce ventilation intensity and maintain balanced airflow.
22.3,62.5,53.3,526.7,730.5,53.8,0,445,2.1.25 09:31,0,no,no,No action required.
20.7,51.9,54.6,552.1,367.5,145.2,0,457.6,2.1.25 09:32,2,"Low Humidity, Low CO₂ Level","Risk of over-drying and aroma loss, Risk of excessive ventilation and energy wastage","Reduce dehumidifier usage and slightly increase ambient humidity., Reduce ventilation intensity and maintain balanced airflow."
20.2,79.2,47.5,553.7,1333.3,87.3,1,207.5,2.1.25 09:33,1,"High CO₂ Level, Motion Detected","risk of Poor ventilation, risk of pests","Improve airflow/ventilation., Check premises immediately."
12.1,52.9,46.2,122,491.2,12.7,0,66.7,2.1.25 09:34,2,"Low Humidity, Low Temperature, Very Low Air Quality Reading, Very Low Light Level","Risk of over-drying and aroma loss, Risk of condensation during temperature fluctuation, Risk of sensor malfunction or false safety indication, Risk of hidden defects and inspection difficulty","Reduce dehumidifier usage and slightly increase ambient humidity., Stabilize temperature gradually and improve storage insulation., Inspect, clean, and recalibrate air quality sensors., Enable controlled low-intensity inspection lighting periodically."
13.8,67.8,49.2,135,259.2,69.3,0,381.6,2.1.25 09:35,2,"Low Temperature, Very Low Air Quality Reading, Low CO₂ Level","Risk of condensation during temperature fluctuation, Risk of sensor malfunction or false safety indication, Risk of excessive ventilation and energy wastage","Stabilize temperature gradually and improve storage insulation., Inspect, clean, and recalibrate air quality sensors., Reduce ventilation intensity and maintain balanced airflow."
24,83.1,45.8,333.2,539.9,96.3,0,275.5,2.1.25 09:36,0,no,no,No action required.
15.5,50.1,49.8,544.4,405.9,140.2,0,239.5,2.1.25 09:37,2,"Low Humidity, Low Temperature","Risk of over-drying and aroma loss, Risk of condensation during temperature fluctuation","Reduce dehumidifier usage and slightly increase ambient humidity., Stabilize temperature gradually and improve storage insulation."
23.4,71,49.3,542.3,363,115.2,0,4.7,2.1.25 09:38,2,Low CO₂ Level,Risk of excessive ventilation and energy wastage,Reduce ventilation intensity and maintain balanced airflow.
23.3,81.2,60.2,345.1,1439.9,72.3,0,122.8,2.1.25 09:39,1,"High Moisture Level, High CO₂ Level","Risk of spoilage, risk of Poor ventilation","Investigate leaks and dry area., Improve airflow/ventilation."
21.4,64.3,50.3,473.6,475.6,43,0,291.8,2.1.25 09:40,0,no,no,No action required.
21.4,81.3,45.9,579.3,704.7,131.8,0,441.7,2.1.25 09:41,0,no,no,No action required.
20.2,83.2,50.1,809,412.1,104.8,0,379.2,2.1.25 09:42,1,Poor Air Quality,risk of Possible dust or smoke,Ventilate and check air filters.
16.1,52.8,45.7,539.8,587.3,16.7,0,472.1,2.1.25 09:43,2,"Low Humidity, Low Temperature, Very Low Light Level","Risk of over-drying and aroma loss, Risk of condensation during temperature fluctuation, Risk of hidden defects and inspection difficulty","Reduce dehumidifier usage and slightly increase ambient humidity., Stabilize temperature gradually and improve storage insulation., Enable controlled low-intensity inspection lighting periodically."
21,63.7,51.2,431.3,1119.1,138,1,160.6,2.1.25 09:44,1,"High CO₂ Level, Motion Detected","risk of Poor ventilation, risk of pests","Improve airflow/ventilation., Check premises immediately."
22.2,83.9,40.1,105.6,321.7,24.9,0,215.9,2.1.25 09:45,2,"Low Moisture Level, Very Low Air Quality Reading, Low CO₂ Level","Risk of excessive dryness and weight loss, Risk of sensor malfunction or false safety indication, Risk of excessive ventilation and energy wastage","Balance humidity levels and avoid direct airflow on cinnamon stock., Inspect, clean, and recalibrate air quality sensors., Reduce ventilation intensity and maintain balanced airflow."
26.5,89.3,53.8,712.6,883,113.7,0,162.4,2.1.25 09:46,1,"High Humidity, High Temperature, Poor Air Quality, High CO₂ Level","Risk of mold, Risk of product degradation and Color may change, risk of Possible dust or smoke, risk of Poor ventilation","Activate dehumidifier., Increase ventilation/cooling., Ventilate and check air filters., Improve airflow/ventilation."
24.8,74.8,54.8,479,585.4,33.9,0,103.6,2.1.25 09:47,0,no,no,No action required.
22.7,75.1,48,383.7,561.1,115.4,0,159.8,2.1.25 09:48,0,no,no,No action required.
20.5,71.6,45.2,394.5,500.7,93.3,0,278.5,2.1.25 09:49,0,no,no,No action required.
31.3,75.5,52.2,368.1,1365.7,76.5,1,472.8,2.1.25 09:50,1,"High Temperature, High CO₂ Level, Motion Detected","Risk of product degradation and Color may change, risk of Poor ventilation, risk of pests","Increase ventilation/cooling., Improve airflow/ventilation., Check premises immediately."
24.7,75.5,46.6,424.4,693,47,1,113.4,2.1.25 09:51,1,Motion Detected,risk of pests,Check premises immediately.
19.1,84.7,52.9,279.2,677.5,11.8,0,451.4,2.1.25 09:52,2,"Low Temperature, Very Low Air Quality Reading, Very Low Light Level","Risk of condensation during temperature fluctuation, Risk of sensor malfunction or false safety indication, Risk of hidden defects and inspection difficulty","Stabilize temperature gradually and improve storage insulation., Inspect, clean, and recalibrate air quality sensors., Enable controlled low-intensity inspection lighting periodically."
21.7,97,49.2,408.6,429.5,106.8,0,132.7,2.1.25 09:53,1,High Humidity,Risk of mold,Activate dehumidifier.
18.8,53.1,33.2,152.4,490.5,27.7,0,213,2.1.25 09:54,2,"Low Humidity, Low Moisture Level, Low Temperature, Very Low Air Quality Reading","Risk of over-drying and aroma loss, Risk of excessive dryness and weight loss, Risk of condensation during temperature fluctuation, Risk of sensor malfunction or false safety indication","Reduce dehumidifier usage and slightly increase ambient humidity., Balance humidity levels and avoid direct airflow on cinnamon stock., Stabilize temperature gradually and improve storage insulation., Inspect, clean, and recalibrate air quality sensors."
23.5,76.2,51,196.3,515.3,8.9,0,442.1,2.1.25 09:55,2,"Very Low Air Quality Reading, Very Low Light Level","Risk of sensor malfunction or false safety indication, Risk of hidden defects and inspection difficulty","Inspect, clean, and recalibrate air quality sensors., Enable controlled low-intensity inspection lighting periodically."
22.5,91.3,58.3,360.4,857.8,138.8,0,64.7,2.1.25 09:56,1,"High Humidity, High Moisture Level, High CO₂ Level","Risk of mold, Risk of spoilage, risk of Poor ventilation","Activate dehumidifier., Investigate leaks and dry area., Improve airflow/ventilation."
23.7,60.4,45.2,549.6,709.6,39.1,0,305.4,2.1.25 09:57,0,no,no,No action required.
21.2,65.1,50.4,412.2,206.6,4.4,0,169.1,2.1.25 09:58,2,"Low CO₂ Level, Very Low Light Level","Risk of excessive ventilation and energy wastage, Risk of hidden defects and inspection difficulty","Reduce ventilation intensity and maintain balanced airflow., Enable controlled low-intensity inspection lighting periodically."
22.1,80.6,49.4,469.8,756.4,86.4,0,319.3,2.1.25 09:59,0,no,no,No action required.
16.5,75.6,34.9,563.1,707.8,6.3,0,432.6,2.1.25 10:00,2,"Low Moisture Level, Low Temperature, Very Low Light Level","Risk of excessive dryness and weight loss, Risk of condensation during temperature fluctuation, Risk of hidden defects and inspection difficulty","Balance humidity levels and avoid direct airflow on cinnamon stock., Stabilize temperature gradually and improve storage insulation., Enable controlled low-intensity inspection lighting periodically."
21.1,82.7,51,578.9,549.5,131,0,273.4,2.1.25 10:01,0,no,no,No action required.
30.5,72.7,52.6,768.9,536.7,442.3,0,244.8,2.1.25 10:02,1,"High Temperature, Poor Air Quality, Unexpected Light Level","Risk of product degradation and Color may change, risk of Possible dust or smoke, Risk-Color may change","Increase ventilation/cooling., Ventilate and check air filters., Cover cinnamon stock with opaque sheets"
20.6,61.5,45.8,221.8,385.3,9.8,0,195.4,2.1.25 10:03,2,"Very Low Air Quality Reading, Low CO₂ Level, Very Low Light Level","Risk of sensor malfunction or false safety indication, Risk of excessive ventilation and energy wastage, Risk of hidden defects and inspection difficulty","Inspect, clean, and recalibrate air quality sensors., Reduce ventilation intensity and maintain balanced airflow., Enable controlled low-intensity inspection lighting periodically."
24.1,77,50.8,407.5,581.6,350.3,0,203.4,2.1.25 10:04,1,Unexpected Light Level,Risk-Color may change,Cover cinnamon stock with opaque sheets
20.6,78.9,53.3,460.5,553.7,35.8,0,453.4,2.1.25 10:05,0,no,no,No action required.
24,66.8,49.6,322.4,559.8,98.9,0,15.3,2.1.25 10:06,0,no,no,No action required.
21.5,71.1,30.5,178.9,438.8,51.5,0,432.7,2.1.25 10:07,2,"Low Moisture Level, Very Low Air Quality Reading","Risk of excessive dryness and weight loss, Risk of sensor malfunction or false safety indication","Balance humidity levels and avoid direct airflow on cinnamon stock., Inspect, clean, and recalibrate air quality sensors."
23.8,84.8,44.4,328.5,618,46.1,0,120.2,2.1.25 10:08,2,Low Moisture Level,Risk of excessive dryness and weight loss,Balance humidity levels and avoid direct airflow on cinnamon stock.
22.9,66.3,53.7,472.7,784.6,63.7,0,116.5,2.1.25 10:09,0,no,no,No action required.
33.6,96.3,60,713.6,538.4,35,1,206.1,2.1.25 10:10,1,"High Humidity, High Moisture Level, High Temperature, Poor Air Quality, Motion Detected","Risk of mold, Risk of spoilage, Risk of product degradation and Color may change, risk of Possible dust or smoke, risk of pests","Activate dehumidifier., Investigate leaks and dry area., Increase ventilation/cooling., Ventilate and check air filters., Check premises immediately."
38,80.8,51.2,414.8,522.6,109.6,0,234.5,2.1.25 10:11,1,High Temperature,Risk of product degradation and Color may change,Increase ventilation/cooling.
22.2,79.4,54.3,474.7,548.8,110.1,0,250.8,2.1.25 10:12,0,no,no,No action required.
24.8,61,53.6,570.9,541.5,50.3,0,251,2.1.25 10:13,0,no,no,No action required.
12,73.8,54.1,492.8,622.1,8.4,0,464.9,2.1.25 10:14,2,"Low Temperature, Very Low Light Level","Risk of condensation during temperature fluctuation, Risk of hidden defects and inspection difficulty","Stabilize temperature gradually and improve storage insulation., Enable controlled low-intensity inspection lighting periodically."
21.1,90.1,47.6,447.1,688.9,144.4,0,187.7,2.1.25 10:15,1,High Humidity,Risk of mold,Activate dehumidifier.
37.8,87.4,64.4,467.3,589.5,83.9,0,309.4,2.1.25 10:16,1,"High Humidity, High Moisture Level, High Temperature","Risk of mold, Risk of spoilage, Risk of product degradation and Color may change","Activate dehumidifier., Investigate leaks and dry area., Increase ventilation/cooling."
21.3,44.1,51.6,543.9,686.6,16.1,0,117.3,2.1.25 10:17,2,"Low Humidity, Very Low Light Level","Risk of over-drying and aroma loss, Risk of hidden defects and inspection difficulty","Reduce dehumidifier usage and slightly increase ambient humidity., Enable controlled low-intensity inspection lighting periodically."
23.7,77.6,49.8,431.9,417.4,146.4,0,108.2,2.1.25 10:18,0,no,no,No action required.
17.8,81.3,48.4,486.6,282.7,20.6,0,117.2,2.1.25 10:19,2,"Low Temperature, Low CO₂ Level","Risk of condensation during temperature fluctuation, Risk of excessive ventilation and energy wastage","Stabilize temperature gradually and improve storage insulation., Reduce ventilation intensity and maintain balanced airflow."
34.1,89.6,47.4,550.1,709.6,90.8,0,498.8,2.1.25 10:20,1,"High Humidity, High Temperature","Risk of mold, Risk of product degradation and Color may change","Activate dehumidifier., Increase ventilation/cooling."
21.3,79.4,50.9,428.3,1275.2,443.4,0,122.5,2.1.25 10:21,1,"High CO₂ Level, Unexpected Light Level","risk of Poor ventilation, Risk-Color may change","Improve airflow/ventilation., Cover cinnamon stock with opaque sheets"
23,74.8,46.7,398,536.6,88.9,0,58.5,2.1.25 10:22,0,no,no,No action required.
22.7,75.1,53.6,560.1,763.9,77.3,0,89,2.1.25 10:23,0,no,no,No action required.
22.2,68.3,51.6,169.2,550,14.9,0,278.6,2.1.25 10:24,2,"Very Low Air Quality Reading, Very Low Light Level","Risk of sensor malfunction or false safety indication, Risk of hidden defects and inspection difficulty","Inspect, clean, and recalibrate air quality sensors., Enable controlled low-intensity inspection lighting periodically."
23.9,65.6,51.1,596.8,985.2,94.9,0,29.9,2.1.25 10:25,1,High CO₂ Level,risk of Poor ventilation,Improve airflow/ventilation.
10.3,58.7,30.2,268.7,589.9,113.1,0,80.4,2.1.25 10:26,2,"Low Humidity, Low Moisture Level, Low Temperature, Very Low Air Quality Reading","Risk of over-drying and aroma loss, Risk of excessive dryness and weight loss, Risk of condensation during temperature fluctuation, Risk of sensor malfunction or false safety indication","Reduce dehumidifier usage and slightly increase ambient humidity., Balance humidity levels and avoid direct airflow on cinnamon stock., Stabilize temperature gradually and improve storage insulation., Inspect, clean, and recalibrate air quality sensors."
21.6,34.5,48.4,337.5,395.8,58.1,0,147.9,2.1.25 10:27,2,"Low Humidity, Low CO₂ Level","Risk of over-drying and aroma loss, Risk of excessive ventilation and energy wastage","Reduce dehumidifier usage and slightly increase ambient humidity., Reduce ventilation intensity and maintain balanced airflow."
38.2,64.6,62.4,435.2,674.4,311.9,0,155.3,2.1.25 10:28,1,"High Moisture Level, High Temperature, Unexpected Light Level","Risk of spoilage, Risk of product degradation and Color may change, Risk-Color may change","Investigate leaks and dry area., Increase ventilation/cooling., Cover cinnamon stock with opaque sheets"
20.6,72.3,49,339.2,844.6,48.2,0,214.1,2.1.25 10:29,1,High CO₂ Level,risk of Poor ventilation,Improve airflow/ventilation.
21.1,74.8,74.5,536.4,484.7,307,1,385.8,2.1.25 10:30,1,"High Moisture Level, Motion Detected, Unexpected Light Level","Risk of spoilage, risk of pests, Risk-Color may change","Investigate leaks and dry area., Check premises immediately., Cover cinnamon stock with opaque sheets"
23.2,67.2,46.1,381.3,550.6,88.8,0,399.4,2.1.25 10:31,0,no,no,No action required.
22.4,66.1,53.7,318.2,791.9,81.8,0,322.3,2.1.25 10:32,0,no,no,No action required.
23.4,74.7,54.1,469.8,640.7,22.9,0,416.4,2.1.25 10:33,0,no,no,No action required.
15.7,30.9,49.2,480.1,761.2,9,0,65.5,2.1.25 10:34,2,"Low Humidity, Low Temperature, Very Low Light Level","Risk of over-drying and aroma loss, Risk of condensation during temperature fluctuation, Risk of hidden defects and inspection difficulty","Reduce dehumidifier usage and slightly increase ambient humidity., Stabilize temperature gradually and improve storage insulation., Enable controlled low-intensity inspection lighting periodically."
20.2,58.6,46.3,176.9,431.5,51.4,0,270.7,2.1.25 10:35,2,"Low Humidity, Very Low Air Quality Reading","Risk of over-drying and aroma loss, Risk of sensor malfunction or false safety indication","Reduce dehumidifier usage and slightly increase ambient humidity., Inspect, clean, and recalibrate air quality sensors."
23.7,82.5,50.7,346.8,741.7,139.9,0,317.4,2.1.25 10:36,0,no,no,No action required.
24.3,78.5,54.4,376,711.9,43.1,0,452.6,2.1.25 10:37,0,no,no,No action required.
22.5,98.9,62.8,325.7,520.6,388.8,0,351.5,2.1.25 10:38,1,"High Humidity, High Moisture Level, Unexpected Light Level","Risk of mold, Risk of spoilage, Risk-Color may change","Activate dehumidifier., Investigate leaks and dry area., Cover cinnamon stock with opaque sheets"
14,84.8,52.4,217.5,242.9,91.1,0,310.4,2.1.25 10:39,2,"Low Temperature, Very Low Air Quality Reading, Low CO₂ Level","Risk of condensation during temperature fluctuation, Risk of sensor malfunction or false safety indication, Risk of excessive ventilation and energy wastage","Stabilize temperature gradually and improve storage insulation., Inspect, clean, and recalibrate air quality sensors., Reduce ventilation intensity and maintain balanced airflow."
22.3,68.5,46.4,347.8,627,51.9,0,396.7,2.1.25 10:40,0,no,no,No action required.
22.1,63.6,49.8,478.4,694.5,61.8,0,478.9,2.1.25 10:41,0,no,no,No action required.
23.2,72.3,52.5,441.6,701.9,104.5,0,10,2.1.25 10:42,0,no,no,No action required.
24.9,64.8,50,315.5,588.5,100.2,0,404.8,2.1.25 10:43,0,no,no,No action required.
23.1,72.4,49.6,436.6,794.5,126.6,0,320.7,2.1.25 10:44,0,no,no,No action required.
12.2,82.9,45.9,308.5,586.1,56.9,0,419.1,2.1.25 10:45,2,Low Temperature,Risk of condensation during temperature fluctuation,Stabilize temperature gradually and improve storage insulation.
22.3,74.8,50.9,265.4,686.8,56.1,0,141.6,2.1.25 10:46,2,Very Low Air Quality Reading,Risk of sensor malfunction or false safety indication,"Inspect, clean, and recalibrate air quality sensors."
24.9,70.3,48.4,337.5,479,23.6,0,427.6,2.1.25 10:47,0,no,no,No action required.
10.9,73,53.3,526.2,499.8,46.4,0,356,2.1.25 10:48,2,Low Temperature,Risk of condensation during temperature fluctuation,Stabilize temperature gradually and improve storage insulation.
21.2,70.7,53.7,330.4,411.3,84.8,0,191.4,2.1.25 10:49,0,no,no,No action required.
21.4,62.6,48.2,305.4,747.1,102.3,0,140.5,2.1.25 10:50,0,no,no,No action required.
33.2,80.9,52,675.3,1178.8,291.9,1,291.3,2.1.25 10:51,1,"High Temperature, Poor Air Quality, High CO₂ Level, Motion Detected, Unexpected Light Level","Risk of product degradation and Color may change, risk of Possible dust or smoke, risk of Poor ventilation, risk of pests, Risk-Color may change","Increase ventilation/cooling., Ventilate and check air filters., Improve airflow/ventilation., Check premises immediately., Cover cinnamon stock with opaque sheets"
12.6,68.4,35,572.8,616.6,36.6,0,368.3,2.1.25 10:52,2,"Low Moisture Level, Low Temperature","Risk of excessive dryness and weight loss, Risk of condensation during temperature fluctuation","Balance humidity levels and avoid direct airflow on cinnamon stock., Stabilize temperature gradually and improve storage insulation."
39.1,96.5,66.1,825.5,792.9,76.2,0,240.5,2.1.25 10:53,1,"High Humidity, High Moisture Level, High Temperature, Poor Air Quality","Risk of mold, Risk of spoilage, Risk of product degradation and Color may change, risk of Possible dust or smoke","Activate dehumidifier., Investigate leaks and dry area., Increase ventilation/cooling., Ventilate and check air filters."
29,79.5,47.9,608.1,548,268.6,1,449.4,2.1.25 10:54,1,"High Temperature, Poor Air Quality, Motion Detected, Unexpected Light Level","Risk of product degradation and Color may change, risk of Possible dust or smoke, risk of pests, Risk-Color may change","Increase ventilation/cooling., Ventilate and check air filters., Check premises immediately., Cover cinnamon stock with opaque sheets"
31.3,92.5,45.3,496,726.9,135.3,0,357.2,2.1.25 10:55,1,"High Humidity, High Temperature","Risk of mold, Risk of product degradation and Color may change","Activate dehumidifier., Increase ventilation/cooling."
21.2,67.3,48.7,498.3,659.7,73.2,0,104.5,2.1.25 10:56,0,no,no,No action required.
21.8,75.4,54,543.5,599,23.9,0,301.1,2.1.25 10:57,0,no,no,No action required.
22.2,82.5,48.1,359.9,380.7,132,0,248.2,2.1.25 10:58,2,Low CO₂ Level,Risk of excessive ventilation and energy wastage,Reduce ventilation intensity and maintain balanced airflow.
21.9,77.4,74,484.9,472.1,38.9,0,61.6,2.1.25 10:59,1,High Moisture Level,Risk of spoilage,Investigate leaks and dry area.
11.7,72.9,54.9,121.8,726.5,132.6,0,349.8,1.1.25 07:10,2,"Low Temperature, Very Low Air Quality Reading","Risk of condensation during temperature fluctuation, Risk of sensor malfunction or false safety indication","Stabilize temperature gradually and improve storage insulation., Inspect, clean, and recalibrate air quality sensors."
21,63.6,47.6,627.4,615.5,47.9,0,282.1,1.1.25 07:11,1,Poor Air Quality,risk of Possible dust or smoke,Ventilate and check air filters.
12.7,84.3,37.5,542.2,393,13.4,0,196.4,1.1.25 07:12,2,"Low Moisture Level, Low Temperature, Low CO₂ Level, Very Low Light Level","Risk of excessive dryness and weight loss, Risk of condensation during temperature fluctuation, Risk of excessive ventilation and energy wastage, Risk of hidden defects and inspection difficulty","Balance humidity levels and avoid direct airflow on cinnamon stock., Stabilize temperature gradually and improve storage insulation., Reduce ventilation intensity and maintain balanced airflow., Enable controlled low-intensity inspection lighting periodically."
39.8,90.9,61.4,390,1192,123,0,342.6,1.1.25 07:13,1,"High Humidity, High Moisture Level, High Temperature, High CO₂ Level","Risk of mold, Risk of spoilage, Risk of product degradation and Color may change, risk of Poor ventilation","Activate dehumidifier., Investigate leaks and dry area., Increase ventilation/cooling., Improve airflow/ventilation."
21.6,64.3,48.7,580,621.1,121.2,0,144.7,1.1.25 07:14,0,no,no,No action required.
11.3,49,54,212.6,314,11.8,0,356.3,1.1.25 07:15,2,"Low Humidity, Low Temperature, Very Low Air Quality Reading, Low CO₂ Level, Very Low Light Level","Risk of over-drying and aroma loss, Risk of condensation during temperature fluctuation, Risk of sensor malfunction or false safety indication, Risk of excessive ventilation and energy wastage, Risk of hidden defects and inspection difficulty","Reduce dehumidifier usage and slightly increase ambient humidity., Stabilize temperature gradually and improve storage insulation., Inspect, clean, and recalibrate air quality sensors., Reduce ventilation intensity and maintain balanced airflow., Enable controlled low-intensity inspection lighting periodically."
21.4,71,37.6,512.9,785.8,24.2,0,61.8,1.1.25 07:16,2,Low Moisture Level,Risk of excessive dryness and weight loss,Balance humidity levels and avoid direct airflow on cinnamon stock.
35.1,79.4,66.8,588.3,744.6,25,1,46.7,1.1.25 07:17,1,"High Moisture Level, High Temperature, Motion Detected","Risk of spoilage, Risk of product degradation and Color may change, risk of pests","Investigate leaks and dry area., Increase ventilation/cooling., Check premises immediately."
24.9,91.9,52.2,519.6,685.5,390.6,0,327.3,1.1.25 07:18,1,"High Humidity, Unexpected Light Level","Risk of mold, Risk-Color may change","Activate dehumidifier., Cover cinnamon stock with opaque sheets"
11.4,72.3,47.8,583.8,464.3,20.7,0,70.8,1.1.25 07:19,2,Low Temperature,Risk of condensation during temperature fluctuation,Stabilize temperature gradually and improve storage insulation.
22.2,64.2,46.7,549.1,649.2,117.6,0,332.5,1.1.25 07:20,0,no,no,No action required.
21.1,67.9,50.7,577.5,659.2,121.1,0,246.3,1.1.25 07:21,0,no,no,No action required.
20.1,69,45.1,314,444.5,22,0,438.6,1.1.25 07:22,0,no,no,No action required.
22,81.8,53,358.5,656.1,131.9,0,169.1,1.1.25 07:23,0,no,no,No action required.
21.6,34.5,48.4,337.5,395.8,58.1,0,147.9,2.1.25 10:27,2,"Low Humidity, Low CO₂ Level","Risk of over-drying and aroma loss, Risk of excessive ventilation and energy wastage","Reduce dehumidifier usage and slightly increase ambient humidity., Reduce ventilation intensity and maintain balanced airflow."
38.2,64.6,62.4,435.2,674.4,311.9,0,155.3,2.1.25 10:28,1,"High Moisture Level, High Temperature, Unexpected Light Level","Risk of spoilage, Risk of product degradation and Color may change, Risk-Color may change","Investigate leaks and dry area., Increase ventilation/cooling., Cover cinnamon stock with opaque sheets"
20.6,72.3,49,339.2,844.6,48.2,0,214.1,2.1.25 10:29,1,High CO₂ Level,risk of Poor ventilation,Improve airflow/ventilation.
21.1,74.8,74.5,536.4,484.7,307,1,385.8,2.1.25 10:30,1,"High Moisture Level, Motion Detected, Unexpected Light Level","Risk of spoilage, risk of pests, Risk-Color may change","Investigate leaks and dry area., Check premises immediately., Cover cinnamon stock with opaque sheets"
23.2,67.2,46.1,381.3,550.6,88.8,0,399.4,2.1.25 10:31,0,no,no,No action required.
22.4,66.1,53.7,318.2,791.9,81.8,0,322.3,2.1.25 10:32,0,no,no,No action required.
23.4,74.7,54.1,469.8,640.7,22.9,0,416.4,2.1.25 10:33,0,no,no,No action required.
15.7,30.9,49.2,480.1,761.2,9,0,65.5,2.1.25 10:34,2,"Low Humidity, Low Temperature, Very Low Light Level","Risk of over-drying and aroma loss, Risk of condensation during temperature fluctuation, Risk of hidden defects and inspection difficulty","Reduce dehumidifier usage and slightly increase ambient humidity., Stabilize temperature gradually and improve storage insulation., Enable controlled low-intensity inspection lighting periodically."
20.2,58.6,46.3,176.9,431.5,51.4,0,270.7,2.1.25 10:35,2,"Low Humidity, Very Low Air Quality Reading","Risk of over-drying and aroma loss, Risk of sensor malfunction or false safety indication","Reduce dehumidifier usage and slightly increase ambient humidity., Inspect, clean, and recalibrate air quality sensors."
34.5,87.3,45.7,476.9,496.4,109.5,1,296.7,2.1.25 08:00,1,"High Humidity, High Temperature, Motion Detected","Risk of mold, Risk of product degradation and Color may change, risk of pests","Activate dehumidifier., Increase ventilation/cooling., Check premises immediately."
23.2,84.1,52.9,456.6,540.8,107.9,0,127.9,2.1.25 08:01,0,no,no,No action required.
21.5,71,54.5,401.6,667.7,85.2,0,194.8,2.1.25 08:02,0,no,no,No action required.
24.9,60.4,52.6,428.9,772.7,73.1,0,478.7,2.1.25 08:03,0,no,no,No action required.
23.4,84.2,45.1,539.6,545.6,35.6,0,61,2.1.25 08:04,0,no,no,No action required.
20.8,46.5,54.4,454.8,306.3,9.2,0,294.5,2.1.25 08:05,2,"Low Humidity, Low CO₂ Level, Very Low Light Level","Risk of over-drying and aroma loss, Risk of excessive ventilation and energy wastage, Risk of hidden defects and inspection difficulty","Reduce dehumidifier usage and slightly increase ambient humidity., Reduce ventilation intensity and maintain balanced airflow., Enable controlled low-intensity inspection lighting periodically."
20.6,82.1,48.8,811.2,470.5,48.6,0,184.2,2.1.25 08:06,1,Poor Air Quality,risk of Possible dust or smoke,Ventilate and check air filters.
20.7,63.7,53.4,403.9,776,138,0,399.9,2.1.25 08:07,0,no,no,No action required.
34.2,65.4,53.5,609.9,670.4,57.5,1,281.2,2.1.25 08:08,1,"High Temperature, Poor Air Quality, Motion Detected","Risk of product degradation and Color may change, risk of Possible dust or smoke, risk of pests","Increase ventilation/cooling., Ventilate and check air filters., Check premises immediately."
30.4,73.9,52.3,860.6,557.2,290.1,1,76.8,2.1.25 08:09,1,"High Temperature, Poor Air Quality, Motion Detected, Unexpected Light Level","Risk of product degradation and Color may change, risk of Possible dust or smoke, risk of pests, Risk-Color may change","Increase ventilation/cooling., Ventilate and check air filters., Check premises immediately., Cover cinnamon stock with opaque sheets"
24.1,82.9,45.2,587.3,715.2,85,0,17.2,2.1.25 06:12,0,no,no,No action required.
22,73,37.8,235.5,223.2,117.9,0,267.7,2.1.25 06:13,2,"Low Moisture Level, Very Low Air Quality Reading, Low CO₂ Level","Risk of excessive dryness and weight loss, Risk of sensor malfunction or false safety indication, Risk of excessive ventilation and energy wastage","Balance humidity levels and avoid direct airflow on cinnamon stock., Inspect, clean, and recalibrate air quality sensors., Reduce ventilation intensity and maintain balanced airflow."
22.5,84.8,51.8,557.3,610.2,58.2,0,458.5,2.1.25 06:14,0,no,no,No action required.
23.4,63.3,51.5,462.8,408,50.4,0,402.1,2.1.25 06:15,0,no,no,No action required.
17.8,75.8,46.2,396.1,512.9,7.6,0,411.2,2.1.25 06:16,2,"Low Temperature, Very Low Light Level","Risk of condensation during temperature fluctuation, Risk of hidden defects and inspection difficulty","Stabilize temperature gradually and improve storage insulation., Enable controlled low-intensity inspection lighting periodically."
22.4,62.9,48.3,229.2,228.5,68.5,0,110.2,2.1.25 06:17,2,"Very Low Air Quality Reading, Low CO₂ Level","Risk of sensor malfunction or false safety indication, Risk of excessive ventilation and energy wastage","Inspect, clean, and recalibrate air quality sensors., Reduce ventilation intensity and maintain balanced airflow."
23.8,83.8,47.7,427.8,439.9,45.4,0,336.4,2.1.25 06:18,0,no,no,No action required.
12,66.6,47.1,496.2,202.6,108.7,0,61.6,2.1.25 06:19,2,"Low Temperature, Low CO₂ Level","Risk of condensation during temperature fluctuation, Risk of excessive ventilation and energy wastage","Stabilize temperature gradually and improve storage insulation., Reduce ventilation intensity and maintain balanced airflow."
17.1,65.9,40.7,230.6,256.5,141.8,0,230.4,2.1.25 03:37,2,"Low Moisture Level, Low Temperature, Very Low Air Quality Reading, Low CO₂ Level","Risk of excessive dryness and weight loss, Risk of condensation during temperature fluctuation, Risk of sensor malfunction or false safety indication, Risk of excessive ventilation and energy wastage","Balance humidity levels and avoid direct airflow on cinnamon stock., Stabilize temperature gradually and improve storage insulation., Inspect, clean, and recalibrate air quality sensors., Reduce ventilation intensity and maintain balanced airflow."
22,82.1,46.5,298.3,667.8,72,0,436.5,2.1.25 03:38,2,Very Low Air Quality Reading,Risk of sensor malfunction or false safety indication,"Inspect, clean, and recalibrate air quality sensors."
23.9,70.9,52.4,535.6,743.1,9.6,0,214,2.1.25 03:39,2,Very Low Light Level,Risk of hidden defects and inspection difficulty,Enable controlled low-intensity inspection lighting periodically.
20.2,33,36,125.8,313,91.6,0,81.9,2.1.25 03:40,2,"Low Humidity, Low Moisture Level, Very Low Air Quality Reading, Low CO₂ Level","Risk of over-drying and aroma loss, Risk of excessive dryness and weight loss, Risk of sensor malfunction or false safety indication, Risk of excessive ventilation and energy wastage","Reduce dehumidifier usage and slightly increase ambient humidity., Balance humidity levels and avoid direct airflow on cinnamon stock., Inspect, clean, and recalibrate air quality sensors., Reduce ventilation intensity and maintain balanced airflow."
22.4,91.3,54.9,614.2,791.8,223.2,1,488.4,2.1.25 03:41,1,"High Humidity, Poor Air Quality, Motion Detected, Unexpected Light Level","Risk of mold, risk of Possible dust or smoke, risk of pests, Risk-Color may change","Activate dehumidifier., Ventilate and check air filters., Check premises immediately., Cover cinnamon stock with opaque sheets"
20,89.1,75,637.5,1366,392.9,1,457.2,2.1.25 03:42,1,"High Humidity, High Moisture Level, Poor Air Quality, High CO₂ Level, Motion Detected, Unexpected Light Level","Risk of mold, Risk of spoilage, risk of Possible dust or smoke, risk of Poor ventilation, risk of pests, Risk-Color may change","Activate dehumidifier., Investigate leaks and dry area., Ventilate and check air filters., Improve airflow/ventilation., Check premises immediately., Cover cinnamon stock with opaque sheets"
24.2,97.9,48.9,422.9,527.1,87.6,0,216.8,2.1.25 03:43,1,High Humidity,Risk of mold,Activate dehumidifier.
21.8,76.7,52.8,403.6,710.6,55.9,0,144.6,1.1.25 23:17,0,no,no,No action required.
23.1,85.3,45.6,747.7,586.5,245.5,0,210.5,1.1.25 23:18,1,"High Humidity, Poor Air Quality, Unexpected Light Level","Risk of mold, risk of Possible dust or smoke, Risk-Color may change","Activate dehumidifier., Ventilate and check air filters., Cover cinnamon stock with opaque sheets"
21.5,47.8,48.6,277.8,642.7,46,0,31,1.1.25 23:19,2,"Low Humidity, Very Low Air Quality Reading","Risk of over-drying and aroma loss, Risk of sensor malfunction or false safety indication","Reduce dehumidifier usage and slightly increase ambient humidity., Inspect, clean, and recalibrate air quality sensors."
23.6,68.8,54.2,510,716.4,46.6,0,284.4,1.1.25 23:20,0,no,no,No action required.
21.9,92.7,47.2,474.5,410.7,89.6,0,307.1,1.1.25 23:21,1,High Humidity,Risk of mold,Activate dehumidifier.
23.7,65.4,48.2,567.7,738.9,88.4,0,211,2.1.25 04:15,0,no,no,No action required.
23.8,71.7,49.7,546.9,287.7,4.5,0,254.3,2.1.25 04:16,2,"Low CO₂ Level, Very Low Light Level","Risk of excessive ventilation and energy wastage, Risk of hidden defects and inspection difficulty","Reduce ventilation intensity and maintain balanced airflow., Enable controlled low-intensity inspection lighting periodically."
27.2,87.2,46.5,517.9,1286,70.8,1,14.2,2.1.25 04:17,1,"High Humidity, High Temperature, High CO₂ Level, Motion Detected","Risk of mold, Risk of product degradation and Color may change, risk of Poor ventilation, risk of pests","Activate dehumidifier., Increase ventilation/cooling., Improve airflow/ventilation., Check premises immediately."
39.9,82.5,48.9,371.3,748.9,93.4,0,128.2,2.1.25 04:18,1,High Temperature,Risk of product degradation and Color may change,Increase ventilation/cooling.
21.9,96.1,49.4,852.3,649.5,125.5,0,43,2.1.25 04:19,1,"High Humidity, Poor Air Quality","Risk of mold, risk of Possible dust or smoke","Activate dehumidifier., Ventilate and check air filters."
20.2,62.5,39.3,446.2,386.5,31,0,260.7,2.1.25 04:20,2,"Low Moisture Level, Low CO₂ Level","Risk of excessive dryness and weight loss, Risk of excessive ventilation and energy wastage","Balance humidity levels and avoid direct airflow on cinnamon stock., Reduce ventilation intensity and maintain balanced airflow."
30.4,97.5,55.1,572.5,1093.3,45.9,1,371.8,2.1.25 04:21,1,"High Humidity, High Moisture Level, High Temperature, High CO₂ Level, Motion Detected","Risk of mold, Risk of spoilage, Risk of product degradation and Color may change, risk of Poor ventilation, risk of pests","Activate dehumidifier., Investigate leaks and dry area., Increase ventilation/cooling., Improve airflow/ventilation., Check premises immediately."
36.7,74.9,46.6,890.2,467,387.5,0,462.2,2.1.25 04:22,1,"High Temperature, Poor Air Quality, Unexpected Light Level","Risk of product degradation and Color may change, risk of Possible dust or smoke, Risk-Color may change","Increase ventilation/cooling., Ventilate and check air filters., Cover cinnamon stock with opaque sheets"
24.9,84.3,49,532.1,517.1,74.8,0,197.2,2.1.25 04:23,0,no,no,No action required.
24.9,63.2,61.9,337.1,679.6,117.6,1,401,2.1.25 04:27,1,"High Moisture Level, Motion Detected","Risk of spoilage, risk of pests","Investigate leaks and dry area., Check premises immediately."
22,69,47.4,288.4,676.7,121.1,0,253.4,2.1.25 04:28,2,Very Low Air Quality Reading,Risk of sensor malfunction or false safety indication,"Inspect, clean, and recalibrate air quality sensors."
23.8,85.2,67.2,589.1,645.5,130.9,0,344.4,2.1.25 04:29,1,"High Humidity, High Moisture Level","Risk of mold, Risk of spoilage","Activate dehumidifier., Investigate leaks and dry area."
22.4,72.3,55.8,535.4,736.5,121.1,1,99.8,2.1.25 04:30,1,"High Moisture Level, Motion Detected","Risk of spoilage, risk of pests","Investigate leaks and dry area., Check premises immediately."
23.2,75.3,44.5,465.4,684.6,137.2,0,283.1,2.1.25 04:31,2,Low Moisture Level,Risk of excessive dryness and weight loss,Balance humidity levels and avoid direct airflow on cinnamon stock.
22,95.5,61.1,793.6,748.6,111.6,1,234.7,2.1.25 04:32,1,"High Humidity, High Moisture Level, Poor Air Quality, Motion Detected","Risk of mold, Risk of spoilage, risk of Possible dust or smoke, risk of pests","Activate dehumidifier., Investigate leaks and dry area., Ventilate and check air filters., Check premises immediately."
11.6,82.7,47.8,590.9,680.2,103.1,0,25,2.1.25 04:33,2,Low Temperature,Risk of condensation during temperature fluctuation,Stabilize temperature gradually and improve storage insulation.
36.3,68.7,60.4,453.4,628.8,164.3,1,367.5,2.1.25 04:34,1,"High Moisture Level, High Temperature, Motion Detected, Unexpected Light Level","Risk of spoilage, Risk of product degradation and Color may change, risk of pests, Risk-Color may change","Investigate leaks and dry area., Increase ventilation/cooling., Check premises immediately., Cover cinnamon stock with opaque sheets"
21.1,93.4,64.2,699.8,1221.1,374.9,0,451.4,1.1.25 09:58,1,"High Humidity, High Moisture Level, Poor Air Quality, High CO₂ Level, Unexpected Light Level","Risk of mold, Risk of spoilage, risk of Possible dust or smoke, risk of Poor ventilation, Risk-Color may change","Activate dehumidifier., Investigate leaks and dry area., Ventilate and check air filters., Improve airflow/ventilation., Cover cinnamon stock with opaque sheets"
24.8,44.4,48.7,338,486.9,17.5,0,51.2,1.1.25 09:59,2,"Low Humidity, Very Low Light Level","Risk of over-drying and aroma loss, Risk of hidden defects and inspection difficulty","Reduce dehumidifier usage and slightly increase ambient humidity., Enable controlled low-intensity inspection lighting periodically."
14.5,35.9,50.3,241.7,469.5,8.1,0,332.5,1.1.25 10:00,2,"Low Humidity, Low Temperature, Very Low Air Quality Reading, Very Low Light Level","Risk of over-drying and aroma loss, Risk of condensation during temperature fluctuation, Risk of sensor malfunction or false safety indication, Risk of hidden defects and inspection difficulty","Reduce dehumidifier usage and slightly increase ambient humidity., Stabilize temperature gradually and improve storage insulation., Inspect, clean, and recalibrate air quality sensors., Enable controlled low-intensity inspection lighting periodically."
15.1,48.7,46.7,328.9,670.2,0.8,0,85.7,1.1.25 10:01,2,"Low Humidity, Low Temperature, Very Low Light Level","Risk of over-drying and aroma loss, Risk of condensation during temperature fluctuation, Risk of hidden defects and inspection difficulty","Reduce dehumidifier usage and slightly increase ambient humidity., Stabilize temperature gradually and improve storage insulation., Enable controlled low-intensity inspection lighting periodically."
13.2,64.9,52.1,577.7,639.9,9.7,0,424.6,1.1.25 10:02,2,"Low Temperature, Very Low Light Level","Risk of condensation during temperature fluctuation, Risk of hidden defects and inspection difficulty","Stabilize temperature gradually and improve storage insulation., Enable controlled low-intensity inspection lighting periodically."
24.5,77.2,46.3,811.4,793.5,118,0,419.7,1.1.25 10:03,1,Poor Air Quality,risk of Possible dust or smoke,Ventilate and check air filters.
32.9,62.5,49.3,350.7,709.9,54.6,0,216.1,1.1.25 10:04,1,High Temperature,Risk of product degradation and Color may change,Increase ventilation/cooling.
21.4,84.4,51.7,422.8,530.3,54.9,0,391.7,1.1.25 10:05,0,no,no,No action required.
23.3,43.4,39.9,447.4,481.1,50.9,0,320.1,1.1.25 10:06,2,"Low Humidity, Low Moisture Level","Risk of over-drying and aroma loss, Risk of excessive dryness and weight loss","Reduce dehumidifier usage and slightly increase ambient humidity., Balance humidity levels and avoid direct airflow on cinnamon stock."
29,65.2,64.7,821.4,498.3,123.6,0,407.7,1.1.25 10:07,1,"High Moisture Level, High Temperature, Poor Air Quality","Risk of spoilage, Risk of product degradation and Color may change, risk of Possible dust or smoke","Investigate leaks and dry area., Increase ventilation/cooling., Ventilate and check air filters."
23.6,70.8,53,414,493.8,107.7,0,488.7,1.1.25 10:08,0,no,no,No action required.
23.8,77.1,48,155,309.8,3.4,0,462.4,1.1.25 10:09,2,"Very Low Air Quality Reading, Low CO₂ Level, Very Low Light Level","Risk of sensor malfunction or false safety indication, Risk of excessive ventilation and energy wastage, Risk of hidden defects and inspection difficulty","Inspect, clean, and recalibrate air quality sensors., Reduce ventilation intensity and maintain balanced airflow., Enable controlled low-intensity inspection lighting periodically."
10.9,71,45.3,267.7,374.3,142.9,0,204.1,1.1.25 10:10,2,"Low Temperature, Very Low Air Quality Reading, Low CO₂ Level","Risk of condensation during temperature fluctuation, Risk of sensor malfunction or false safety indication, Risk of excessive ventilation and energy wastage","Stabilize temperature gradually and improve storage insulation., Inspect, clean, and recalibrate air quality sensors., Reduce ventilation intensity and maintain balanced airflow."
21.4,74.8,45,556.6,404.8,85.6,0,90.8,1.1.25 10:11,0,no,no,No action required.
22.9,88.5,66.8,793.6,773.4,105.7,0,409.8,1.1.25 10:12,1,"High Humidity, High Moisture Level, Poor Air Quality","Risk of mold, Risk of spoilage, risk of Possible dust or smoke","Activate dehumidifier., Investigate leaks and dry area., Ventilate and check air filters."
23.2,66.7,50.1,419.9,716.1,82.9,0,278.5,1.1.25 10:13,0,no,no,No action required.
36.9,74.8,54.9,840.8,967.1,345.2,0,302.7,1.1.25 10:14,1,"High Temperature, Poor Air Quality, High CO₂ Level, Unexpected Light Level","Risk of product degradation and Color may change, risk of Possible dust or smoke, risk of Poor ventilation, Risk-Color may change","Increase ventilation/cooling., Ventilate and check air filters., Improve airflow/ventilation., Cover cinnamon stock with opaque sheets"
20.2,72.3,50.3,124,669.8,107.3,0,255.2,1.1.25 10:15,2,Very Low Air Quality Reading,Risk of sensor malfunction or false safety indication,"Inspect, clean, and recalibrate air quality sensors."
20.2,33,36,125.8,313,91.6,0,81.9,2.1.25 03:40,2,"Low Humidity, Low Moisture Level, Very Low Air Quality Reading, Low CO₂ Level","Risk of over-drying and aroma loss, Risk of excessive dryness and weight loss, Risk of sensor malfunction or false safety indication, Risk of excessive ventilation and energy wastage","Reduce dehumidifier usage and slightly increase ambient humidity., Balance humidity levels and avoid direct airflow on cinnamon stock., Inspect, clean, and recalibrate air quality sensors., Reduce ventilation intensity and maintain balanced airflow."
22.4,91.3,54.9,614.2,791.8,223.2,1,488.4,2.1.25 03:41,1,"High Humidity, Poor Air Quality, Motion Detected, Unexpected Light Level","Risk of mold, risk of Possible dust or smoke, risk of pests, Risk-Color may change","Activate dehumidifier., Ventilate and check air filters., Check premises immediately., Cover cinnamon stock with opaque sheets"
20,89.1,75,637.5,1366,392.9,1,457.2,2.1.25 03:42,1,"High Humidity, High Moisture Level, Poor Air Quality, High CO₂ Level, Motion Detected, Unexpected Light Level","Risk of mold, Risk of spoilage, risk of Possible dust or smoke, risk of Poor ventilation, risk of pests, Risk-Color may change","Activate dehumidifier., Investigate leaks and dry area., Ventilate and check air filters., Improve airflow/ventilation., Check premises immediately., Cover cinnamon stock with opaque sheets"
24.2,97.9,48.9,422.9,527.1,87.6,0,216.8,2.1.25 03:43,1,High Humidity,Risk of mold,Activate dehumidifier.
21.8,76.7,52.8,403.6,710.6,55.9,0,144.6,1.1.25 23:17,0,no,no,No action required.
23.1,85.3,45.6,747.7,586.5,245.5,0,210.5,1.1.25 23:18,1,"High Humidity, Poor Air Quality, Unexpected Light Level","Risk of mold, risk of Possible dust or smoke, Risk-Color may change","Activate dehumidifier., Ventilate and check air filters., Cover cinnamon stock with opaque sheets"
21.5,47.8,48.6,277.8,642.7,46,0,31,1.1.25 23:19,2,"Low Humidity, Very Low Air Quality Reading","Risk of over-drying and aroma loss, Risk of sensor malfunction or false safety indication","Reduce dehumidifier usage and slightly increase ambient humidity., Inspect, clean, and recalibrate air quality sensors."
23.6,68.8,54.2,510,716.4,46.6,0,284.4,1.1.25 23:20,0,no,no,No action required.
21.9,92.7,47.2,474.5,410.7,89.6,0,307.1,1.1.25 23:21,1,High Humidity,Risk of mold,Activate dehumidifier.
23.7,65.4,48.2,567.7,738.9,88.4,0,211,2.1.25 04:15,0,no,no,No action required.
36,96.6,70.6,502,415.4,76.6,0,325.7,1.1.25 20:36,1,"High Humidity, High Moisture Level, High Temperature","Risk of mold, Risk of spoilage, Risk of product degradation and Color may change","Activate dehumidifier., Investigate leaks and dry area., Increase ventilation/cooling."
22.3,85.5,48.7,744.7,497.8,144.6,1,286.3,1.1.25 20:37,1,"High Humidity, Poor Air Quality, Motion Detected","Risk of mold, risk of Possible dust or smoke, risk of pests","Activate dehumidifier., Ventilate and check air filters., Check premises immediately."
13.9,78.6,42.4,591.9,400.8,137.1,0,149.5,1.1.25 20:38,2,"Low Moisture Level, Low Temperature","Risk of excessive dryness and weight loss, Risk of condensation during temperature fluctuation","Balance humidity levels and avoid direct airflow on cinnamon stock., Stabilize temperature gradually and improve storage insulation."
23,72,48.9,571.4,492.6,72.1,0,97.7,1.1.25 20:39,0,no,no,No action required.
22.2,66.7,38.8,434.3,714.5,64.2,0,72.5,1.1.25 20:40,2,Low Moisture Level,Risk of excessive dryness and weight loss,Balance humidity levels and avoid direct airflow on cinnamon stock.
23.3,82.9,45.5,536.3,783.6,26.1,0,390.6,1.1.25 20:41,0,no,no,No action required.
35.5,75,52.6,477.6,1415,40.8,0,16,1.1.25 20:42,1,"High Temperature, High CO₂ Level","Risk of product degradation and Color may change, risk of Poor ventilation","Increase ventilation/cooling., Improve airflow/ventilation."
23.4,74.5,40.2,432.9,589.7,77.2,0,18,1.1.25 20:43,2,Low Moisture Level,Risk of excessive dryness and weight loss,Balance humidity levels and avoid direct airflow on cinnamon stock.
21.1,72.9,70.2,344.2,1336.7,124.5,0,343.7,1.1.25 20:44,1,"High Moisture Level, High CO₂ Level","Risk of spoilage, risk of Poor ventilation","Investigate leaks and dry area., Improve airflow/ventilation."
24.3,35.8,49.5,435.7,260.1,67.8,0,10.5,1.1.25 20:45,2,"Low Humidity, Low CO₂ Level","Risk of over-drying and aroma loss, Risk of excessive ventilation and energy wastage","Reduce dehumidifier usage and slightly increase ambient humidity., Reduce ventilation intensity and maintain balanced airflow."
36,60.5,50.4,866.1,620.1,29.4,0,486.4,1.1.25 20:46,1,"High Temperature, Poor Air Quality","Risk of product degradation and Color may change, risk of Possible dust or smoke","Increase ventilation/cooling., Ventilate and check air filters."
20.9,69.7,47.7,497.1,701,67.8,0,166.8,1.1.25 20:47,0,no,no,No action required.
24.8,75.9,51.2,625.3,497.3,124.3,1,203.4,1.1.25 00:17,1,"Poor Air Quality, Motion Detected","risk of Possible dust or smoke, risk of pests","Ventilate and check air filters., Check premises immediately."
22.9,80.6,45.3,561.2,762.2,20.8,0,137,1.1.25 00:18,0,no,no,No action required.
20.6,71.2,54.2,533.5,555.6,111,0,291.6,1.1.25 00:19,0,no,no,No action required.
20.3,64.1,78.8,312.6,808.2,382.6,0,214.2,1.1.25 00:20,1,"High Moisture Level, High CO₂ Level, Unexpected Light Level","Risk of spoilage, risk of Poor ventilation, Risk-Color may change","Investigate leaks and dry area., Improve airflow/ventilation., Cover cinnamon stock with opaque sheets"
23.2,80.5,50.6,445.2,557.8,131,0,440.2,1.1.25 00:21,0,no,no,No action required.
22.3,75.9,53.3,492.2,646.2,34.9,1,404.4,1.1.25 00:22,1,Motion Detected,risk of pests,Check premises immediately.
35.4,80.9,54.6,863.5,716.1,211.8,0,188,1.1.25 00:23,1,"High Temperature, Poor Air Quality, Unexpected Light Level","Risk of product degradation and Color may change, risk of Possible dust or smoke, Risk-Color may change","Increase ventilation/cooling., Ventilate and check air filters., Cover cinnamon stock with opaque sheets"
20.1,72.7,50.6,545.7,605.6,21.4,0,24.7,1.1.25 00:24,0,no,no,No action required.
24.8,75.9,51.2,625.3,497.3,124.3,1,203.4,1.1.25 00:17,1,"Poor Air Quality, Motion Detected","risk of Possible dust or smoke, risk of pests","Ventilate and check air filters., Check premises immediately."
22.9,80.6,45.3,561.2,762.2,20.8,0,137,1.1.25 00:18,0,no,no,No action required.
20.6,71.2,54.2,533.5,555.6,111,0,291.6,1.1.25 00:19,0,no,no,No action required.
20.3,64.1,78.8,312.6,808.2,382.6,0,214.2,1.1.25 00:20,1,"High Moisture Level, High CO₂ Level, Unexpected Light Level","Risk of spoilage, risk of Poor ventilation, Risk-Color may change","Investigate leaks and dry area., Improve airflow/ventilation., Cover cinnamon stock with opaque sheets"
23.2,80.5,50.6,445.2,557.8,131,0,440.2,1.1.25 00:21,0,no,no,No action required.
22.3,75.9,53.3,492.2,646.2,34.9,1,404.4,1.1.25 00:22,1,Motion Detected,risk of pests,Check premises immediately.
35.4,80.9,54.6,863.5,716.1,211.8,0,188,1.1.25 00:23,1,"High Temperature, Poor Air Quality, Unexpected Light Level","Risk of product degradation and Color may change, risk of Possible dust or smoke, Risk-Color may change","Increase ventilation/cooling., Ventilate and check air filters., Cover cinnamon stock with opaque sheets"
20.1,72.7,50.6,545.7,605.6,21.4,0,24.7,1.1.25 00:24,0,no,no,No action required.
24.8,75.9,51.2,625.3,497.3,124.3,1,203.4,1.1.25 00:17,1,"Poor Air Quality, Motion Detected","risk of Possible dust or smoke, risk of pests","Ventilate and check air filters., Check premises immediately."
22.9,80.6,45.3,561.2,762.2,20.8,0,137,1.1.25 00:18,0,no,no,No action required.
20.6,71.2,54.2,533.5,555.6,111,0,291.6,1.1.25 00:19,0,no,no,No action required.
20.3,64.1,78.8,312.6,808.2,382.6,0,214.2,1.1.25 00:20,1,"High Moisture Level, High CO₂ Level, Unexpected Light Level","Risk of spoilage, risk of Poor ventilation, Risk-Color may change","Investigate leaks and dry area., Improve airflow/ventilation., Cover cinnamon stock with opaque sheets"
23.2,80.5,50.6,445.2,557.8,131,0,440.2,1.1.25 00:21,0,no,no,No action required.
22.3,75.9,53.3,492.2,646.2,34.9,1,404.4,1.1.25 00:22,1,Motion Detected,risk of pests,Check premises immediately.
35.4,80.9,54.6,863.5,716.1,211.8,0,188,1.1.25 00:23,1,"High Temperature, Poor Air Quality, Unexpected Light Level","Risk of product degradation and Color may change, risk of Possible dust or smoke, Risk-Color may change","Increase ventilation/cooling., Ventilate and check air filters., Cover cinnamon stock with opaque sheets"
20.1,72.7,50.6,545.7,605.6,21.4,0,24.7,1.1.25 00:24,0,no,no,No action required.
